2025-07-02 09:16:04,980 INFO  - Token refreshed for user: muthu@gmail.com
2025-07-02 09:16:05,033 INFO  - Fetched all company names.
2025-07-02 09:16:05,061 INFO  - Fetched company for recruiterId=52f3dcc7-e7bb-4419-b8a9-9cfb2a6f8b9e
2025-07-02 09:16:05,061 INFO  - Fetched company for recruiterId=3dc93452-07a2-4843-a650-c7faed6fc07c
2025-07-02 09:16:05,062 INFO  - Fetched company for recruiterId=585999a5-de05-4b90-bbe4-5cc916da48a2
2025-07-02 09:16:05,070 INFO  - Fetched company for recruiterId=3dc93452-07a2-4843-a650-c7faed6fc07c
2025-07-02 09:16:05,070 INFO  - Fetched company for recruiterId=52f3dcc7-e7bb-4419-b8a9-9cfb2a6f8b9e
2025-07-02 09:16:05,072 INFO  - Fetched company for recruiterId=585999a5-de05-4b90-bbe4-5cc916da48a2
2025-07-02 09:16:05,077 INFO  - Fetched company for recruiterId=52f3dcc7-e7bb-4419-b8a9-9cfb2a6f8b9e
2025-07-02 09:16:05,078 INFO  - Fetched company for recruiterId=585999a5-de05-4b90-bbe4-5cc916da48a2
2025-07-02 09:16:05,084 INFO  - Fetched company for recruiterId=52f3dcc7-e7bb-4419-b8a9-9cfb2a6f8b9e
2025-07-02 09:16:05,092 INFO  - Fetched company for recruiterId=52f3dcc7-e7bb-4419-b8a9-9cfb2a6f8b9e
2025-07-02 09:20:19,403 INFO  - Fetched company for recruiterId=585999a5-de05-4b90-bbe4-5cc916da48a2
2025-07-02 09:20:19,410 INFO  - Fetched company for recruiterId=3dc93452-07a2-4843-a650-c7faed6fc07c
2025-07-02 09:20:19,417 INFO  - Fetched company for recruiterId=585999a5-de05-4b90-bbe4-5cc916da48a2
2025-07-02 09:20:19,418 INFO  - Fetched company for recruiterId=52f3dcc7-e7bb-4419-b8a9-9cfb2a6f8b9e
2025-07-02 09:20:19,430 INFO  - Fetched company for recruiterId=585999a5-de05-4b90-bbe4-5cc916da48a2
2025-07-02 09:20:20,459 INFO  - Fetched company for recruiterId=585999a5-de05-4b90-bbe4-5cc916da48a2
2025-07-02 09:20:20,466 INFO  - Fetched company for recruiterId=3dc93452-07a2-4843-a650-c7faed6fc07c
2025-07-02 09:20:20,471 INFO  - Fetched company for recruiterId=52f3dcc7-e7bb-4419-b8a9-9cfb2a6f8b9e
2025-07-02 09:20:20,471 INFO  - Fetched company for recruiterId=585999a5-de05-4b90-bbe4-5cc916da48a2
2025-07-02 09:20:20,490 INFO  - Fetched company for recruiterId=585999a5-de05-4b90-bbe4-5cc916da48a2
2025-07-02 09:20:20,499 INFO  - Fetched company for recruiterId=52f3dcc7-e7bb-4419-b8a9-9cfb2a6f8b9e
2025-07-02 09:20:20,547 INFO  - Fetched company for recruiterId=52f3dcc7-e7bb-4419-b8a9-9cfb2a6f8b9e
2025-07-02 09:20:20,567 INFO  - Fetched company for recruiterId=52f3dcc7-e7bb-4419-b8a9-9cfb2a6f8b9e
2025-07-02 09:20:20,584 INFO  - Fetched company for recruiterId=52f3dcc7-e7bb-4419-b8a9-9cfb2a6f8b9e
2025-07-02 09:20:20,597 INFO  - Fetched company for recruiterId=52f3dcc7-e7bb-4419-b8a9-9cfb2a6f8b9e
2025-07-02 09:20:22,384 INFO  - Fetched all company names.
2025-07-02 09:20:22,416 INFO  - Fetched company for recruiterId=585999a5-de05-4b90-bbe4-5cc916da48a2
2025-07-02 09:20:22,431 INFO  - Fetched company for recruiterId=585999a5-de05-4b90-bbe4-5cc916da48a2
2025-07-02 09:20:22,431 INFO  - Fetched company for recruiterId=3dc93452-07a2-4843-a650-c7faed6fc07c
2025-07-02 09:20:22,438 INFO  - Fetched company for recruiterId=52f3dcc7-e7bb-4419-b8a9-9cfb2a6f8b9e
2025-07-02 09:20:22,451 INFO  - Fetched company for recruiterId=585999a5-de05-4b90-bbe4-5cc916da48a2
2025-07-02 09:20:22,452 INFO  - Fetched company for recruiterId=3dc93452-07a2-4843-a650-c7faed6fc07c
2025-07-02 09:20:22,457 INFO  - Fetched company for recruiterId=52f3dcc7-e7bb-4419-b8a9-9cfb2a6f8b9e
2025-07-02 09:20:22,466 INFO  - Fetched company for recruiterId=52f3dcc7-e7bb-4419-b8a9-9cfb2a6f8b9e
2025-07-02 09:20:22,523 INFO  - Fetched company for recruiterId=52f3dcc7-e7bb-4419-b8a9-9cfb2a6f8b9e
2025-07-02 09:20:22,597 INFO  - Fetched company for recruiterId=52f3dcc7-e7bb-4419-b8a9-9cfb2a6f8b9e
2025-07-02 09:20:26,438 INFO  - Fetched company for recruiterId=585999a5-de05-4b90-bbe4-5cc916da48a2
2025-07-02 09:20:26,444 INFO  - Fetched company for recruiterId=3dc93452-07a2-4843-a650-c7faed6fc07c
2025-07-02 09:20:26,446 INFO  - Fetched company for recruiterId=52f3dcc7-e7bb-4419-b8a9-9cfb2a6f8b9e
2025-07-02 09:20:26,446 INFO  - Fetched company for recruiterId=585999a5-de05-4b90-bbe4-5cc916da48a2
2025-07-02 09:20:26,455 INFO  - Fetched company for recruiterId=585999a5-de05-4b90-bbe4-5cc916da48a2
2025-07-02 09:20:31,838 INFO  - User logged out: muthu@gmail.com
2025-07-02 09:28:58,282 INFO  - Seeker registered: Email = muthukaruppan340@gmail.com, SeekerId = Muthu
2025-07-02 09:30:12,785 INFO  - Fetched all skills.
2025-07-02 09:30:44,304 INFO  - Seeker registered: Email = muthukaruppan2003@gmail.com, SeekerId = Muthu
2025-07-02 09:31:03,694 INFO  - User logged in: muthukaruppan2003@gmail.com
2025-07-02 09:31:15,493 INFO  - Fetched company for recruiterId=3dc93452-07a2-4843-a650-c7faed6fc07c
2025-07-02 09:31:15,514 INFO  - Fetched company for recruiterId=3dc93452-07a2-4843-a650-c7faed6fc07c
2025-07-02 09:31:16,679 INFO  - Fetched all company names.
2025-07-02 09:31:16,731 INFO  - Fetched company for recruiterId=585999a5-de05-4b90-bbe4-5cc916da48a2
2025-07-02 09:31:16,731 INFO  - Fetched company for recruiterId=3dc93452-07a2-4843-a650-c7faed6fc07c
2025-07-02 09:31:16,735 INFO  - Fetched company for recruiterId=52f3dcc7-e7bb-4419-b8a9-9cfb2a6f8b9e
2025-07-02 09:31:16,741 INFO  - Fetched company for recruiterId=585999a5-de05-4b90-bbe4-5cc916da48a2
2025-07-02 09:31:16,741 INFO  - Fetched company for recruiterId=3dc93452-07a2-4843-a650-c7faed6fc07c
2025-07-02 09:31:16,745 INFO  - Fetched company for recruiterId=52f3dcc7-e7bb-4419-b8a9-9cfb2a6f8b9e
2025-07-02 09:31:16,753 INFO  - Fetched company for recruiterId=585999a5-de05-4b90-bbe4-5cc916da48a2
2025-07-02 09:31:16,762 INFO  - Fetched company for recruiterId=52f3dcc7-e7bb-4419-b8a9-9cfb2a6f8b9e
2025-07-02 09:31:16,776 INFO  - Fetched company for recruiterId=52f3dcc7-e7bb-4419-b8a9-9cfb2a6f8b9e
2025-07-02 09:31:16,798 INFO  - Fetched company for recruiterId=52f3dcc7-e7bb-4419-b8a9-9cfb2a6f8b9e
2025-07-02 09:31:54,400 INFO  - Resume uploaded: SeekerId = 2da039e7-95ef-483f-b6aa-d0732386f5c6, JobPostId = 4ff31831-2050-4fc5-986d-1690cf4f62b5
2025-07-02 09:31:54,401 INFO  - Job application created for SeekerId = 2da039e7-95ef-483f-b6aa-d0732386f5c6, JobPostId = 4ff31831-2050-4fc5-986d-1690cf4f62b5
2025-07-02 09:31:56,225 INFO  - Fetched company for recruiterId=3dc93452-07a2-4843-a650-c7faed6fc07c
2025-07-02 09:31:56,235 INFO  - Fetched company for recruiterId=3dc93452-07a2-4843-a650-c7faed6fc07c
2025-07-02 09:31:58,334 INFO  - Fetched company for recruiterId=3dc93452-07a2-4843-a650-c7faed6fc07c
2025-07-02 09:31:58,342 INFO  - Fetched company for recruiterId=3dc93452-07a2-4843-a650-c7faed6fc07c
2025-07-02 09:31:58,984 INFO  - Fetched all company names.
2025-07-02 09:31:59,003 INFO  - Fetched company for recruiterId=585999a5-de05-4b90-bbe4-5cc916da48a2
2025-07-02 09:31:59,003 INFO  - Fetched company for recruiterId=3dc93452-07a2-4843-a650-c7faed6fc07c
2025-07-02 09:31:59,004 INFO  - Fetched company for recruiterId=52f3dcc7-e7bb-4419-b8a9-9cfb2a6f8b9e
2025-07-02 09:31:59,013 INFO  - Fetched company for recruiterId=3dc93452-07a2-4843-a650-c7faed6fc07c
2025-07-02 09:31:59,014 INFO  - Fetched company for recruiterId=585999a5-de05-4b90-bbe4-5cc916da48a2
2025-07-02 09:31:59,014 INFO  - Fetched company for recruiterId=52f3dcc7-e7bb-4419-b8a9-9cfb2a6f8b9e
2025-07-02 09:31:59,026 INFO  - Fetched company for recruiterId=585999a5-de05-4b90-bbe4-5cc916da48a2
2025-07-02 09:31:59,026 INFO  - Fetched company for recruiterId=52f3dcc7-e7bb-4419-b8a9-9cfb2a6f8b9e
2025-07-02 09:31:59,039 INFO  - Fetched company for recruiterId=52f3dcc7-e7bb-4419-b8a9-9cfb2a6f8b9e
2025-07-02 09:31:59,051 INFO  - Fetched company for recruiterId=52f3dcc7-e7bb-4419-b8a9-9cfb2a6f8b9e
2025-07-02 09:33:04,542 INFO  - User logged out: muthukaruppan2003@gmail.com
2025-07-02 09:33:14,110 INFO  - User logged in: muthukaruppanaakash76@gmail.com
2025-07-02 09:33:17,638 INFO  - Fetched company for recruiterId=3dc93452-07a2-4843-a650-c7faed6fc07c
2025-07-02 09:33:18,199 INFO  - Fetched company for recruiterId=3dc93452-07a2-4843-a650-c7faed6fc07c
2025-07-02 09:33:18,205 INFO  - Fetched company for recruiterId=3dc93452-07a2-4843-a650-c7faed6fc07c
2025-07-02 09:33:18,211 INFO  - Fetched company for recruiterId=3dc93452-07a2-4843-a650-c7faed6fc07c
2025-07-02 09:33:18,218 INFO  - Fetched company for recruiterId=3dc93452-07a2-4843-a650-c7faed6fc07c
2025-07-02 09:34:35,987 INFO  - User logged out: muthukaruppanaakash76@gmail.com
2025-07-02 09:34:52,507 INFO  - User logged in: muthukaruppan2003@gmail.com
2025-07-02 09:34:56,473 INFO  - Fetched all company names.
2025-07-02 09:34:56,493 INFO  - Fetched company for recruiterId=585999a5-de05-4b90-bbe4-5cc916da48a2
2025-07-02 09:34:56,493 INFO  - Fetched company for recruiterId=3dc93452-07a2-4843-a650-c7faed6fc07c
2025-07-02 09:34:56,493 INFO  - Fetched company for recruiterId=52f3dcc7-e7bb-4419-b8a9-9cfb2a6f8b9e
2025-07-02 09:34:56,503 INFO  - Fetched company for recruiterId=585999a5-de05-4b90-bbe4-5cc916da48a2
2025-07-02 09:34:56,504 INFO  - Fetched company for recruiterId=3dc93452-07a2-4843-a650-c7faed6fc07c
2025-07-02 09:34:56,504 INFO  - Fetched company for recruiterId=52f3dcc7-e7bb-4419-b8a9-9cfb2a6f8b9e
2025-07-02 09:34:56,512 INFO  - Fetched company for recruiterId=585999a5-de05-4b90-bbe4-5cc916da48a2
2025-07-02 09:34:56,515 INFO  - Fetched company for recruiterId=52f3dcc7-e7bb-4419-b8a9-9cfb2a6f8b9e
2025-07-02 09:34:56,522 INFO  - Fetched company for recruiterId=52f3dcc7-e7bb-4419-b8a9-9cfb2a6f8b9e
2025-07-02 09:34:56,544 INFO  - Fetched company for recruiterId=52f3dcc7-e7bb-4419-b8a9-9cfb2a6f8b9e
2025-07-02 09:35:54,941 INFO  - Resume uploaded: SeekerId = 2da039e7-95ef-483f-b6aa-d0732386f5c6, JobPostId = 4e6a8c17-fed2-4c37-a515-a19df84f1eb8
2025-07-02 09:35:54,941 INFO  - Job application created for SeekerId = 2da039e7-95ef-483f-b6aa-d0732386f5c6, JobPostId = 4e6a8c17-fed2-4c37-a515-a19df84f1eb8
2025-07-02 09:36:02,970 INFO  - User logged out: muthukaruppan2003@gmail.com
2025-07-02 09:36:18,653 INFO  - User logged in: muthu@gmail.com
2025-07-02 09:36:30,509 INFO  - User logged out: muthu@gmail.com
2025-07-02 09:36:50,418 INFO  - User logged in: muthukaruppanaakash76@gmail.com
2025-07-02 09:36:52,458 INFO  - Fetched company for recruiterId=3dc93452-07a2-4843-a650-c7faed6fc07c
2025-07-02 09:36:53,782 INFO  - Fetched company for recruiterId=3dc93452-07a2-4843-a650-c7faed6fc07c
2025-07-02 09:36:53,789 INFO  - Fetched company for recruiterId=3dc93452-07a2-4843-a650-c7faed6fc07c
2025-07-02 09:36:53,796 INFO  - Fetched company for recruiterId=3dc93452-07a2-4843-a650-c7faed6fc07c
2025-07-02 09:36:53,803 INFO  - Fetched company for recruiterId=3dc93452-07a2-4843-a650-c7faed6fc07c
2025-07-02 09:37:22,759 INFO  - Resume downloaded: SeekerId = 637f3638-b296-4f0d-bb3c-5a65a7f8baed, JobPostId = 4e6a8c17-fed2-4c37-a515-a19df84f1eb8
2025-07-02 09:37:26,775 INFO  - Resume downloaded: SeekerId = 2da039e7-95ef-483f-b6aa-d0732386f5c6, JobPostId = 4e6a8c17-fed2-4c37-a515-a19df84f1eb8
2025-07-02 09:37:30,810 INFO  - Fetched company for recruiterId=3dc93452-07a2-4843-a650-c7faed6fc07c
2025-07-02 09:37:30,816 INFO  - Fetched company for recruiterId=3dc93452-07a2-4843-a650-c7faed6fc07c
2025-07-02 09:37:30,823 INFO  - Fetched company for recruiterId=3dc93452-07a2-4843-a650-c7faed6fc07c
2025-07-02 09:37:30,829 INFO  - Fetched company for recruiterId=3dc93452-07a2-4843-a650-c7faed6fc07c
2025-07-02 09:37:39,647 INFO  - Fetched company for recruiterId=3dc93452-07a2-4843-a650-c7faed6fc07c
2025-07-02 09:37:39,655 INFO  - Fetched company for recruiterId=3dc93452-07a2-4843-a650-c7faed6fc07c
2025-07-02 09:37:39,662 INFO  - Fetched company for recruiterId=3dc93452-07a2-4843-a650-c7faed6fc07c
2025-07-02 09:37:39,669 INFO  - Fetched company for recruiterId=3dc93452-07a2-4843-a650-c7faed6fc07c
2025-07-02 09:37:43,127 INFO  - User logged out: muthukaruppanaakash76@gmail.com
2025-07-02 09:37:57,601 INFO  - User logged in: muthukaruppan2003@gmail.com
2025-07-02 09:42:26,494 INFO  - Fetched all company names.
2025-07-02 09:42:26,522 INFO  - Fetched company for recruiterId=585999a5-de05-4b90-bbe4-5cc916da48a2
2025-07-02 09:42:26,522 INFO  - Fetched company for recruiterId=3dc93452-07a2-4843-a650-c7faed6fc07c
2025-07-02 09:42:26,532 INFO  - Fetched company for recruiterId=585999a5-de05-4b90-bbe4-5cc916da48a2
2025-07-02 09:42:26,532 INFO  - Fetched company for recruiterId=3dc93452-07a2-4843-a650-c7faed6fc07c
2025-07-02 09:42:26,535 INFO  - Fetched company for recruiterId=52f3dcc7-e7bb-4419-b8a9-9cfb2a6f8b9e
2025-07-02 09:42:26,542 INFO  - Fetched company for recruiterId=585999a5-de05-4b90-bbe4-5cc916da48a2
2025-07-02 09:42:26,544 INFO  - Fetched company for recruiterId=52f3dcc7-e7bb-4419-b8a9-9cfb2a6f8b9e
2025-07-02 09:42:26,555 INFO  - Fetched company for recruiterId=52f3dcc7-e7bb-4419-b8a9-9cfb2a6f8b9e
2025-07-02 09:42:26,565 INFO  - Fetched company for recruiterId=52f3dcc7-e7bb-4419-b8a9-9cfb2a6f8b9e
2025-07-02 09:42:26,575 INFO  - Fetched company for recruiterId=52f3dcc7-e7bb-4419-b8a9-9cfb2a6f8b9e
2025-07-02 09:42:35,545 INFO  - User logged out: muthukaruppan2003@gmail.com
2025-07-02 09:42:46,735 INFO  - User logged in: muthu@gmail.com
2025-07-02 09:42:53,714 INFO  - Updated seeker details for muthu@gmail.com (ID: 637f3638-b296-4f0d-bb3c-5a65a7f8baed)
2025-07-02 09:43:57,773 INFO  - User logged in: muthukaruppan2003@gmail.com
2025-07-02 09:45:27,307 INFO  - Updated skills for seeker muthukaruppan2003@gmail.com (ID: 2da039e7-95ef-483f-b6aa-d0732386f5c6) with skills: Node.js, MongoDB
2025-07-02 09:45:37,667 INFO  - Fetched company for recruiterId=585999a5-de05-4b90-bbe4-5cc916da48a2
2025-07-02 09:45:37,667 INFO  - Fetched company for recruiterId=52f3dcc7-e7bb-4419-b8a9-9cfb2a6f8b9e
2025-07-02 09:45:37,667 INFO  - Fetched company for recruiterId=3dc93452-07a2-4843-a650-c7faed6fc07c
2025-07-02 09:45:37,677 INFO  - Fetched company for recruiterId=52f3dcc7-e7bb-4419-b8a9-9cfb2a6f8b9e
2025-07-02 09:45:37,677 INFO  - Fetched company for recruiterId=585999a5-de05-4b90-bbe4-5cc916da48a2
2025-07-02 09:45:37,685 INFO  - Fetched company for recruiterId=585999a5-de05-4b90-bbe4-5cc916da48a2
2025-07-02 09:45:37,685 INFO  - Fetched company for recruiterId=52f3dcc7-e7bb-4419-b8a9-9cfb2a6f8b9e
2025-07-02 09:45:37,699 INFO  - Fetched company for recruiterId=52f3dcc7-e7bb-4419-b8a9-9cfb2a6f8b9e
2025-07-02 09:45:37,709 INFO  - Fetched company for recruiterId=52f3dcc7-e7bb-4419-b8a9-9cfb2a6f8b9e
2025-07-02 09:45:37,718 INFO  - Fetched company for recruiterId=52f3dcc7-e7bb-4419-b8a9-9cfb2a6f8b9e
2025-07-02 09:45:40,222 INFO  - User logged out: muthu@gmail.com
2025-07-02 09:45:50,771 INFO  - User logged in: muthu@gmail.com
2025-07-02 09:45:58,494 INFO  - User logged out: muthu@gmail.com
2025-07-02 09:46:05,811 INFO  - User logged in: muthukaruppanaakash76@gmail.com
2025-07-02 09:46:09,126 INFO  - Fetched company for recruiterId=3dc93452-07a2-4843-a650-c7faed6fc07c
2025-07-02 09:46:10,068 INFO  - Fetched company for recruiterId=3dc93452-07a2-4843-a650-c7faed6fc07c
2025-07-02 09:46:10,075 INFO  - Fetched company for recruiterId=3dc93452-07a2-4843-a650-c7faed6fc07c
2025-07-02 09:46:10,082 INFO  - Fetched company for recruiterId=3dc93452-07a2-4843-a650-c7faed6fc07c
2025-07-02 09:46:10,088 INFO  - Fetched company for recruiterId=3dc93452-07a2-4843-a650-c7faed6fc07c
2025-07-02 09:46:18,758 INFO  - Resume downloaded: SeekerId = 637f3638-b296-4f0d-bb3c-5a65a7f8baed, JobPostId = 4e6a8c17-fed2-4c37-a515-a19df84f1eb8
2025-07-02 09:46:21,332 INFO  - Resume downloaded: SeekerId = 2da039e7-95ef-483f-b6aa-d0732386f5c6, JobPostId = 4e6a8c17-fed2-4c37-a515-a19df84f1eb8
2025-07-02 09:46:25,653 INFO  - Fetched company for recruiterId=3dc93452-07a2-4843-a650-c7faed6fc07c
2025-07-02 09:46:25,664 INFO  - Fetched company for recruiterId=3dc93452-07a2-4843-a650-c7faed6fc07c
2025-07-02 09:46:25,672 INFO  - Fetched company for recruiterId=3dc93452-07a2-4843-a650-c7faed6fc07c
2025-07-02 09:46:25,683 INFO  - Fetched company for recruiterId=3dc93452-07a2-4843-a650-c7faed6fc07c
2025-07-02 09:46:31,093 INFO  - Fetched company for recruiterId=3dc93452-07a2-4843-a650-c7faed6fc07c
2025-07-02 09:46:31,810 INFO  - Fetched company for recruiterId=3dc93452-07a2-4843-a650-c7faed6fc07c
2025-07-02 09:46:31,816 INFO  - Fetched company for recruiterId=3dc93452-07a2-4843-a650-c7faed6fc07c
2025-07-02 09:46:31,822 INFO  - Fetched company for recruiterId=3dc93452-07a2-4843-a650-c7faed6fc07c
2025-07-02 09:46:31,828 INFO  - Fetched company for recruiterId=3dc93452-07a2-4843-a650-c7faed6fc07c
2025-07-02 09:46:37,288 INFO  - Resume downloaded: SeekerId = 2da039e7-95ef-483f-b6aa-d0732386f5c6, JobPostId = 4e6a8c17-fed2-4c37-a515-a19df84f1eb8
2025-07-02 09:46:43,717 INFO  - Resume downloaded: SeekerId = 637f3638-b296-4f0d-bb3c-5a65a7f8baed, JobPostId = 4e6a8c17-fed2-4c37-a515-a19df84f1eb8
2025-07-02 09:48:11,647 INFO  - Fetched company for recruiterId=3dc93452-07a2-4843-a650-c7faed6fc07c
2025-07-02 09:48:11,657 INFO  - Fetched company for recruiterId=3dc93452-07a2-4843-a650-c7faed6fc07c
2025-07-02 09:48:11,665 INFO  - Fetched company for recruiterId=3dc93452-07a2-4843-a650-c7faed6fc07c
2025-07-02 09:48:11,673 INFO  - Fetched company for recruiterId=3dc93452-07a2-4843-a650-c7faed6fc07c
2025-07-02 09:48:46,199 INFO  - Fetched company for recruiterId=3dc93452-07a2-4843-a650-c7faed6fc07c
2025-07-02 09:48:46,210 INFO  - Fetched company for recruiterId=3dc93452-07a2-4843-a650-c7faed6fc07c
2025-07-02 09:48:46,218 INFO  - Fetched company for recruiterId=3dc93452-07a2-4843-a650-c7faed6fc07c
2025-07-02 09:48:46,228 INFO  - Fetched company for recruiterId=3dc93452-07a2-4843-a650-c7faed6fc07c
2025-07-02 09:49:29,526 INFO  - Fetched company for recruiterId=3dc93452-07a2-4843-a650-c7faed6fc07c
2025-07-02 09:49:29,534 INFO  - Fetched company for recruiterId=3dc93452-07a2-4843-a650-c7faed6fc07c
2025-07-02 09:49:29,543 INFO  - Fetched company for recruiterId=3dc93452-07a2-4843-a650-c7faed6fc07c
2025-07-02 09:49:29,549 INFO  - Fetched company for recruiterId=3dc93452-07a2-4843-a650-c7faed6fc07c
2025-07-02 09:50:23,248 INFO  - Fetched company for recruiterId=3dc93452-07a2-4843-a650-c7faed6fc07c
2025-07-02 09:50:23,258 INFO  - Fetched company for recruiterId=3dc93452-07a2-4843-a650-c7faed6fc07c
2025-07-02 09:50:23,268 INFO  - Fetched company for recruiterId=3dc93452-07a2-4843-a650-c7faed6fc07c
2025-07-02 09:50:23,278 INFO  - Fetched company for recruiterId=3dc93452-07a2-4843-a650-c7faed6fc07c
2025-07-02 09:52:09,351 INFO  - Fetched company for recruiterId=3dc93452-07a2-4843-a650-c7faed6fc07c
2025-07-02 09:52:09,359 INFO  - Fetched company for recruiterId=3dc93452-07a2-4843-a650-c7faed6fc07c
2025-07-02 09:52:09,369 INFO  - Fetched company for recruiterId=3dc93452-07a2-4843-a650-c7faed6fc07c
2025-07-02 09:52:09,379 INFO  - Fetched company for recruiterId=3dc93452-07a2-4843-a650-c7faed6fc07c
2025-07-02 09:52:12,371 INFO  - User logged out: muthukaruppanaakash76@gmail.com
2025-07-02 09:52:29,503 INFO  - User logged in: muthu@gmail.com
2025-07-02 10:03:12,948 INFO  - Updated skills for seeker muthu@gmail.com (ID: 637f3638-b296-4f0d-bb3c-5a65a7f8baed) with skills: React
2025-07-02 10:03:56,654 INFO  - Fetched all company names.
2025-07-02 10:03:56,692 INFO  - Fetched company for recruiterId=3dc93452-07a2-4843-a650-c7faed6fc07c
2025-07-02 10:03:56,693 INFO  - Fetched company for recruiterId=585999a5-de05-4b90-bbe4-5cc916da48a2
2025-07-02 10:03:56,702 INFO  - Fetched company for recruiterId=585999a5-de05-4b90-bbe4-5cc916da48a2
2025-07-02 10:03:56,703 INFO  - Fetched company for recruiterId=3dc93452-07a2-4843-a650-c7faed6fc07c
2025-07-02 10:03:56,708 INFO  - Fetched company for recruiterId=52f3dcc7-e7bb-4419-b8a9-9cfb2a6f8b9e
2025-07-02 10:03:56,716 INFO  - Fetched company for recruiterId=585999a5-de05-4b90-bbe4-5cc916da48a2
2025-07-02 10:03:56,722 INFO  - Fetched company for recruiterId=52f3dcc7-e7bb-4419-b8a9-9cfb2a6f8b9e
2025-07-02 10:03:56,735 INFO  - Fetched company for recruiterId=52f3dcc7-e7bb-4419-b8a9-9cfb2a6f8b9e
2025-07-02 10:03:56,746 INFO  - Fetched company for recruiterId=52f3dcc7-e7bb-4419-b8a9-9cfb2a6f8b9e
2025-07-02 10:03:56,753 INFO  - Fetched company for recruiterId=52f3dcc7-e7bb-4419-b8a9-9cfb2a6f8b9e
2025-07-02 10:04:05,460 INFO  - Fetched all company names.
2025-07-02 10:04:05,480 INFO  - Fetched company for recruiterId=585999a5-de05-4b90-bbe4-5cc916da48a2
2025-07-02 10:04:05,480 INFO  - Fetched company for recruiterId=52f3dcc7-e7bb-4419-b8a9-9cfb2a6f8b9e
2025-07-02 10:04:05,483 INFO  - Fetched company for recruiterId=3dc93452-07a2-4843-a650-c7faed6fc07c
2025-07-02 10:04:05,493 INFO  - Fetched company for recruiterId=585999a5-de05-4b90-bbe4-5cc916da48a2
2025-07-02 10:04:05,494 INFO  - Fetched company for recruiterId=3dc93452-07a2-4843-a650-c7faed6fc07c
2025-07-02 10:04:05,494 INFO  - Fetched company for recruiterId=52f3dcc7-e7bb-4419-b8a9-9cfb2a6f8b9e
2025-07-02 10:04:05,514 INFO  - Fetched company for recruiterId=52f3dcc7-e7bb-4419-b8a9-9cfb2a6f8b9e
2025-07-02 10:04:05,515 INFO  - Fetched company for recruiterId=585999a5-de05-4b90-bbe4-5cc916da48a2
2025-07-02 10:04:05,538 INFO  - Fetched company for recruiterId=52f3dcc7-e7bb-4419-b8a9-9cfb2a6f8b9e
2025-07-02 10:04:05,551 INFO  - Fetched company for recruiterId=52f3dcc7-e7bb-4419-b8a9-9cfb2a6f8b9e
2025-07-02 10:04:20,256 INFO  - Seeker registered: Email = muthukaruppan2@gmail.com, SeekerId = Muthu
2025-07-02 10:04:25,374 INFO  - User logged out: muthu@gmail.com
2025-07-02 10:05:01,102 INFO  - User logged in: muthukaruppan2@gmail.com
2025-07-02 10:05:04,786 INFO  - Fetched all company names.
2025-07-02 10:05:04,804 INFO  - Fetched company for recruiterId=585999a5-de05-4b90-bbe4-5cc916da48a2
2025-07-02 10:05:04,806 INFO  - Fetched company for recruiterId=3dc93452-07a2-4843-a650-c7faed6fc07c
2025-07-02 10:05:04,806 INFO  - Fetched company for recruiterId=52f3dcc7-e7bb-4419-b8a9-9cfb2a6f8b9e
2025-07-02 10:05:04,817 INFO  - Fetched company for recruiterId=52f3dcc7-e7bb-4419-b8a9-9cfb2a6f8b9e
2025-07-02 10:05:04,817 INFO  - Fetched company for recruiterId=585999a5-de05-4b90-bbe4-5cc916da48a2
2025-07-02 10:05:04,817 INFO  - Fetched company for recruiterId=3dc93452-07a2-4843-a650-c7faed6fc07c
2025-07-02 10:05:04,825 INFO  - Fetched company for recruiterId=52f3dcc7-e7bb-4419-b8a9-9cfb2a6f8b9e
2025-07-02 10:05:04,831 INFO  - Fetched company for recruiterId=585999a5-de05-4b90-bbe4-5cc916da48a2
2025-07-02 10:05:04,845 INFO  - Fetched company for recruiterId=52f3dcc7-e7bb-4419-b8a9-9cfb2a6f8b9e
2025-07-02 10:05:04,860 INFO  - Fetched company for recruiterId=52f3dcc7-e7bb-4419-b8a9-9cfb2a6f8b9e
2025-07-02 10:05:13,895 INFO  - Resume uploaded: SeekerId = 1a09fe0c-e924-498f-815b-43a70a24e5c8, JobPostId = 4e6a8c17-fed2-4c37-a515-a19df84f1eb8
2025-07-02 10:05:13,896 INFO  - Job application created for SeekerId = 1a09fe0c-e924-498f-815b-43a70a24e5c8, JobPostId = 4e6a8c17-fed2-4c37-a515-a19df84f1eb8
2025-07-02 10:05:24,057 INFO  - Updated skills for seeker muthukaruppan2@gmail.com (ID: 1a09fe0c-e924-498f-815b-43a70a24e5c8) with skills: Node.js, Express
2025-07-02 10:05:26,223 INFO  - Fetched company for recruiterId=585999a5-de05-4b90-bbe4-5cc916da48a2
2025-07-02 10:05:26,224 INFO  - Fetched company for recruiterId=3dc93452-07a2-4843-a650-c7faed6fc07c
2025-07-02 10:05:26,232 INFO  - Fetched company for recruiterId=3dc93452-07a2-4843-a650-c7faed6fc07c
2025-07-02 10:05:26,232 INFO  - Fetched company for recruiterId=585999a5-de05-4b90-bbe4-5cc916da48a2
2025-07-02 10:05:26,241 INFO  - Fetched company for recruiterId=3dc93452-07a2-4843-a650-c7faed6fc07c
2025-07-02 10:05:32,104 INFO  - Fetched company for recruiterId=585999a5-de05-4b90-bbe4-5cc916da48a2
2025-07-02 10:05:32,104 INFO  - Fetched company for recruiterId=3dc93452-07a2-4843-a650-c7faed6fc07c
2025-07-02 10:05:32,113 INFO  - Fetched company for recruiterId=585999a5-de05-4b90-bbe4-5cc916da48a2
2025-07-02 10:05:32,113 INFO  - Fetched company for recruiterId=3dc93452-07a2-4843-a650-c7faed6fc07c
2025-07-02 10:05:32,123 INFO  - Fetched company for recruiterId=3dc93452-07a2-4843-a650-c7faed6fc07c
2025-07-02 10:05:35,668 INFO  - User logged out: muthukaruppan2@gmail.com
2025-07-02 10:05:45,869 INFO  - User logged in: muthukaruppanaakash76@gmail.com
2025-07-02 10:05:49,646 INFO  - Fetched company for recruiterId=3dc93452-07a2-4843-a650-c7faed6fc07c
2025-07-02 10:05:49,652 INFO  - Fetched company for recruiterId=3dc93452-07a2-4843-a650-c7faed6fc07c
2025-07-02 10:05:49,660 INFO  - Fetched company for recruiterId=3dc93452-07a2-4843-a650-c7faed6fc07c
2025-07-02 10:05:49,667 INFO  - Fetched company for recruiterId=3dc93452-07a2-4843-a650-c7faed6fc07c
2025-07-02 10:05:54,788 INFO  - Resume downloaded: SeekerId = 1a09fe0c-e924-498f-815b-43a70a24e5c8, JobPostId = 4e6a8c17-fed2-4c37-a515-a19df84f1eb8
2025-07-02 10:06:03,048 INFO  - Resume downloaded: SeekerId = 1a09fe0c-e924-498f-815b-43a70a24e5c8, JobPostId = 4e6a8c17-fed2-4c37-a515-a19df84f1eb8
2025-07-02 10:06:13,888 INFO  - Fetched all skills.
2025-07-02 10:06:16,675 INFO  - Fetched company for recruiterId=3dc93452-07a2-4843-a650-c7faed6fc07c
2025-07-02 10:06:16,681 INFO  - Fetched company for recruiterId=3dc93452-07a2-4843-a650-c7faed6fc07c
2025-07-02 10:06:16,688 INFO  - Fetched company for recruiterId=3dc93452-07a2-4843-a650-c7faed6fc07c
2025-07-02 10:06:16,694 INFO  - Fetched company for recruiterId=3dc93452-07a2-4843-a650-c7faed6fc07c
2025-07-02 10:06:19,968 INFO  - Fetched company for recruiterId=3dc93452-07a2-4843-a650-c7faed6fc07c
2025-07-02 10:06:20,976 INFO  - Fetched company for recruiterId=3dc93452-07a2-4843-a650-c7faed6fc07c
2025-07-02 10:06:20,981 INFO  - Fetched company for recruiterId=3dc93452-07a2-4843-a650-c7faed6fc07c
2025-07-02 10:06:20,989 INFO  - Fetched company for recruiterId=3dc93452-07a2-4843-a650-c7faed6fc07c
2025-07-02 10:06:20,994 INFO  - Fetched company for recruiterId=3dc93452-07a2-4843-a650-c7faed6fc07c
2025-07-02 10:07:10,008 INFO  - Resume downloaded: SeekerId = 637f3638-b296-4f0d-bb3c-5a65a7f8baed, JobPostId = 4e6a8c17-fed2-4c37-a515-a19df84f1eb8
2025-07-02 10:07:19,731 INFO  - User logged out: muthukaruppanaakash76@gmail.com
2025-07-02 10:07:56,021 INFO  - User logged in: muthu@gmail.com
2025-07-02 10:08:50,590 INFO  - Updated experiences for seeker muthu@gmail.com (ID: 637f3638-b296-4f0d-bb3c-5a65a7f8baed)
2025-07-02 10:08:54,359 INFO  - User logged out: muthu@gmail.com
2025-07-02 10:09:12,152 INFO  - User logged in: muthukaruppanaakash76@gmail.com
2025-07-02 10:09:14,193 INFO  - Fetched company for recruiterId=3dc93452-07a2-4843-a650-c7faed6fc07c
2025-07-02 10:09:15,463 INFO  - Fetched company for recruiterId=3dc93452-07a2-4843-a650-c7faed6fc07c
2025-07-02 10:09:15,469 INFO  - Fetched company for recruiterId=3dc93452-07a2-4843-a650-c7faed6fc07c
2025-07-02 10:09:15,475 INFO  - Fetched company for recruiterId=3dc93452-07a2-4843-a650-c7faed6fc07c
2025-07-02 10:09:15,482 INFO  - Fetched company for recruiterId=3dc93452-07a2-4843-a650-c7faed6fc07c
2025-07-02 10:09:29,555 INFO  - Fetched company for recruiterId=3dc93452-07a2-4843-a650-c7faed6fc07c
2025-07-02 10:09:30,900 INFO  - Fetched company for recruiterId=3dc93452-07a2-4843-a650-c7faed6fc07c
2025-07-02 10:09:30,905 INFO  - Fetched company for recruiterId=3dc93452-07a2-4843-a650-c7faed6fc07c
2025-07-02 10:09:30,912 INFO  - Fetched company for recruiterId=3dc93452-07a2-4843-a650-c7faed6fc07c
2025-07-02 10:09:30,919 INFO  - Fetched company for recruiterId=3dc93452-07a2-4843-a650-c7faed6fc07c
2025-07-02 10:09:32,462 INFO  - Fetched company for recruiterId=3dc93452-07a2-4843-a650-c7faed6fc07c
2025-07-02 10:09:36,930 INFO  - Recruiter updated successfully: Id=3dc93452-07a2-4843-a650-c7faed6fc07c, Name=Muthu Karuppa P
2025-07-02 10:09:40,593 INFO  - Fetched company for recruiterId=3dc93452-07a2-4843-a650-c7faed6fc07c
2025-07-02 10:09:44,536 INFO  - Fetched company for recruiterId=3dc93452-07a2-4843-a650-c7faed6fc07c
2025-07-02 10:09:52,082 INFO  - Recruiter updated successfully: Id=3dc93452-07a2-4843-a650-c7faed6fc07c, Name=Muthu Karuppan P
2025-07-02 10:09:53,722 INFO  - Fetched company for recruiterId=3dc93452-07a2-4843-a650-c7faed6fc07c
2025-07-02 10:09:53,729 INFO  - Fetched company for recruiterId=3dc93452-07a2-4843-a650-c7faed6fc07c
2025-07-02 10:09:53,736 INFO  - Fetched company for recruiterId=3dc93452-07a2-4843-a650-c7faed6fc07c
2025-07-02 10:09:53,742 INFO  - Fetched company for recruiterId=3dc93452-07a2-4843-a650-c7faed6fc07c
2025-07-02 10:10:08,985 INFO  - Fetched company for recruiterId=3dc93452-07a2-4843-a650-c7faed6fc07c
2025-07-02 10:10:08,991 INFO  - Fetched company for recruiterId=3dc93452-07a2-4843-a650-c7faed6fc07c
2025-07-02 10:10:08,999 INFO  - Fetched company for recruiterId=3dc93452-07a2-4843-a650-c7faed6fc07c
2025-07-02 10:10:09,006 INFO  - Fetched company for recruiterId=3dc93452-07a2-4843-a650-c7faed6fc07c
2025-07-02 10:10:15,452 INFO  - Fetched company for recruiterId=3dc93452-07a2-4843-a650-c7faed6fc07c
2025-07-02 10:10:15,459 INFO  - Fetched company for recruiterId=3dc93452-07a2-4843-a650-c7faed6fc07c
2025-07-02 10:10:15,676 INFO  - Fetched company for recruiterId=3dc93452-07a2-4843-a650-c7faed6fc07c
2025-07-02 10:10:16,614 INFO  - Fetched company for recruiterId=3dc93452-07a2-4843-a650-c7faed6fc07c
2025-07-02 10:10:17,356 INFO  - Fetched company for recruiterId=3dc93452-07a2-4843-a650-c7faed6fc07c
2025-07-02 10:10:17,363 INFO  - Fetched company for recruiterId=3dc93452-07a2-4843-a650-c7faed6fc07c
2025-07-02 10:10:17,369 INFO  - Fetched company for recruiterId=3dc93452-07a2-4843-a650-c7faed6fc07c
2025-07-02 10:10:17,374 INFO  - Fetched company for recruiterId=3dc93452-07a2-4843-a650-c7faed6fc07c
2025-07-02 10:10:17,771 INFO  - Fetched all skills.
2025-07-02 10:10:19,264 INFO  - Fetched company for recruiterId=3dc93452-07a2-4843-a650-c7faed6fc07c
2025-07-02 10:10:19,270 INFO  - Fetched company for recruiterId=3dc93452-07a2-4843-a650-c7faed6fc07c
2025-07-02 10:10:19,276 INFO  - Fetched company for recruiterId=3dc93452-07a2-4843-a650-c7faed6fc07c
2025-07-02 10:10:19,284 INFO  - Fetched company for recruiterId=3dc93452-07a2-4843-a650-c7faed6fc07c
2025-07-02 10:10:20,193 INFO  - Fetched all skills.
2025-07-02 10:10:21,823 INFO  - Updated job post: 4e6a8c17-fed2-4c37-a515-a19df84f1eb8
2025-07-02 10:10:21,859 INFO  - Updated responsibilities for postId: 4e6a8c17-fed2-4c37-a515-a19df84f1eb8
2025-07-02 10:10:21,887 INFO  - Updated requirements for postId: 4e6a8c17-fed2-4c37-a515-a19df84f1eb8
2025-07-02 10:10:21,919 INFO  - Updated post skills for job post: 4e6a8c17-fed2-4c37-a515-a19df84f1eb8
2025-07-02 10:10:22,999 INFO  - Fetched company for recruiterId=3dc93452-07a2-4843-a650-c7faed6fc07c
2025-07-02 10:10:23,006 INFO  - Fetched company for recruiterId=3dc93452-07a2-4843-a650-c7faed6fc07c
2025-07-02 10:10:23,012 INFO  - Fetched company for recruiterId=3dc93452-07a2-4843-a650-c7faed6fc07c
2025-07-02 10:10:23,019 INFO  - Fetched company for recruiterId=3dc93452-07a2-4843-a650-c7faed6fc07c
2025-07-02 10:10:54,402 INFO  - Fetched company for recruiterId=3dc93452-07a2-4843-a650-c7faed6fc07c
2025-07-02 10:10:54,408 INFO  - Fetched company for recruiterId=3dc93452-07a2-4843-a650-c7faed6fc07c
2025-07-02 10:10:54,416 INFO  - Fetched company for recruiterId=3dc93452-07a2-4843-a650-c7faed6fc07c
2025-07-02 10:10:54,422 INFO  - Fetched company for recruiterId=3dc93452-07a2-4843-a650-c7faed6fc07c
2025-07-02 10:10:58,694 INFO  - Fetched company for recruiterId=3dc93452-07a2-4843-a650-c7faed6fc07c
2025-07-02 10:10:58,700 INFO  - Fetched company for recruiterId=3dc93452-07a2-4843-a650-c7faed6fc07c
2025-07-02 10:10:58,706 INFO  - Fetched company for recruiterId=3dc93452-07a2-4843-a650-c7faed6fc07c
2025-07-02 10:10:58,713 INFO  - Fetched company for recruiterId=3dc93452-07a2-4843-a650-c7faed6fc07c
2025-07-02 10:11:01,746 INFO  - Fetched company for recruiterId=3dc93452-07a2-4843-a650-c7faed6fc07c
2025-07-02 10:11:01,754 INFO  - Fetched company for recruiterId=3dc93452-07a2-4843-a650-c7faed6fc07c
2025-07-02 10:11:01,760 INFO  - Fetched company for recruiterId=3dc93452-07a2-4843-a650-c7faed6fc07c
2025-07-02 10:11:01,767 INFO  - Fetched company for recruiterId=3dc93452-07a2-4843-a650-c7faed6fc07c
2025-07-02 10:11:05,670 INFO  - Fetched company for recruiterId=3dc93452-07a2-4843-a650-c7faed6fc07c
2025-07-02 10:11:05,681 INFO  - Fetched company for recruiterId=3dc93452-07a2-4843-a650-c7faed6fc07c
2025-07-02 10:11:05,702 INFO  - Fetched company for recruiterId=3dc93452-07a2-4843-a650-c7faed6fc07c
2025-07-02 10:11:05,728 INFO  - Fetched company for recruiterId=3dc93452-07a2-4843-a650-c7faed6fc07c
2025-07-02 10:11:45,325 INFO  - Skill added: Python
2025-07-02 10:11:50,241 INFO  - Seeker registered: Email = muthukaruppan20@gmail.com, SeekerId = Muthu
2025-07-02 10:11:54,594 INFO  - User logged out: muthukaruppanaakash76@gmail.com
2025-07-02 10:12:11,575 INFO  - User logged in: muthukaruppan20@gmail.com
2025-07-02 10:12:15,689 INFO  - Fetched all company names.
2025-07-02 10:12:15,713 INFO  - Fetched company for recruiterId=585999a5-de05-4b90-bbe4-5cc916da48a2
2025-07-02 10:12:15,713 INFO  - Fetched company for recruiterId=3dc93452-07a2-4843-a650-c7faed6fc07c
2025-07-02 10:12:15,721 INFO  - Fetched company for recruiterId=3dc93452-07a2-4843-a650-c7faed6fc07c
2025-07-02 10:12:15,721 INFO  - Fetched company for recruiterId=585999a5-de05-4b90-bbe4-5cc916da48a2
2025-07-02 10:12:15,728 INFO  - Fetched company for recruiterId=585999a5-de05-4b90-bbe4-5cc916da48a2
2025-07-02 10:12:15,733 INFO  - Fetched company for recruiterId=52f3dcc7-e7bb-4419-b8a9-9cfb2a6f8b9e
2025-07-02 10:12:15,742 INFO  - Fetched company for recruiterId=52f3dcc7-e7bb-4419-b8a9-9cfb2a6f8b9e
2025-07-02 10:12:15,749 INFO  - Fetched company for recruiterId=52f3dcc7-e7bb-4419-b8a9-9cfb2a6f8b9e
2025-07-02 10:12:15,760 INFO  - Fetched company for recruiterId=52f3dcc7-e7bb-4419-b8a9-9cfb2a6f8b9e
2025-07-02 10:12:15,769 INFO  - Fetched company for recruiterId=52f3dcc7-e7bb-4419-b8a9-9cfb2a6f8b9e
2025-07-02 10:12:19,952 INFO  - Fetched company for recruiterId=3dc93452-07a2-4843-a650-c7faed6fc07c
2025-07-02 10:12:19,953 INFO  - Fetched company for recruiterId=52f3dcc7-e7bb-4419-b8a9-9cfb2a6f8b9e
2025-07-02 10:12:19,960 INFO  - Fetched company for recruiterId=3dc93452-07a2-4843-a650-c7faed6fc07c
2025-07-02 10:12:19,960 INFO  - Fetched company for recruiterId=52f3dcc7-e7bb-4419-b8a9-9cfb2a6f8b9e
2025-07-02 10:12:19,972 INFO  - Fetched company for recruiterId=52f3dcc7-e7bb-4419-b8a9-9cfb2a6f8b9e
2025-07-02 10:12:19,972 INFO  - Fetched company for recruiterId=3dc93452-07a2-4843-a650-c7faed6fc07c
2025-07-02 10:12:19,983 INFO  - Fetched company for recruiterId=52f3dcc7-e7bb-4419-b8a9-9cfb2a6f8b9e
2025-07-02 10:12:19,983 INFO  - Fetched company for recruiterId=3dc93452-07a2-4843-a650-c7faed6fc07c
2025-07-02 10:12:19,993 INFO  - Fetched company for recruiterId=52f3dcc7-e7bb-4419-b8a9-9cfb2a6f8b9e
2025-07-02 10:12:20,001 INFO  - Fetched company for recruiterId=52f3dcc7-e7bb-4419-b8a9-9cfb2a6f8b9e
2025-07-02 10:12:20,011 INFO  - Fetched company for recruiterId=52f3dcc7-e7bb-4419-b8a9-9cfb2a6f8b9e
2025-07-02 10:12:20,021 INFO  - Fetched company for recruiterId=52f3dcc7-e7bb-4419-b8a9-9cfb2a6f8b9e
2025-07-02 10:12:20,027 INFO  - Fetched company for recruiterId=52f3dcc7-e7bb-4419-b8a9-9cfb2a6f8b9e
2025-07-02 10:12:20,040 INFO  - Fetched company for recruiterId=52f3dcc7-e7bb-4419-b8a9-9cfb2a6f8b9e
2025-07-02 10:12:20,048 INFO  - Fetched company for recruiterId=52f3dcc7-e7bb-4419-b8a9-9cfb2a6f8b9e
2025-07-02 10:12:20,059 INFO  - Fetched company for recruiterId=52f3dcc7-e7bb-4419-b8a9-9cfb2a6f8b9e
2025-07-02 10:12:20,068 INFO  - Fetched company for recruiterId=52f3dcc7-e7bb-4419-b8a9-9cfb2a6f8b9e
2025-07-02 10:12:20,079 INFO  - Fetched company for recruiterId=52f3dcc7-e7bb-4419-b8a9-9cfb2a6f8b9e
2025-07-02 10:12:20,088 INFO  - Fetched company for recruiterId=52f3dcc7-e7bb-4419-b8a9-9cfb2a6f8b9e
2025-07-02 10:12:20,103 INFO  - Fetched company for recruiterId=52f3dcc7-e7bb-4419-b8a9-9cfb2a6f8b9e
2025-07-02 10:12:21,968 INFO  - Fetched company for recruiterId=3dc93452-07a2-4843-a650-c7faed6fc07c
2025-07-02 10:12:21,968 INFO  - Fetched company for recruiterId=52f3dcc7-e7bb-4419-b8a9-9cfb2a6f8b9e
2025-07-02 10:12:21,978 INFO  - Fetched company for recruiterId=52f3dcc7-e7bb-4419-b8a9-9cfb2a6f8b9e
2025-07-02 10:12:21,979 INFO  - Fetched company for recruiterId=3dc93452-07a2-4843-a650-c7faed6fc07c
2025-07-02 10:12:21,988 INFO  - Fetched company for recruiterId=52f3dcc7-e7bb-4419-b8a9-9cfb2a6f8b9e
2025-07-02 10:12:21,988 INFO  - Fetched company for recruiterId=3dc93452-07a2-4843-a650-c7faed6fc07c
2025-07-02 10:12:22,011 INFO  - Fetched company for recruiterId=52f3dcc7-e7bb-4419-b8a9-9cfb2a6f8b9e
2025-07-02 10:12:22,011 INFO  - Fetched company for recruiterId=3dc93452-07a2-4843-a650-c7faed6fc07c
2025-07-02 10:12:22,027 INFO  - Fetched company for recruiterId=52f3dcc7-e7bb-4419-b8a9-9cfb2a6f8b9e
2025-07-02 10:12:22,034 INFO  - Fetched company for recruiterId=52f3dcc7-e7bb-4419-b8a9-9cfb2a6f8b9e
2025-07-02 10:12:22,043 INFO  - Fetched company for recruiterId=52f3dcc7-e7bb-4419-b8a9-9cfb2a6f8b9e
2025-07-02 10:12:22,051 INFO  - Fetched company for recruiterId=52f3dcc7-e7bb-4419-b8a9-9cfb2a6f8b9e
2025-07-02 10:12:22,062 INFO  - Fetched company for recruiterId=52f3dcc7-e7bb-4419-b8a9-9cfb2a6f8b9e
2025-07-02 10:12:22,070 INFO  - Fetched company for recruiterId=52f3dcc7-e7bb-4419-b8a9-9cfb2a6f8b9e
2025-07-02 10:12:22,078 INFO  - Fetched company for recruiterId=52f3dcc7-e7bb-4419-b8a9-9cfb2a6f8b9e
2025-07-02 10:12:22,089 INFO  - Fetched company for recruiterId=52f3dcc7-e7bb-4419-b8a9-9cfb2a6f8b9e
2025-07-02 10:12:22,095 INFO  - Fetched company for recruiterId=52f3dcc7-e7bb-4419-b8a9-9cfb2a6f8b9e
2025-07-02 10:12:22,104 INFO  - Fetched company for recruiterId=52f3dcc7-e7bb-4419-b8a9-9cfb2a6f8b9e
2025-07-02 10:12:22,112 INFO  - Fetched company for recruiterId=52f3dcc7-e7bb-4419-b8a9-9cfb2a6f8b9e
2025-07-02 10:12:22,121 INFO  - Fetched company for recruiterId=52f3dcc7-e7bb-4419-b8a9-9cfb2a6f8b9e
2025-07-02 10:12:24,150 INFO  - Fetched company for recruiterId=585999a5-de05-4b90-bbe4-5cc916da48a2
2025-07-02 10:12:24,150 INFO  - Fetched company for recruiterId=3dc93452-07a2-4843-a650-c7faed6fc07c
2025-07-02 10:12:24,152 INFO  - Fetched company for recruiterId=52f3dcc7-e7bb-4419-b8a9-9cfb2a6f8b9e
2025-07-02 10:12:24,160 INFO  - Fetched company for recruiterId=585999a5-de05-4b90-bbe4-5cc916da48a2
2025-07-02 10:12:24,160 INFO  - Fetched company for recruiterId=3dc93452-07a2-4843-a650-c7faed6fc07c
2025-07-02 10:12:24,162 INFO  - Fetched company for recruiterId=52f3dcc7-e7bb-4419-b8a9-9cfb2a6f8b9e
2025-07-02 10:12:24,172 INFO  - Fetched company for recruiterId=585999a5-de05-4b90-bbe4-5cc916da48a2
2025-07-02 10:12:24,174 INFO  - Fetched company for recruiterId=52f3dcc7-e7bb-4419-b8a9-9cfb2a6f8b9e
2025-07-02 10:12:24,182 INFO  - Fetched company for recruiterId=52f3dcc7-e7bb-4419-b8a9-9cfb2a6f8b9e
2025-07-02 10:12:24,190 INFO  - Fetched company for recruiterId=52f3dcc7-e7bb-4419-b8a9-9cfb2a6f8b9e
2025-07-02 10:12:42,985 INFO  - Resume uploaded: SeekerId = b4801585-8098-402a-816b-fdee869e970a, JobPostId = 4e6a8c17-fed2-4c37-a515-a19df84f1eb8
2025-07-02 10:12:42,986 INFO  - Job application created for SeekerId = b4801585-8098-402a-816b-fdee869e970a, JobPostId = 4e6a8c17-fed2-4c37-a515-a19df84f1eb8
2025-07-02 10:12:55,829 INFO  - Fetched all company names.
2025-07-02 10:12:55,846 INFO  - Fetched company for recruiterId=3dc93452-07a2-4843-a650-c7faed6fc07c
2025-07-02 10:12:55,848 INFO  - Fetched company for recruiterId=585999a5-de05-4b90-bbe4-5cc916da48a2
2025-07-02 10:12:55,848 INFO  - Fetched company for recruiterId=52f3dcc7-e7bb-4419-b8a9-9cfb2a6f8b9e
2025-07-02 10:12:55,858 INFO  - Fetched company for recruiterId=3dc93452-07a2-4843-a650-c7faed6fc07c
2025-07-02 10:12:55,860 INFO  - Fetched company for recruiterId=585999a5-de05-4b90-bbe4-5cc916da48a2
2025-07-02 10:12:55,861 INFO  - Fetched company for recruiterId=52f3dcc7-e7bb-4419-b8a9-9cfb2a6f8b9e
2025-07-02 10:12:55,871 INFO  - Fetched company for recruiterId=585999a5-de05-4b90-bbe4-5cc916da48a2
2025-07-02 10:12:55,872 INFO  - Fetched company for recruiterId=52f3dcc7-e7bb-4419-b8a9-9cfb2a6f8b9e
2025-07-02 10:12:55,881 INFO  - Fetched company for recruiterId=52f3dcc7-e7bb-4419-b8a9-9cfb2a6f8b9e
2025-07-02 10:12:55,891 INFO  - Fetched company for recruiterId=52f3dcc7-e7bb-4419-b8a9-9cfb2a6f8b9e
2025-07-02 10:13:00,845 INFO  - Fetched company for recruiterId=52f3dcc7-e7bb-4419-b8a9-9cfb2a6f8b9e
2025-07-02 10:13:00,845 INFO  - Fetched company for recruiterId=3dc93452-07a2-4843-a650-c7faed6fc07c
2025-07-02 10:13:00,852 INFO  - Fetched company for recruiterId=52f3dcc7-e7bb-4419-b8a9-9cfb2a6f8b9e
2025-07-02 10:13:00,852 INFO  - Fetched company for recruiterId=3dc93452-07a2-4843-a650-c7faed6fc07c
2025-07-02 10:13:00,859 INFO  - Fetched company for recruiterId=52f3dcc7-e7bb-4419-b8a9-9cfb2a6f8b9e
2025-07-02 10:13:00,867 INFO  - Fetched company for recruiterId=52f3dcc7-e7bb-4419-b8a9-9cfb2a6f8b9e
2025-07-02 10:13:00,874 INFO  - Fetched company for recruiterId=52f3dcc7-e7bb-4419-b8a9-9cfb2a6f8b9e
2025-07-02 10:13:00,880 INFO  - Fetched company for recruiterId=52f3dcc7-e7bb-4419-b8a9-9cfb2a6f8b9e
2025-07-02 10:13:00,888 INFO  - Fetched company for recruiterId=52f3dcc7-e7bb-4419-b8a9-9cfb2a6f8b9e
2025-07-02 10:13:00,896 INFO  - Fetched company for recruiterId=52f3dcc7-e7bb-4419-b8a9-9cfb2a6f8b9e
2025-07-02 10:13:00,903 INFO  - Fetched company for recruiterId=52f3dcc7-e7bb-4419-b8a9-9cfb2a6f8b9e
2025-07-02 10:13:00,909 INFO  - Fetched company for recruiterId=52f3dcc7-e7bb-4419-b8a9-9cfb2a6f8b9e
2025-07-02 10:13:00,915 INFO  - Fetched company for recruiterId=52f3dcc7-e7bb-4419-b8a9-9cfb2a6f8b9e
2025-07-02 10:13:00,921 INFO  - Fetched company for recruiterId=52f3dcc7-e7bb-4419-b8a9-9cfb2a6f8b9e
2025-07-02 10:13:00,927 INFO  - Fetched company for recruiterId=52f3dcc7-e7bb-4419-b8a9-9cfb2a6f8b9e
2025-07-02 10:13:00,935 INFO  - Fetched company for recruiterId=52f3dcc7-e7bb-4419-b8a9-9cfb2a6f8b9e
2025-07-02 10:13:00,942 INFO  - Fetched company for recruiterId=52f3dcc7-e7bb-4419-b8a9-9cfb2a6f8b9e
2025-07-02 10:13:00,949 INFO  - Fetched company for recruiterId=52f3dcc7-e7bb-4419-b8a9-9cfb2a6f8b9e
2025-07-02 10:13:08,457 INFO  - User logged out: muthukaruppan20@gmail.com
2025-07-02 10:17:53,937 INFO  - User logged in: muthu@gmail.com
2025-07-02 10:17:57,120 INFO  - Fetched company for recruiterId=52f3dcc7-e7bb-4419-b8a9-9cfb2a6f8b9e
2025-07-02 10:17:57,120 INFO  - Fetched company for recruiterId=585999a5-de05-4b90-bbe4-5cc916da48a2
2025-07-02 10:17:57,126 INFO  - Fetched company for recruiterId=585999a5-de05-4b90-bbe4-5cc916da48a2
2025-07-02 10:17:57,127 INFO  - Fetched company for recruiterId=52f3dcc7-e7bb-4419-b8a9-9cfb2a6f8b9e
2025-07-02 10:17:57,132 INFO  - Fetched company for recruiterId=3dc93452-07a2-4843-a650-c7faed6fc07c
2025-07-02 10:17:57,136 INFO  - Fetched company for recruiterId=585999a5-de05-4b90-bbe4-5cc916da48a2
2025-07-02 10:17:57,136 INFO  - Fetched company for recruiterId=52f3dcc7-e7bb-4419-b8a9-9cfb2a6f8b9e
2025-07-02 10:17:57,143 INFO  - Fetched company for recruiterId=52f3dcc7-e7bb-4419-b8a9-9cfb2a6f8b9e
2025-07-02 10:17:57,153 INFO  - Fetched company for recruiterId=52f3dcc7-e7bb-4419-b8a9-9cfb2a6f8b9e
2025-07-02 10:17:57,160 INFO  - Fetched company for recruiterId=52f3dcc7-e7bb-4419-b8a9-9cfb2a6f8b9e
2025-07-02 10:17:57,567 INFO  - Fetched all company names.
2025-07-02 10:17:57,585 INFO  - Fetched company for recruiterId=585999a5-de05-4b90-bbe4-5cc916da48a2
2025-07-02 10:17:57,585 INFO  - Fetched company for recruiterId=3dc93452-07a2-4843-a650-c7faed6fc07c
2025-07-02 10:17:57,589 INFO  - Fetched company for recruiterId=52f3dcc7-e7bb-4419-b8a9-9cfb2a6f8b9e
2025-07-02 10:17:57,594 INFO  - Fetched company for recruiterId=3dc93452-07a2-4843-a650-c7faed6fc07c
2025-07-02 10:17:57,594 INFO  - Fetched company for recruiterId=585999a5-de05-4b90-bbe4-5cc916da48a2
2025-07-02 10:17:57,599 INFO  - Fetched company for recruiterId=52f3dcc7-e7bb-4419-b8a9-9cfb2a6f8b9e
2025-07-02 10:17:57,615 INFO  - Fetched company for recruiterId=585999a5-de05-4b90-bbe4-5cc916da48a2
2025-07-02 10:17:57,622 INFO  - Fetched company for recruiterId=52f3dcc7-e7bb-4419-b8a9-9cfb2a6f8b9e
2025-07-02 10:17:57,637 INFO  - Fetched company for recruiterId=52f3dcc7-e7bb-4419-b8a9-9cfb2a6f8b9e
2025-07-02 10:17:57,644 INFO  - Fetched company for recruiterId=52f3dcc7-e7bb-4419-b8a9-9cfb2a6f8b9e
2025-07-02 10:17:58,441 INFO  - Fetched company for recruiterId=585999a5-de05-4b90-bbe4-5cc916da48a2
2025-07-02 10:17:58,443 INFO  - Fetched company for recruiterId=3dc93452-07a2-4843-a650-c7faed6fc07c
2025-07-02 10:17:58,444 INFO  - Fetched company for recruiterId=52f3dcc7-e7bb-4419-b8a9-9cfb2a6f8b9e
2025-07-02 10:17:58,450 INFO  - Fetched company for recruiterId=585999a5-de05-4b90-bbe4-5cc916da48a2
2025-07-02 10:17:58,450 INFO  - Fetched company for recruiterId=52f3dcc7-e7bb-4419-b8a9-9cfb2a6f8b9e
2025-07-02 10:17:58,459 INFO  - Fetched company for recruiterId=52f3dcc7-e7bb-4419-b8a9-9cfb2a6f8b9e
2025-07-02 10:17:58,459 INFO  - Fetched company for recruiterId=585999a5-de05-4b90-bbe4-5cc916da48a2
2025-07-02 10:17:58,468 INFO  - Fetched company for recruiterId=52f3dcc7-e7bb-4419-b8a9-9cfb2a6f8b9e
2025-07-02 10:17:58,477 INFO  - Fetched company for recruiterId=52f3dcc7-e7bb-4419-b8a9-9cfb2a6f8b9e
2025-07-02 10:17:58,484 INFO  - Fetched company for recruiterId=52f3dcc7-e7bb-4419-b8a9-9cfb2a6f8b9e
2025-07-02 10:18:00,318 INFO  - Fetched company for recruiterId=585999a5-de05-4b90-bbe4-5cc916da48a2
2025-07-02 10:18:00,318 INFO  - Fetched company for recruiterId=52f3dcc7-e7bb-4419-b8a9-9cfb2a6f8b9e
2025-07-02 10:18:00,318 INFO  - Fetched company for recruiterId=3dc93452-07a2-4843-a650-c7faed6fc07c
2025-07-02 10:18:00,326 INFO  - Fetched company for recruiterId=585999a5-de05-4b90-bbe4-5cc916da48a2
2025-07-02 10:18:00,326 INFO  - Fetched company for recruiterId=52f3dcc7-e7bb-4419-b8a9-9cfb2a6f8b9e
2025-07-02 10:18:00,335 INFO  - Fetched company for recruiterId=585999a5-de05-4b90-bbe4-5cc916da48a2
2025-07-02 10:18:00,335 INFO  - Fetched company for recruiterId=52f3dcc7-e7bb-4419-b8a9-9cfb2a6f8b9e
2025-07-02 10:18:00,347 INFO  - Fetched company for recruiterId=52f3dcc7-e7bb-4419-b8a9-9cfb2a6f8b9e
2025-07-02 10:18:00,359 INFO  - Fetched company for recruiterId=52f3dcc7-e7bb-4419-b8a9-9cfb2a6f8b9e
2025-07-02 10:18:00,370 INFO  - Fetched company for recruiterId=52f3dcc7-e7bb-4419-b8a9-9cfb2a6f8b9e
2025-07-02 10:18:06,413 INFO  - Fetched all company names.
2025-07-02 10:18:06,435 INFO  - Fetched company for recruiterId=585999a5-de05-4b90-bbe4-5cc916da48a2
2025-07-02 10:18:06,435 INFO  - Fetched company for recruiterId=52f3dcc7-e7bb-4419-b8a9-9cfb2a6f8b9e
2025-07-02 10:18:06,436 INFO  - Fetched company for recruiterId=3dc93452-07a2-4843-a650-c7faed6fc07c
2025-07-02 10:18:06,446 INFO  - Fetched company for recruiterId=585999a5-de05-4b90-bbe4-5cc916da48a2
2025-07-02 10:18:06,447 INFO  - Fetched company for recruiterId=3dc93452-07a2-4843-a650-c7faed6fc07c
2025-07-02 10:18:06,448 INFO  - Fetched company for recruiterId=52f3dcc7-e7bb-4419-b8a9-9cfb2a6f8b9e
2025-07-02 10:18:06,472 INFO  - Fetched company for recruiterId=585999a5-de05-4b90-bbe4-5cc916da48a2
2025-07-02 10:18:06,472 INFO  - Fetched company for recruiterId=52f3dcc7-e7bb-4419-b8a9-9cfb2a6f8b9e
2025-07-02 10:18:06,494 INFO  - Fetched company for recruiterId=52f3dcc7-e7bb-4419-b8a9-9cfb2a6f8b9e
2025-07-02 10:18:06,507 INFO  - Fetched company for recruiterId=52f3dcc7-e7bb-4419-b8a9-9cfb2a6f8b9e
2025-07-02 10:18:11,104 INFO  - Fetched all company names.
2025-07-02 10:18:11,120 INFO  - Fetched company for recruiterId=585999a5-de05-4b90-bbe4-5cc916da48a2
2025-07-02 10:18:11,121 INFO  - Fetched company for recruiterId=3dc93452-07a2-4843-a650-c7faed6fc07c
2025-07-02 10:18:11,123 INFO  - Fetched company for recruiterId=52f3dcc7-e7bb-4419-b8a9-9cfb2a6f8b9e
2025-07-02 10:18:11,128 INFO  - Fetched company for recruiterId=585999a5-de05-4b90-bbe4-5cc916da48a2
2025-07-02 10:18:11,128 INFO  - Fetched company for recruiterId=3dc93452-07a2-4843-a650-c7faed6fc07c
2025-07-02 10:18:11,132 INFO  - Fetched company for recruiterId=52f3dcc7-e7bb-4419-b8a9-9cfb2a6f8b9e
2025-07-02 10:18:11,140 INFO  - Fetched company for recruiterId=585999a5-de05-4b90-bbe4-5cc916da48a2
2025-07-02 10:18:11,140 INFO  - Fetched company for recruiterId=52f3dcc7-e7bb-4419-b8a9-9cfb2a6f8b9e
2025-07-02 10:18:11,150 INFO  - Fetched company for recruiterId=52f3dcc7-e7bb-4419-b8a9-9cfb2a6f8b9e
2025-07-02 10:18:11,158 INFO  - Fetched company for recruiterId=52f3dcc7-e7bb-4419-b8a9-9cfb2a6f8b9e
2025-07-02 10:25:36,275 INFO  - Fetched all company names.
2025-07-02 10:25:36,316 INFO  - Fetched company for recruiterId=52f3dcc7-e7bb-4419-b8a9-9cfb2a6f8b9e
2025-07-02 10:25:36,317 INFO  - Fetched company for recruiterId=3dc93452-07a2-4843-a650-c7faed6fc07c
2025-07-02 10:25:36,327 INFO  - Fetched company for recruiterId=3dc93452-07a2-4843-a650-c7faed6fc07c
2025-07-02 10:25:36,327 INFO  - Fetched company for recruiterId=52f3dcc7-e7bb-4419-b8a9-9cfb2a6f8b9e
2025-07-02 10:25:36,331 INFO  - Fetched company for recruiterId=585999a5-de05-4b90-bbe4-5cc916da48a2
2025-07-02 10:25:36,337 INFO  - Fetched company for recruiterId=52f3dcc7-e7bb-4419-b8a9-9cfb2a6f8b9e
2025-07-02 10:25:36,338 INFO  - Fetched company for recruiterId=585999a5-de05-4b90-bbe4-5cc916da48a2
2025-07-02 10:25:36,347 INFO  - Fetched company for recruiterId=585999a5-de05-4b90-bbe4-5cc916da48a2
2025-07-02 10:25:36,347 INFO  - Fetched company for recruiterId=52f3dcc7-e7bb-4419-b8a9-9cfb2a6f8b9e
2025-07-02 10:25:36,357 INFO  - Fetched company for recruiterId=52f3dcc7-e7bb-4419-b8a9-9cfb2a6f8b9e
2025-07-02 10:25:37,771 INFO  - Fetched company for recruiterId=585999a5-de05-4b90-bbe4-5cc916da48a2
2025-07-02 10:25:37,773 INFO  - Fetched company for recruiterId=3dc93452-07a2-4843-a650-c7faed6fc07c
2025-07-02 10:25:37,773 INFO  - Fetched company for recruiterId=52f3dcc7-e7bb-4419-b8a9-9cfb2a6f8b9e
2025-07-02 10:25:37,779 INFO  - Fetched company for recruiterId=585999a5-de05-4b90-bbe4-5cc916da48a2
2025-07-02 10:25:37,783 INFO  - Fetched company for recruiterId=52f3dcc7-e7bb-4419-b8a9-9cfb2a6f8b9e
2025-07-02 10:25:37,788 INFO  - Fetched company for recruiterId=585999a5-de05-4b90-bbe4-5cc916da48a2
2025-07-02 10:25:37,792 INFO  - Fetched company for recruiterId=52f3dcc7-e7bb-4419-b8a9-9cfb2a6f8b9e
2025-07-02 10:25:37,799 INFO  - Fetched company for recruiterId=52f3dcc7-e7bb-4419-b8a9-9cfb2a6f8b9e
2025-07-02 10:25:37,811 INFO  - Fetched company for recruiterId=52f3dcc7-e7bb-4419-b8a9-9cfb2a6f8b9e
2025-07-02 10:25:37,820 INFO  - Fetched company for recruiterId=52f3dcc7-e7bb-4419-b8a9-9cfb2a6f8b9e
2025-07-02 10:25:38,931 INFO  - Fetched company for recruiterId=585999a5-de05-4b90-bbe4-5cc916da48a2
2025-07-02 10:25:38,932 INFO  - Fetched company for recruiterId=3dc93452-07a2-4843-a650-c7faed6fc07c
2025-07-02 10:25:38,933 INFO  - Fetched company for recruiterId=52f3dcc7-e7bb-4419-b8a9-9cfb2a6f8b9e
2025-07-02 10:25:38,944 INFO  - Fetched company for recruiterId=585999a5-de05-4b90-bbe4-5cc916da48a2
2025-07-02 10:25:38,950 INFO  - Fetched company for recruiterId=585999a5-de05-4b90-bbe4-5cc916da48a2
2025-07-02 10:25:44,859 INFO  - Fetched company for recruiterId=585999a5-de05-4b90-bbe4-5cc916da48a2
2025-07-02 10:25:44,862 INFO  - Fetched company for recruiterId=3dc93452-07a2-4843-a650-c7faed6fc07c
2025-07-02 10:25:44,864 INFO  - Fetched company for recruiterId=52f3dcc7-e7bb-4419-b8a9-9cfb2a6f8b9e
2025-07-02 10:25:44,868 INFO  - Fetched company for recruiterId=585999a5-de05-4b90-bbe4-5cc916da48a2
2025-07-02 10:25:44,874 INFO  - Fetched company for recruiterId=52f3dcc7-e7bb-4419-b8a9-9cfb2a6f8b9e
2025-07-02 10:25:44,880 INFO  - Fetched company for recruiterId=585999a5-de05-4b90-bbe4-5cc916da48a2
2025-07-02 10:25:44,888 INFO  - Fetched company for recruiterId=52f3dcc7-e7bb-4419-b8a9-9cfb2a6f8b9e
2025-07-02 10:25:44,923 INFO  - Fetched company for recruiterId=52f3dcc7-e7bb-4419-b8a9-9cfb2a6f8b9e
2025-07-02 10:25:44,934 INFO  - Fetched company for recruiterId=52f3dcc7-e7bb-4419-b8a9-9cfb2a6f8b9e
2025-07-02 10:25:44,945 INFO  - Fetched company for recruiterId=52f3dcc7-e7bb-4419-b8a9-9cfb2a6f8b9e
2025-07-02 10:25:47,008 INFO  - Fetched company for recruiterId=585999a5-de05-4b90-bbe4-5cc916da48a2
2025-07-02 10:25:47,010 INFO  - Fetched company for recruiterId=3dc93452-07a2-4843-a650-c7faed6fc07c
2025-07-02 10:25:47,012 INFO  - Fetched company for recruiterId=52f3dcc7-e7bb-4419-b8a9-9cfb2a6f8b9e
2025-07-02 10:25:47,022 INFO  - Fetched company for recruiterId=585999a5-de05-4b90-bbe4-5cc916da48a2
2025-07-02 10:25:47,037 INFO  - Fetched company for recruiterId=585999a5-de05-4b90-bbe4-5cc916da48a2
2025-07-02 10:25:48,638 INFO  - Fetched company for recruiterId=585999a5-de05-4b90-bbe4-5cc916da48a2
2025-07-02 10:25:48,641 INFO  - Fetched company for recruiterId=52f3dcc7-e7bb-4419-b8a9-9cfb2a6f8b9e
2025-07-02 10:25:48,641 INFO  - Fetched company for recruiterId=3dc93452-07a2-4843-a650-c7faed6fc07c
2025-07-02 10:25:48,646 INFO  - Fetched company for recruiterId=585999a5-de05-4b90-bbe4-5cc916da48a2
2025-07-02 10:25:48,648 INFO  - Fetched company for recruiterId=52f3dcc7-e7bb-4419-b8a9-9cfb2a6f8b9e
2025-07-02 10:25:48,653 INFO  - Fetched company for recruiterId=585999a5-de05-4b90-bbe4-5cc916da48a2
2025-07-02 10:25:48,656 INFO  - Fetched company for recruiterId=52f3dcc7-e7bb-4419-b8a9-9cfb2a6f8b9e
2025-07-02 10:25:48,666 INFO  - Fetched company for recruiterId=52f3dcc7-e7bb-4419-b8a9-9cfb2a6f8b9e
2025-07-02 10:25:48,678 INFO  - Fetched company for recruiterId=52f3dcc7-e7bb-4419-b8a9-9cfb2a6f8b9e
2025-07-02 10:25:48,689 INFO  - Fetched company for recruiterId=52f3dcc7-e7bb-4419-b8a9-9cfb2a6f8b9e
2025-07-02 10:25:51,431 INFO  - Fetched all company names.
2025-07-02 10:25:51,454 INFO  - Fetched company for recruiterId=3dc93452-07a2-4843-a650-c7faed6fc07c
2025-07-02 10:25:51,456 INFO  - Fetched company for recruiterId=585999a5-de05-4b90-bbe4-5cc916da48a2
2025-07-02 10:25:51,456 INFO  - Fetched company for recruiterId=52f3dcc7-e7bb-4419-b8a9-9cfb2a6f8b9e
2025-07-02 10:25:51,466 INFO  - Fetched company for recruiterId=3dc93452-07a2-4843-a650-c7faed6fc07c
2025-07-02 10:25:51,467 INFO  - Fetched company for recruiterId=52f3dcc7-e7bb-4419-b8a9-9cfb2a6f8b9e
2025-07-02 10:25:51,467 INFO  - Fetched company for recruiterId=585999a5-de05-4b90-bbe4-5cc916da48a2
2025-07-02 10:25:51,475 INFO  - Fetched company for recruiterId=585999a5-de05-4b90-bbe4-5cc916da48a2
2025-07-02 10:25:51,475 INFO  - Fetched company for recruiterId=52f3dcc7-e7bb-4419-b8a9-9cfb2a6f8b9e
2025-07-02 10:25:51,492 INFO  - Fetched company for recruiterId=52f3dcc7-e7bb-4419-b8a9-9cfb2a6f8b9e
2025-07-02 10:25:51,503 INFO  - Fetched company for recruiterId=52f3dcc7-e7bb-4419-b8a9-9cfb2a6f8b9e
2025-07-02 10:31:12,871 INFO  - Updated experiences for seeker muthu@gmail.com (ID: 637f3638-b296-4f0d-bb3c-5a65a7f8baed)
2025-07-02 10:33:10,903 INFO  - User logged in: mano@gmail.com
2025-07-02 10:33:40,047 INFO  - JobPost added by recruiter: 585999a5-de05-4b90-bbe4-5cc916da48a2, Job Title: JavaScript Developer
2025-07-02 10:33:40,141 INFO  - Fetched company for recruiterId=585999a5-de05-4b90-bbe4-5cc916da48a2
2025-07-02 10:33:40,175 INFO  - Fetched company for recruiterId=585999a5-de05-4b90-bbe4-5cc916da48a2
2025-07-02 10:38:20,758 INFO  - User logged out: muthu@gmail.com
2025-07-02 10:46:05,413 INFO  - User logged in: muthu@gmail.com
2025-07-02 10:47:33,536 INFO  - JobPost added by recruiter: 585999a5-de05-4b90-bbe4-5cc916da48a2, Job Title: JavaScript Developer
2025-07-02 10:47:33,577 INFO  - Fetched company for recruiterId=585999a5-de05-4b90-bbe4-5cc916da48a2
2025-07-02 10:47:39,748 INFO  - Fetched company for recruiterId=585999a5-de05-4b90-bbe4-5cc916da48a2
2025-07-02 10:47:44,271 INFO  - Fetched all company names.
2025-07-02 10:47:44,289 INFO  - Fetched company for recruiterId=585999a5-de05-4b90-bbe4-5cc916da48a2
2025-07-02 10:47:44,289 INFO  - Fetched company for recruiterId=3dc93452-07a2-4843-a650-c7faed6fc07c
2025-07-02 10:47:44,297 INFO  - Fetched company for recruiterId=585999a5-de05-4b90-bbe4-5cc916da48a2
2025-07-02 10:47:44,297 INFO  - Fetched company for recruiterId=3dc93452-07a2-4843-a650-c7faed6fc07c
2025-07-02 10:47:44,305 INFO  - Fetched company for recruiterId=585999a5-de05-4b90-bbe4-5cc916da48a2
2025-07-02 10:47:44,311 INFO  - Fetched company for recruiterId=52f3dcc7-e7bb-4419-b8a9-9cfb2a6f8b9e
2025-07-02 10:47:44,316 INFO  - Fetched company for recruiterId=585999a5-de05-4b90-bbe4-5cc916da48a2
2025-07-02 10:47:44,321 INFO  - Fetched company for recruiterId=52f3dcc7-e7bb-4419-b8a9-9cfb2a6f8b9e
2025-07-02 10:47:44,329 INFO  - Fetched company for recruiterId=585999a5-de05-4b90-bbe4-5cc916da48a2
2025-07-02 10:47:44,335 INFO  - Fetched company for recruiterId=52f3dcc7-e7bb-4419-b8a9-9cfb2a6f8b9e
2025-07-02 10:47:45,254 INFO  - Fetched company for recruiterId=585999a5-de05-4b90-bbe4-5cc916da48a2
2025-07-02 10:47:45,256 INFO  - Fetched company for recruiterId=3dc93452-07a2-4843-a650-c7faed6fc07c
2025-07-02 10:47:45,258 INFO  - Fetched company for recruiterId=52f3dcc7-e7bb-4419-b8a9-9cfb2a6f8b9e
2025-07-02 10:47:45,262 INFO  - Fetched company for recruiterId=585999a5-de05-4b90-bbe4-5cc916da48a2
2025-07-02 10:47:45,265 INFO  - Fetched company for recruiterId=52f3dcc7-e7bb-4419-b8a9-9cfb2a6f8b9e
2025-07-02 10:47:45,269 INFO  - Fetched company for recruiterId=585999a5-de05-4b90-bbe4-5cc916da48a2
2025-07-02 10:47:45,272 INFO  - Fetched company for recruiterId=52f3dcc7-e7bb-4419-b8a9-9cfb2a6f8b9e
2025-07-02 10:47:45,278 INFO  - Fetched company for recruiterId=585999a5-de05-4b90-bbe4-5cc916da48a2
2025-07-02 10:47:45,281 INFO  - Fetched company for recruiterId=52f3dcc7-e7bb-4419-b8a9-9cfb2a6f8b9e
2025-07-02 10:47:45,286 INFO  - Fetched company for recruiterId=585999a5-de05-4b90-bbe4-5cc916da48a2
2025-07-02 10:47:45,698 INFO  - Fetched all company names.
2025-07-02 10:47:45,715 INFO  - Fetched company for recruiterId=52f3dcc7-e7bb-4419-b8a9-9cfb2a6f8b9e
2025-07-02 10:47:45,715 INFO  - Fetched company for recruiterId=3dc93452-07a2-4843-a650-c7faed6fc07c
2025-07-02 10:47:45,717 INFO  - Fetched company for recruiterId=585999a5-de05-4b90-bbe4-5cc916da48a2
2025-07-02 10:47:45,727 INFO  - Fetched company for recruiterId=3dc93452-07a2-4843-a650-c7faed6fc07c
2025-07-02 10:47:45,727 INFO  - Fetched company for recruiterId=52f3dcc7-e7bb-4419-b8a9-9cfb2a6f8b9e
2025-07-02 10:47:45,730 INFO  - Fetched company for recruiterId=585999a5-de05-4b90-bbe4-5cc916da48a2
2025-07-02 10:47:45,738 INFO  - Fetched company for recruiterId=585999a5-de05-4b90-bbe4-5cc916da48a2
2025-07-02 10:47:45,740 INFO  - Fetched company for recruiterId=52f3dcc7-e7bb-4419-b8a9-9cfb2a6f8b9e
2025-07-02 10:47:45,748 INFO  - Fetched company for recruiterId=585999a5-de05-4b90-bbe4-5cc916da48a2
2025-07-02 10:47:45,756 INFO  - Fetched company for recruiterId=585999a5-de05-4b90-bbe4-5cc916da48a2
2025-07-02 10:47:46,679 INFO  - Fetched company for recruiterId=585999a5-de05-4b90-bbe4-5cc916da48a2
2025-07-02 10:47:54,420 INFO  - Fetched company for recruiterId=585999a5-de05-4b90-bbe4-5cc916da48a2
2025-07-02 10:47:56,293 INFO  - Fetched all company names.
2025-07-02 10:47:56,314 INFO  - Fetched company for recruiterId=585999a5-de05-4b90-bbe4-5cc916da48a2
2025-07-02 10:47:56,314 INFO  - Fetched company for recruiterId=3dc93452-07a2-4843-a650-c7faed6fc07c
2025-07-02 10:47:56,314 INFO  - Fetched company for recruiterId=52f3dcc7-e7bb-4419-b8a9-9cfb2a6f8b9e
2025-07-02 10:47:56,328 INFO  - Fetched company for recruiterId=585999a5-de05-4b90-bbe4-5cc916da48a2
2025-07-02 10:47:56,333 INFO  - Fetched company for recruiterId=52f3dcc7-e7bb-4419-b8a9-9cfb2a6f8b9e
2025-07-02 10:47:56,333 INFO  - Fetched company for recruiterId=3dc93452-07a2-4843-a650-c7faed6fc07c
2025-07-02 10:47:56,348 INFO  - Fetched company for recruiterId=52f3dcc7-e7bb-4419-b8a9-9cfb2a6f8b9e
2025-07-02 10:47:56,349 INFO  - Fetched company for recruiterId=585999a5-de05-4b90-bbe4-5cc916da48a2
2025-07-02 10:47:56,361 INFO  - Fetched company for recruiterId=585999a5-de05-4b90-bbe4-5cc916da48a2
2025-07-02 10:47:56,371 INFO  - Fetched company for recruiterId=585999a5-de05-4b90-bbe4-5cc916da48a2
2025-07-02 10:48:14,186 INFO  - Fetched company for recruiterId=585999a5-de05-4b90-bbe4-5cc916da48a2
2025-07-02 10:48:15,723 INFO  - Fetched all company names.
2025-07-02 10:48:15,739 INFO  - Fetched company for recruiterId=585999a5-de05-4b90-bbe4-5cc916da48a2
2025-07-02 10:48:15,740 INFO  - Fetched company for recruiterId=3dc93452-07a2-4843-a650-c7faed6fc07c
2025-07-02 10:48:15,742 INFO  - Fetched company for recruiterId=52f3dcc7-e7bb-4419-b8a9-9cfb2a6f8b9e
2025-07-02 10:48:15,747 INFO  - Fetched company for recruiterId=3dc93452-07a2-4843-a650-c7faed6fc07c
2025-07-02 10:48:15,747 INFO  - Fetched company for recruiterId=585999a5-de05-4b90-bbe4-5cc916da48a2
2025-07-02 10:48:15,750 INFO  - Fetched company for recruiterId=52f3dcc7-e7bb-4419-b8a9-9cfb2a6f8b9e
2025-07-02 10:48:15,755 INFO  - Fetched company for recruiterId=585999a5-de05-4b90-bbe4-5cc916da48a2
2025-07-02 10:48:15,759 INFO  - Fetched company for recruiterId=52f3dcc7-e7bb-4419-b8a9-9cfb2a6f8b9e
2025-07-02 10:48:15,764 INFO  - Fetched company for recruiterId=585999a5-de05-4b90-bbe4-5cc916da48a2
2025-07-02 10:48:15,774 INFO  - Fetched company for recruiterId=585999a5-de05-4b90-bbe4-5cc916da48a2
2025-07-02 10:48:17,045 INFO  - Fetched company for recruiterId=585999a5-de05-4b90-bbe4-5cc916da48a2
2025-07-02 10:48:17,048 INFO  - Fetched company for recruiterId=52f3dcc7-e7bb-4419-b8a9-9cfb2a6f8b9e
2025-07-02 10:48:17,048 INFO  - Fetched company for recruiterId=3dc93452-07a2-4843-a650-c7faed6fc07c
2025-07-02 10:48:17,053 INFO  - Fetched company for recruiterId=585999a5-de05-4b90-bbe4-5cc916da48a2
2025-07-02 10:48:17,057 INFO  - Fetched company for recruiterId=52f3dcc7-e7bb-4419-b8a9-9cfb2a6f8b9e
2025-07-02 10:48:17,062 INFO  - Fetched company for recruiterId=585999a5-de05-4b90-bbe4-5cc916da48a2
2025-07-02 10:48:17,067 INFO  - Fetched company for recruiterId=52f3dcc7-e7bb-4419-b8a9-9cfb2a6f8b9e
2025-07-02 10:48:17,072 INFO  - Fetched company for recruiterId=585999a5-de05-4b90-bbe4-5cc916da48a2
2025-07-02 10:48:17,083 INFO  - Fetched company for recruiterId=52f3dcc7-e7bb-4419-b8a9-9cfb2a6f8b9e
2025-07-02 10:48:17,085 INFO  - Fetched company for recruiterId=585999a5-de05-4b90-bbe4-5cc916da48a2
2025-07-02 10:48:17,524 INFO  - Fetched company for recruiterId=585999a5-de05-4b90-bbe4-5cc916da48a2
2025-07-02 10:48:17,533 INFO  - Fetched company for recruiterId=585999a5-de05-4b90-bbe4-5cc916da48a2
2025-07-02 10:48:17,540 INFO  - Fetched company for recruiterId=585999a5-de05-4b90-bbe4-5cc916da48a2
2025-07-02 10:48:17,548 INFO  - Fetched company for recruiterId=585999a5-de05-4b90-bbe4-5cc916da48a2
2025-07-02 10:48:17,555 INFO  - Fetched company for recruiterId=585999a5-de05-4b90-bbe4-5cc916da48a2
2025-07-02 10:48:41,855 INFO  - Fetched company for recruiterId=585999a5-de05-4b90-bbe4-5cc916da48a2
2025-07-02 10:48:41,857 INFO  - Fetched company for recruiterId=3dc93452-07a2-4843-a650-c7faed6fc07c
2025-07-02 10:48:41,857 INFO  - Fetched company for recruiterId=52f3dcc7-e7bb-4419-b8a9-9cfb2a6f8b9e
2025-07-02 10:48:41,863 INFO  - Fetched company for recruiterId=585999a5-de05-4b90-bbe4-5cc916da48a2
2025-07-02 10:48:41,864 INFO  - Fetched company for recruiterId=52f3dcc7-e7bb-4419-b8a9-9cfb2a6f8b9e
2025-07-02 10:48:41,870 INFO  - Fetched company for recruiterId=585999a5-de05-4b90-bbe4-5cc916da48a2
2025-07-02 10:48:41,873 INFO  - Fetched company for recruiterId=52f3dcc7-e7bb-4419-b8a9-9cfb2a6f8b9e
2025-07-02 10:48:41,880 INFO  - Fetched company for recruiterId=585999a5-de05-4b90-bbe4-5cc916da48a2
2025-07-02 10:48:41,883 INFO  - Fetched company for recruiterId=52f3dcc7-e7bb-4419-b8a9-9cfb2a6f8b9e
2025-07-02 10:48:41,895 INFO  - Fetched company for recruiterId=585999a5-de05-4b90-bbe4-5cc916da48a2
2025-07-02 10:48:43,051 INFO  - Fetched all company names.
2025-07-02 10:48:43,072 INFO  - Fetched company for recruiterId=3dc93452-07a2-4843-a650-c7faed6fc07c
2025-07-02 10:48:43,072 INFO  - Fetched company for recruiterId=585999a5-de05-4b90-bbe4-5cc916da48a2
2025-07-02 10:48:43,073 INFO  - Fetched company for recruiterId=52f3dcc7-e7bb-4419-b8a9-9cfb2a6f8b9e
2025-07-02 10:48:43,084 INFO  - Fetched company for recruiterId=585999a5-de05-4b90-bbe4-5cc916da48a2
2025-07-02 10:48:43,085 INFO  - Fetched company for recruiterId=3dc93452-07a2-4843-a650-c7faed6fc07c
2025-07-02 10:48:43,085 INFO  - Fetched company for recruiterId=52f3dcc7-e7bb-4419-b8a9-9cfb2a6f8b9e
2025-07-02 10:48:43,095 INFO  - Fetched company for recruiterId=52f3dcc7-e7bb-4419-b8a9-9cfb2a6f8b9e
2025-07-02 10:48:43,095 INFO  - Fetched company for recruiterId=585999a5-de05-4b90-bbe4-5cc916da48a2
2025-07-02 10:48:43,103 INFO  - Fetched company for recruiterId=585999a5-de05-4b90-bbe4-5cc916da48a2
2025-07-02 10:48:43,109 INFO  - Fetched company for recruiterId=585999a5-de05-4b90-bbe4-5cc916da48a2
2025-07-02 10:48:43,531 INFO  - Fetched company for recruiterId=585999a5-de05-4b90-bbe4-5cc916da48a2
2025-07-02 10:49:06,414 INFO  - Fetched all company names.
2025-07-02 10:49:06,475 INFO  - Fetched company for recruiterId=585999a5-de05-4b90-bbe4-5cc916da48a2
2025-07-02 10:49:06,475 INFO  - Fetched company for recruiterId=52f3dcc7-e7bb-4419-b8a9-9cfb2a6f8b9e
2025-07-02 10:49:06,475 INFO  - Fetched company for recruiterId=3dc93452-07a2-4843-a650-c7faed6fc07c
2025-07-02 10:49:06,492 INFO  - Fetched company for recruiterId=3dc93452-07a2-4843-a650-c7faed6fc07c
2025-07-02 10:49:06,494 INFO  - Fetched company for recruiterId=52f3dcc7-e7bb-4419-b8a9-9cfb2a6f8b9e
2025-07-02 10:49:06,498 INFO  - Fetched company for recruiterId=585999a5-de05-4b90-bbe4-5cc916da48a2
2025-07-02 10:49:06,510 INFO  - Fetched company for recruiterId=585999a5-de05-4b90-bbe4-5cc916da48a2
2025-07-02 10:49:06,512 INFO  - Fetched company for recruiterId=52f3dcc7-e7bb-4419-b8a9-9cfb2a6f8b9e
2025-07-02 10:49:06,525 INFO  - Fetched company for recruiterId=585999a5-de05-4b90-bbe4-5cc916da48a2
2025-07-02 10:49:06,534 INFO  - Fetched company for recruiterId=585999a5-de05-4b90-bbe4-5cc916da48a2
2025-07-02 10:49:09,040 INFO  - User logged out: muthu@gmail.com
2025-07-02 10:49:18,079 INFO  - User logged in: muthukaruppanaakash76@gmail.com
2025-07-02 10:49:21,202 INFO  - Fetched company for recruiterId=3dc93452-07a2-4843-a650-c7faed6fc07c
2025-07-02 10:49:21,211 INFO  - Fetched company for recruiterId=3dc93452-07a2-4843-a650-c7faed6fc07c
2025-07-02 10:49:21,217 INFO  - Fetched company for recruiterId=3dc93452-07a2-4843-a650-c7faed6fc07c
2025-07-02 10:49:21,223 INFO  - Fetched company for recruiterId=3dc93452-07a2-4843-a650-c7faed6fc07c
2025-07-02 10:49:26,428 INFO  - Fetched all skills.
2025-07-02 10:49:27,011 INFO  - Fetched company for recruiterId=3dc93452-07a2-4843-a650-c7faed6fc07c
2025-07-02 10:49:27,017 INFO  - Fetched company for recruiterId=3dc93452-07a2-4843-a650-c7faed6fc07c
2025-07-02 10:49:27,024 INFO  - Fetched company for recruiterId=3dc93452-07a2-4843-a650-c7faed6fc07c
2025-07-02 10:49:27,030 INFO  - Fetched company for recruiterId=3dc93452-07a2-4843-a650-c7faed6fc07c
2025-07-02 10:49:29,688 INFO  - Fetched company for recruiterId=3dc93452-07a2-4843-a650-c7faed6fc07c
2025-07-02 10:49:29,695 INFO  - Fetched company for recruiterId=3dc93452-07a2-4843-a650-c7faed6fc07c
2025-07-02 10:49:29,701 INFO  - Fetched company for recruiterId=3dc93452-07a2-4843-a650-c7faed6fc07c
2025-07-02 10:49:29,708 INFO  - Fetched company for recruiterId=3dc93452-07a2-4843-a650-c7faed6fc07c
2025-07-02 10:49:31,906 INFO  - Fetched company for recruiterId=3dc93452-07a2-4843-a650-c7faed6fc07c
2025-07-02 10:49:31,911 INFO  - Fetched company for recruiterId=3dc93452-07a2-4843-a650-c7faed6fc07c
2025-07-02 10:49:31,917 INFO  - Fetched company for recruiterId=3dc93452-07a2-4843-a650-c7faed6fc07c
2025-07-02 10:49:31,923 INFO  - Fetched company for recruiterId=3dc93452-07a2-4843-a650-c7faed6fc07c
2025-07-02 10:49:46,698 INFO  - Fetched company for recruiterId=3dc93452-07a2-4843-a650-c7faed6fc07c
2025-07-02 10:49:46,712 INFO  - Fetched company for recruiterId=3dc93452-07a2-4843-a650-c7faed6fc07c
2025-07-02 10:49:46,720 INFO  - Fetched company for recruiterId=3dc93452-07a2-4843-a650-c7faed6fc07c
2025-07-02 10:49:46,729 INFO  - Fetched company for recruiterId=3dc93452-07a2-4843-a650-c7faed6fc07c
2025-07-02 10:49:47,801 INFO  - Fetched all skills.
2025-07-02 10:50:01,253 INFO  - Fetched company for recruiterId=3dc93452-07a2-4843-a650-c7faed6fc07c
2025-07-02 10:50:01,260 INFO  - Fetched company for recruiterId=3dc93452-07a2-4843-a650-c7faed6fc07c
2025-07-02 10:50:01,266 INFO  - Fetched company for recruiterId=3dc93452-07a2-4843-a650-c7faed6fc07c
2025-07-02 10:50:01,273 INFO  - Fetched company for recruiterId=3dc93452-07a2-4843-a650-c7faed6fc07c
2025-07-02 10:50:03,516 INFO  - Fetched company for recruiterId=3dc93452-07a2-4843-a650-c7faed6fc07c
2025-07-02 10:50:03,522 INFO  - Fetched company for recruiterId=3dc93452-07a2-4843-a650-c7faed6fc07c
2025-07-02 10:50:03,529 INFO  - Fetched company for recruiterId=3dc93452-07a2-4843-a650-c7faed6fc07c
2025-07-02 10:50:03,534 INFO  - Fetched company for recruiterId=3dc93452-07a2-4843-a650-c7faed6fc07c
2025-07-02 10:51:21,776 INFO  - Fetched company for recruiterId=3dc93452-07a2-4843-a650-c7faed6fc07c
2025-07-02 10:51:21,891 INFO  - Fetched company for recruiterId=3dc93452-07a2-4843-a650-c7faed6fc07c
2025-07-02 10:51:21,902 INFO  - Fetched company for recruiterId=3dc93452-07a2-4843-a650-c7faed6fc07c
2025-07-02 10:51:21,912 INFO  - Fetched company for recruiterId=3dc93452-07a2-4843-a650-c7faed6fc07c
2025-07-02 10:51:23,287 INFO  - Fetched company for recruiterId=3dc93452-07a2-4843-a650-c7faed6fc07c
2025-07-02 10:51:23,297 INFO  - Fetched company for recruiterId=3dc93452-07a2-4843-a650-c7faed6fc07c
2025-07-02 10:51:23,316 INFO  - Fetched company for recruiterId=3dc93452-07a2-4843-a650-c7faed6fc07c
2025-07-02 10:51:23,326 INFO  - Fetched company for recruiterId=3dc93452-07a2-4843-a650-c7faed6fc07c
2025-07-02 10:53:25,552 INFO  - Fetched company for recruiterId=3dc93452-07a2-4843-a650-c7faed6fc07c
2025-07-02 10:53:25,564 INFO  - Fetched company for recruiterId=3dc93452-07a2-4843-a650-c7faed6fc07c
2025-07-02 10:53:25,575 INFO  - Fetched company for recruiterId=3dc93452-07a2-4843-a650-c7faed6fc07c
2025-07-02 10:53:25,583 INFO  - Fetched company for recruiterId=3dc93452-07a2-4843-a650-c7faed6fc07c
2025-07-02 10:54:43,728 INFO  - Fetched all skills.
2025-07-02 10:54:45,400 INFO  - Fetched company for recruiterId=3dc93452-07a2-4843-a650-c7faed6fc07c
2025-07-02 10:54:46,300 INFO  - Fetched all skills.
2025-07-02 10:55:20,568 INFO  - Fetched all skills.
2025-07-02 10:55:55,539 INFO  - Fetched company for recruiterId=3dc93452-07a2-4843-a650-c7faed6fc07c
2025-07-02 10:55:55,562 INFO  - Fetched company for recruiterId=3dc93452-07a2-4843-a650-c7faed6fc07c
2025-07-02 10:55:55,574 INFO  - Fetched company for recruiterId=3dc93452-07a2-4843-a650-c7faed6fc07c
2025-07-02 10:55:55,586 INFO  - Fetched company for recruiterId=3dc93452-07a2-4843-a650-c7faed6fc07c
2025-07-02 10:55:59,740 INFO  - Fetched company for recruiterId=3dc93452-07a2-4843-a650-c7faed6fc07c
2025-07-02 10:55:59,747 INFO  - Fetched company for recruiterId=3dc93452-07a2-4843-a650-c7faed6fc07c
2025-07-02 10:55:59,762 INFO  - Fetched company for recruiterId=3dc93452-07a2-4843-a650-c7faed6fc07c
2025-07-02 10:55:59,770 INFO  - Fetched company for recruiterId=3dc93452-07a2-4843-a650-c7faed6fc07c
2025-07-02 10:56:03,835 INFO  - Fetched company for recruiterId=3dc93452-07a2-4843-a650-c7faed6fc07c
2025-07-02 10:56:03,842 INFO  - Fetched company for recruiterId=3dc93452-07a2-4843-a650-c7faed6fc07c
2025-07-02 10:56:03,848 INFO  - Fetched company for recruiterId=3dc93452-07a2-4843-a650-c7faed6fc07c
2025-07-02 10:56:03,856 INFO  - Fetched company for recruiterId=3dc93452-07a2-4843-a650-c7faed6fc07c
2025-07-02 10:56:06,417 INFO  - Fetched company for recruiterId=3dc93452-07a2-4843-a650-c7faed6fc07c
2025-07-02 10:56:06,424 INFO  - Fetched company for recruiterId=3dc93452-07a2-4843-a650-c7faed6fc07c
2025-07-02 10:56:06,437 INFO  - Fetched company for recruiterId=3dc93452-07a2-4843-a650-c7faed6fc07c
2025-07-02 10:56:06,442 INFO  - Fetched company for recruiterId=3dc93452-07a2-4843-a650-c7faed6fc07c
2025-07-02 10:57:47,615 INFO  - Fetched company for recruiterId=3dc93452-07a2-4843-a650-c7faed6fc07c
2025-07-02 10:57:47,639 INFO  - Fetched company for recruiterId=3dc93452-07a2-4843-a650-c7faed6fc07c
2025-07-02 10:57:47,646 INFO  - Fetched company for recruiterId=3dc93452-07a2-4843-a650-c7faed6fc07c
2025-07-02 10:57:47,661 INFO  - Fetched company for recruiterId=3dc93452-07a2-4843-a650-c7faed6fc07c
2025-07-02 11:05:34,214 INFO  - Fetched company for recruiterId=3dc93452-07a2-4843-a650-c7faed6fc07c
2025-07-02 11:05:34,263 INFO  - Fetched company for recruiterId=3dc93452-07a2-4843-a650-c7faed6fc07c
2025-07-02 11:05:34,278 INFO  - Fetched company for recruiterId=3dc93452-07a2-4843-a650-c7faed6fc07c
2025-07-02 11:05:34,292 INFO  - Fetched company for recruiterId=3dc93452-07a2-4843-a650-c7faed6fc07c
2025-07-02 11:05:39,222 INFO  - Fetched company for recruiterId=3dc93452-07a2-4843-a650-c7faed6fc07c
2025-07-02 11:05:39,992 INFO  - Fetched company for recruiterId=3dc93452-07a2-4843-a650-c7faed6fc07c
2025-07-02 11:05:40,006 INFO  - Fetched company for recruiterId=3dc93452-07a2-4843-a650-c7faed6fc07c
2025-07-02 11:05:40,015 INFO  - Fetched company for recruiterId=3dc93452-07a2-4843-a650-c7faed6fc07c
2025-07-02 11:05:40,022 INFO  - Fetched company for recruiterId=3dc93452-07a2-4843-a650-c7faed6fc07c
2025-07-02 11:05:40,539 INFO  - Fetched all skills.
2025-07-02 11:05:41,955 INFO  - Fetched all skills.
2025-07-02 11:05:42,357 INFO  - Fetched company for recruiterId=3dc93452-07a2-4843-a650-c7faed6fc07c
2025-07-02 11:05:42,364 INFO  - Fetched company for recruiterId=3dc93452-07a2-4843-a650-c7faed6fc07c
2025-07-02 11:05:42,371 INFO  - Fetched company for recruiterId=3dc93452-07a2-4843-a650-c7faed6fc07c
2025-07-02 11:05:42,377 INFO  - Fetched company for recruiterId=3dc93452-07a2-4843-a650-c7faed6fc07c
2025-07-02 11:05:44,671 INFO  - Fetched company for recruiterId=3dc93452-07a2-4843-a650-c7faed6fc07c
2025-07-02 11:05:44,681 INFO  - Fetched company for recruiterId=3dc93452-07a2-4843-a650-c7faed6fc07c
2025-07-02 11:05:44,688 INFO  - Fetched company for recruiterId=3dc93452-07a2-4843-a650-c7faed6fc07c
2025-07-02 11:05:44,697 INFO  - Fetched company for recruiterId=3dc93452-07a2-4843-a650-c7faed6fc07c
2025-07-02 11:05:46,664 INFO  - Fetched company for recruiterId=3dc93452-07a2-4843-a650-c7faed6fc07c
2025-07-02 11:05:46,672 INFO  - Fetched company for recruiterId=3dc93452-07a2-4843-a650-c7faed6fc07c
2025-07-02 11:05:46,679 INFO  - Fetched company for recruiterId=3dc93452-07a2-4843-a650-c7faed6fc07c
2025-07-02 11:05:46,694 INFO  - Fetched company for recruiterId=3dc93452-07a2-4843-a650-c7faed6fc07c
2025-07-02 11:05:48,980 INFO  - User logged out: muthukaruppanaakash76@gmail.com
2025-07-02 11:06:02,162 INFO  - User logged in: muthu@gmail.com
2025-07-02 11:06:09,567 INFO  - Fetched company for recruiterId=585999a5-de05-4b90-bbe4-5cc916da48a2
2025-07-02 11:06:10,225 INFO  - Fetched all company names.
2025-07-02 11:06:10,286 INFO  - Fetched company for recruiterId=585999a5-de05-4b90-bbe4-5cc916da48a2
2025-07-02 11:06:10,293 INFO  - Fetched company for recruiterId=585999a5-de05-4b90-bbe4-5cc916da48a2
2025-07-02 11:06:10,298 INFO  - Fetched company for recruiterId=3dc93452-07a2-4843-a650-c7faed6fc07c
2025-07-02 11:06:10,299 INFO  - Fetched company for recruiterId=52f3dcc7-e7bb-4419-b8a9-9cfb2a6f8b9e
2025-07-02 11:06:10,302 INFO  - Fetched company for recruiterId=585999a5-de05-4b90-bbe4-5cc916da48a2
2025-07-02 11:06:10,306 INFO  - Fetched company for recruiterId=3dc93452-07a2-4843-a650-c7faed6fc07c
2025-07-02 11:06:10,309 INFO  - Fetched company for recruiterId=52f3dcc7-e7bb-4419-b8a9-9cfb2a6f8b9e
2025-07-02 11:06:10,313 INFO  - Fetched company for recruiterId=585999a5-de05-4b90-bbe4-5cc916da48a2
2025-07-02 11:06:10,320 INFO  - Fetched company for recruiterId=52f3dcc7-e7bb-4419-b8a9-9cfb2a6f8b9e
2025-07-02 11:06:10,322 INFO  - Fetched company for recruiterId=585999a5-de05-4b90-bbe4-5cc916da48a2
2025-07-02 11:06:10,828 INFO  - Fetched company for recruiterId=585999a5-de05-4b90-bbe4-5cc916da48a2
2025-07-02 11:06:10,830 INFO  - Fetched company for recruiterId=3dc93452-07a2-4843-a650-c7faed6fc07c
2025-07-02 11:06:10,830 INFO  - Fetched company for recruiterId=52f3dcc7-e7bb-4419-b8a9-9cfb2a6f8b9e
2025-07-02 11:06:10,836 INFO  - Fetched company for recruiterId=585999a5-de05-4b90-bbe4-5cc916da48a2
2025-07-02 11:06:10,837 INFO  - Fetched company for recruiterId=52f3dcc7-e7bb-4419-b8a9-9cfb2a6f8b9e
2025-07-02 11:06:10,842 INFO  - Fetched company for recruiterId=52f3dcc7-e7bb-4419-b8a9-9cfb2a6f8b9e
2025-07-02 11:06:10,842 INFO  - Fetched company for recruiterId=585999a5-de05-4b90-bbe4-5cc916da48a2
2025-07-02 11:06:10,851 INFO  - Fetched company for recruiterId=52f3dcc7-e7bb-4419-b8a9-9cfb2a6f8b9e
2025-07-02 11:06:10,851 INFO  - Fetched company for recruiterId=585999a5-de05-4b90-bbe4-5cc916da48a2
2025-07-02 11:06:10,861 INFO  - Fetched company for recruiterId=585999a5-de05-4b90-bbe4-5cc916da48a2
2025-07-02 11:06:11,282 INFO  - Fetched all company names.
2025-07-02 11:06:11,302 INFO  - Fetched company for recruiterId=585999a5-de05-4b90-bbe4-5cc916da48a2
2025-07-02 11:06:11,302 INFO  - Fetched company for recruiterId=3dc93452-07a2-4843-a650-c7faed6fc07c
2025-07-02 11:06:11,304 INFO  - Fetched company for recruiterId=52f3dcc7-e7bb-4419-b8a9-9cfb2a6f8b9e
2025-07-02 11:06:11,314 INFO  - Fetched company for recruiterId=585999a5-de05-4b90-bbe4-5cc916da48a2
2025-07-02 11:06:11,314 INFO  - Fetched company for recruiterId=3dc93452-07a2-4843-a650-c7faed6fc07c
2025-07-02 11:06:11,316 INFO  - Fetched company for recruiterId=52f3dcc7-e7bb-4419-b8a9-9cfb2a6f8b9e
2025-07-02 11:06:11,323 INFO  - Fetched company for recruiterId=585999a5-de05-4b90-bbe4-5cc916da48a2
2025-07-02 11:06:11,324 INFO  - Fetched company for recruiterId=52f3dcc7-e7bb-4419-b8a9-9cfb2a6f8b9e
2025-07-02 11:06:11,335 INFO  - Fetched company for recruiterId=585999a5-de05-4b90-bbe4-5cc916da48a2
2025-07-02 11:06:11,343 INFO  - Fetched company for recruiterId=585999a5-de05-4b90-bbe4-5cc916da48a2
2025-07-02 11:06:12,402 INFO  - Fetched company for recruiterId=585999a5-de05-4b90-bbe4-5cc916da48a2
2025-07-02 11:07:40,340 INFO  - Fetched all company names.
2025-07-02 11:07:40,360 INFO  - Fetched company for recruiterId=585999a5-de05-4b90-bbe4-5cc916da48a2
2025-07-02 11:07:40,362 INFO  - Fetched company for recruiterId=3dc93452-07a2-4843-a650-c7faed6fc07c
2025-07-02 11:07:40,362 INFO  - Fetched company for recruiterId=52f3dcc7-e7bb-4419-b8a9-9cfb2a6f8b9e
2025-07-02 11:07:40,373 INFO  - Fetched company for recruiterId=585999a5-de05-4b90-bbe4-5cc916da48a2
2025-07-02 11:07:40,373 INFO  - Fetched company for recruiterId=52f3dcc7-e7bb-4419-b8a9-9cfb2a6f8b9e
2025-07-02 11:07:40,373 INFO  - Fetched company for recruiterId=3dc93452-07a2-4843-a650-c7faed6fc07c
2025-07-02 11:07:40,385 INFO  - Fetched company for recruiterId=585999a5-de05-4b90-bbe4-5cc916da48a2
2025-07-02 11:07:40,385 INFO  - Fetched company for recruiterId=52f3dcc7-e7bb-4419-b8a9-9cfb2a6f8b9e
2025-07-02 11:07:40,396 INFO  - Fetched company for recruiterId=585999a5-de05-4b90-bbe4-5cc916da48a2
2025-07-02 11:07:40,405 INFO  - Fetched company for recruiterId=585999a5-de05-4b90-bbe4-5cc916da48a2
2025-07-02 11:07:42,828 INFO  - Fetched company for recruiterId=585999a5-de05-4b90-bbe4-5cc916da48a2
2025-07-02 11:07:42,830 INFO  - Fetched company for recruiterId=3dc93452-07a2-4843-a650-c7faed6fc07c
2025-07-02 11:07:42,830 INFO  - Fetched company for recruiterId=52f3dcc7-e7bb-4419-b8a9-9cfb2a6f8b9e
2025-07-02 11:07:42,838 INFO  - Fetched company for recruiterId=585999a5-de05-4b90-bbe4-5cc916da48a2
2025-07-02 11:07:42,841 INFO  - Fetched company for recruiterId=52f3dcc7-e7bb-4419-b8a9-9cfb2a6f8b9e
2025-07-02 11:07:42,845 INFO  - Fetched company for recruiterId=585999a5-de05-4b90-bbe4-5cc916da48a2
2025-07-02 11:07:42,847 INFO  - Fetched company for recruiterId=52f3dcc7-e7bb-4419-b8a9-9cfb2a6f8b9e
2025-07-02 11:07:42,852 INFO  - Fetched company for recruiterId=585999a5-de05-4b90-bbe4-5cc916da48a2
2025-07-02 11:07:42,854 INFO  - Fetched company for recruiterId=52f3dcc7-e7bb-4419-b8a9-9cfb2a6f8b9e
2025-07-02 11:07:42,861 INFO  - Fetched company for recruiterId=585999a5-de05-4b90-bbe4-5cc916da48a2
2025-07-02 11:07:43,882 INFO  - Fetched company for recruiterId=585999a5-de05-4b90-bbe4-5cc916da48a2
2025-07-02 11:07:44,911 INFO  - Fetched all company names.
2025-07-02 11:07:44,927 INFO  - Fetched company for recruiterId=585999a5-de05-4b90-bbe4-5cc916da48a2
2025-07-02 11:07:44,928 INFO  - Fetched company for recruiterId=3dc93452-07a2-4843-a650-c7faed6fc07c
2025-07-02 11:07:44,930 INFO  - Fetched company for recruiterId=52f3dcc7-e7bb-4419-b8a9-9cfb2a6f8b9e
2025-07-02 11:07:44,935 INFO  - Fetched company for recruiterId=585999a5-de05-4b90-bbe4-5cc916da48a2
2025-07-02 11:07:44,936 INFO  - Fetched company for recruiterId=3dc93452-07a2-4843-a650-c7faed6fc07c
2025-07-02 11:07:44,939 INFO  - Fetched company for recruiterId=52f3dcc7-e7bb-4419-b8a9-9cfb2a6f8b9e
2025-07-02 11:07:44,948 INFO  - Fetched company for recruiterId=585999a5-de05-4b90-bbe4-5cc916da48a2
2025-07-02 11:07:44,948 INFO  - Fetched company for recruiterId=52f3dcc7-e7bb-4419-b8a9-9cfb2a6f8b9e
2025-07-02 11:07:44,958 INFO  - Fetched company for recruiterId=585999a5-de05-4b90-bbe4-5cc916da48a2
2025-07-02 11:07:44,964 INFO  - Fetched company for recruiterId=585999a5-de05-4b90-bbe4-5cc916da48a2
2025-07-02 11:07:47,158 INFO  - Fetched company for recruiterId=585999a5-de05-4b90-bbe4-5cc916da48a2
2025-07-02 11:07:47,887 INFO  - Fetched all company names.
2025-07-02 11:07:47,907 INFO  - Fetched company for recruiterId=585999a5-de05-4b90-bbe4-5cc916da48a2
2025-07-02 11:07:47,907 INFO  - Fetched company for recruiterId=3dc93452-07a2-4843-a650-c7faed6fc07c
2025-07-02 11:07:47,908 INFO  - Fetched company for recruiterId=52f3dcc7-e7bb-4419-b8a9-9cfb2a6f8b9e
2025-07-02 11:07:47,918 INFO  - Fetched company for recruiterId=585999a5-de05-4b90-bbe4-5cc916da48a2
2025-07-02 11:07:47,918 INFO  - Fetched company for recruiterId=3dc93452-07a2-4843-a650-c7faed6fc07c
2025-07-02 11:07:47,918 INFO  - Fetched company for recruiterId=52f3dcc7-e7bb-4419-b8a9-9cfb2a6f8b9e
2025-07-02 11:07:47,927 INFO  - Fetched company for recruiterId=585999a5-de05-4b90-bbe4-5cc916da48a2
2025-07-02 11:07:47,927 INFO  - Fetched company for recruiterId=52f3dcc7-e7bb-4419-b8a9-9cfb2a6f8b9e
2025-07-02 11:07:47,933 INFO  - Fetched company for recruiterId=585999a5-de05-4b90-bbe4-5cc916da48a2
2025-07-02 11:07:47,941 INFO  - Fetched company for recruiterId=585999a5-de05-4b90-bbe4-5cc916da48a2
2025-07-02 11:07:50,166 INFO  - Fetched all company names.
2025-07-02 11:07:50,187 INFO  - Fetched company for recruiterId=3dc93452-07a2-4843-a650-c7faed6fc07c
2025-07-02 11:07:50,189 INFO  - Fetched company for recruiterId=585999a5-de05-4b90-bbe4-5cc916da48a2
2025-07-02 11:07:50,193 INFO  - Fetched company for recruiterId=52f3dcc7-e7bb-4419-b8a9-9cfb2a6f8b9e
2025-07-02 11:07:50,198 INFO  - Fetched company for recruiterId=3dc93452-07a2-4843-a650-c7faed6fc07c
2025-07-02 11:07:50,198 INFO  - Fetched company for recruiterId=585999a5-de05-4b90-bbe4-5cc916da48a2
2025-07-02 11:07:50,203 INFO  - Fetched company for recruiterId=52f3dcc7-e7bb-4419-b8a9-9cfb2a6f8b9e
2025-07-02 11:07:50,210 INFO  - Fetched company for recruiterId=585999a5-de05-4b90-bbe4-5cc916da48a2
2025-07-02 11:07:50,217 INFO  - Fetched company for recruiterId=52f3dcc7-e7bb-4419-b8a9-9cfb2a6f8b9e
2025-07-02 11:07:50,225 INFO  - Fetched company for recruiterId=585999a5-de05-4b90-bbe4-5cc916da48a2
2025-07-02 11:07:50,236 INFO  - Fetched company for recruiterId=585999a5-de05-4b90-bbe4-5cc916da48a2
2025-07-02 11:08:53,970 INFO  - User logged out: muthu@gmail.com
2025-07-02 11:09:05,441 INFO  - User logged in: muthukaruppanaakash76@gmail.com
2025-07-02 11:09:07,488 INFO  - Fetched company for recruiterId=3dc93452-07a2-4843-a650-c7faed6fc07c
2025-07-02 11:09:09,005 INFO  - Fetched company for recruiterId=3dc93452-07a2-4843-a650-c7faed6fc07c
2025-07-02 11:09:10,023 INFO  - Fetched company for recruiterId=3dc93452-07a2-4843-a650-c7faed6fc07c
2025-07-02 11:09:10,033 INFO  - Fetched company for recruiterId=3dc93452-07a2-4843-a650-c7faed6fc07c
2025-07-02 11:09:10,039 INFO  - Fetched company for recruiterId=3dc93452-07a2-4843-a650-c7faed6fc07c
2025-07-02 11:09:10,045 INFO  - Fetched company for recruiterId=3dc93452-07a2-4843-a650-c7faed6fc07c
2025-07-02 11:10:54,443 INFO  - Fetched all skills.
2025-07-02 11:11:17,497 INFO  - Fetched company for recruiterId=3dc93452-07a2-4843-a650-c7faed6fc07c
2025-07-02 11:11:17,504 INFO  - Fetched company for recruiterId=3dc93452-07a2-4843-a650-c7faed6fc07c
2025-07-02 11:11:17,509 INFO  - Fetched company for recruiterId=3dc93452-07a2-4843-a650-c7faed6fc07c
2025-07-02 11:11:17,515 INFO  - Fetched company for recruiterId=3dc93452-07a2-4843-a650-c7faed6fc07c
2025-07-02 11:11:26,075 INFO  - Fetched company for recruiterId=3dc93452-07a2-4843-a650-c7faed6fc07c
2025-07-02 11:11:26,081 INFO  - Fetched company for recruiterId=3dc93452-07a2-4843-a650-c7faed6fc07c
2025-07-02 11:11:26,089 INFO  - Fetched company for recruiterId=3dc93452-07a2-4843-a650-c7faed6fc07c
2025-07-02 11:11:26,095 INFO  - Fetched company for recruiterId=3dc93452-07a2-4843-a650-c7faed6fc07c
2025-07-02 11:11:51,353 INFO  - Fetched company for recruiterId=3dc93452-07a2-4843-a650-c7faed6fc07c
2025-07-02 11:11:51,360 INFO  - Fetched company for recruiterId=3dc93452-07a2-4843-a650-c7faed6fc07c
2025-07-02 11:11:51,369 INFO  - Fetched company for recruiterId=3dc93452-07a2-4843-a650-c7faed6fc07c
2025-07-02 11:11:51,376 INFO  - Fetched company for recruiterId=3dc93452-07a2-4843-a650-c7faed6fc07c
2025-07-02 11:12:10,077 INFO  - User logged out: muthukaruppanaakash76@gmail.com
2025-07-02 11:12:22,969 INFO  - User logged in: muthu@gmail.com
2025-07-02 11:12:26,417 INFO  - Fetched company for recruiterId=585999a5-de05-4b90-bbe4-5cc916da48a2
2025-07-02 11:12:27,076 INFO  - Fetched all company names.
2025-07-02 11:12:27,092 INFO  - Fetched company for recruiterId=3dc93452-07a2-4843-a650-c7faed6fc07c
2025-07-02 11:12:27,092 INFO  - Fetched company for recruiterId=585999a5-de05-4b90-bbe4-5cc916da48a2
2025-07-02 11:12:27,101 INFO  - Fetched company for recruiterId=585999a5-de05-4b90-bbe4-5cc916da48a2
2025-07-02 11:12:27,101 INFO  - Fetched company for recruiterId=3dc93452-07a2-4843-a650-c7faed6fc07c
2025-07-02 11:12:27,109 INFO  - Fetched company for recruiterId=52f3dcc7-e7bb-4419-b8a9-9cfb2a6f8b9e
2025-07-02 11:12:27,112 INFO  - Fetched company for recruiterId=585999a5-de05-4b90-bbe4-5cc916da48a2
2025-07-02 11:12:27,119 INFO  - Fetched company for recruiterId=52f3dcc7-e7bb-4419-b8a9-9cfb2a6f8b9e
2025-07-02 11:12:27,124 INFO  - Fetched company for recruiterId=585999a5-de05-4b90-bbe4-5cc916da48a2
2025-07-02 11:12:27,129 INFO  - Fetched company for recruiterId=52f3dcc7-e7bb-4419-b8a9-9cfb2a6f8b9e
2025-07-02 11:12:27,135 INFO  - Fetched company for recruiterId=585999a5-de05-4b90-bbe4-5cc916da48a2
2025-07-02 11:13:26,819 INFO  - Fetched all company names.
2025-07-02 11:13:26,922 INFO  - Fetched company for recruiterId=585999a5-de05-4b90-bbe4-5cc916da48a2
2025-07-02 11:13:26,943 INFO  - Fetched company for recruiterId=3dc93452-07a2-4843-a650-c7faed6fc07c
2025-07-02 11:13:26,944 INFO  - Fetched company for recruiterId=52f3dcc7-e7bb-4419-b8a9-9cfb2a6f8b9e
2025-07-02 11:13:26,951 INFO  - Fetched company for recruiterId=585999a5-de05-4b90-bbe4-5cc916da48a2
2025-07-02 11:13:26,965 INFO  - Fetched company for recruiterId=585999a5-de05-4b90-bbe4-5cc916da48a2
2025-07-02 11:13:26,965 INFO  - Fetched company for recruiterId=3dc93452-07a2-4843-a650-c7faed6fc07c
2025-07-02 11:13:26,966 INFO  - Fetched company for recruiterId=52f3dcc7-e7bb-4419-b8a9-9cfb2a6f8b9e
2025-07-02 11:13:26,977 INFO  - Fetched company for recruiterId=585999a5-de05-4b90-bbe4-5cc916da48a2
2025-07-02 11:13:26,981 INFO  - Fetched company for recruiterId=52f3dcc7-e7bb-4419-b8a9-9cfb2a6f8b9e
2025-07-02 11:13:26,994 INFO  - Fetched company for recruiterId=585999a5-de05-4b90-bbe4-5cc916da48a2
2025-07-02 11:13:29,020 INFO  - Fetched all company names.
2025-07-02 11:13:29,101 INFO  - Fetched company for recruiterId=3dc93452-07a2-4843-a650-c7faed6fc07c
2025-07-02 11:13:29,111 INFO  - Fetched company for recruiterId=52f3dcc7-e7bb-4419-b8a9-9cfb2a6f8b9e
2025-07-02 11:13:29,115 INFO  - Fetched company for recruiterId=585999a5-de05-4b90-bbe4-5cc916da48a2
2025-07-02 11:13:29,141 INFO  - Fetched company for recruiterId=3dc93452-07a2-4843-a650-c7faed6fc07c
2025-07-02 11:13:29,149 INFO  - Fetched company for recruiterId=585999a5-de05-4b90-bbe4-5cc916da48a2
2025-07-02 11:13:29,149 INFO  - Fetched company for recruiterId=52f3dcc7-e7bb-4419-b8a9-9cfb2a6f8b9e
2025-07-02 11:13:29,166 INFO  - Fetched company for recruiterId=585999a5-de05-4b90-bbe4-5cc916da48a2
2025-07-02 11:13:29,166 INFO  - Fetched company for recruiterId=52f3dcc7-e7bb-4419-b8a9-9cfb2a6f8b9e
2025-07-02 11:13:29,180 INFO  - Fetched company for recruiterId=585999a5-de05-4b90-bbe4-5cc916da48a2
2025-07-02 11:13:29,229 INFO  - Fetched company for recruiterId=585999a5-de05-4b90-bbe4-5cc916da48a2
2025-07-02 11:14:34,256 INFO  - Fetched all company names.
2025-07-02 11:14:34,297 INFO  - Fetched company for recruiterId=585999a5-de05-4b90-bbe4-5cc916da48a2
2025-07-02 11:14:34,305 INFO  - Fetched company for recruiterId=3dc93452-07a2-4843-a650-c7faed6fc07c
2025-07-02 11:14:34,311 INFO  - Fetched company for recruiterId=585999a5-de05-4b90-bbe4-5cc916da48a2
2025-07-02 11:14:34,323 INFO  - Fetched company for recruiterId=585999a5-de05-4b90-bbe4-5cc916da48a2
2025-07-02 11:14:34,323 INFO  - Fetched company for recruiterId=52f3dcc7-e7bb-4419-b8a9-9cfb2a6f8b9e
2025-07-02 11:14:34,331 INFO  - Fetched company for recruiterId=3dc93452-07a2-4843-a650-c7faed6fc07c
2025-07-02 11:14:34,337 INFO  - Fetched company for recruiterId=52f3dcc7-e7bb-4419-b8a9-9cfb2a6f8b9e
2025-07-02 11:14:34,338 INFO  - Fetched company for recruiterId=585999a5-de05-4b90-bbe4-5cc916da48a2
2025-07-02 11:14:34,350 INFO  - Fetched company for recruiterId=52f3dcc7-e7bb-4419-b8a9-9cfb2a6f8b9e
2025-07-02 11:14:34,350 INFO  - Fetched company for recruiterId=585999a5-de05-4b90-bbe4-5cc916da48a2
2025-07-02 11:14:39,462 INFO  - Fetched company for recruiterId=585999a5-de05-4b90-bbe4-5cc916da48a2
2025-07-02 11:14:39,463 INFO  - Fetched company for recruiterId=3dc93452-07a2-4843-a650-c7faed6fc07c
2025-07-02 11:14:39,465 INFO  - Fetched company for recruiterId=52f3dcc7-e7bb-4419-b8a9-9cfb2a6f8b9e
2025-07-02 11:14:39,469 INFO  - Fetched company for recruiterId=585999a5-de05-4b90-bbe4-5cc916da48a2
2025-07-02 11:14:39,472 INFO  - Fetched company for recruiterId=52f3dcc7-e7bb-4419-b8a9-9cfb2a6f8b9e
2025-07-02 11:14:39,478 INFO  - Fetched company for recruiterId=585999a5-de05-4b90-bbe4-5cc916da48a2
2025-07-02 11:14:39,480 INFO  - Fetched company for recruiterId=52f3dcc7-e7bb-4419-b8a9-9cfb2a6f8b9e
2025-07-02 11:14:39,489 INFO  - Fetched company for recruiterId=585999a5-de05-4b90-bbe4-5cc916da48a2
2025-07-02 11:14:39,489 INFO  - Fetched company for recruiterId=52f3dcc7-e7bb-4419-b8a9-9cfb2a6f8b9e
2025-07-02 11:14:39,498 INFO  - Fetched company for recruiterId=585999a5-de05-4b90-bbe4-5cc916da48a2
2025-07-02 11:14:40,159 INFO  - Fetched all company names.
2025-07-02 11:14:40,180 INFO  - Fetched company for recruiterId=585999a5-de05-4b90-bbe4-5cc916da48a2
2025-07-02 11:14:40,180 INFO  - Fetched company for recruiterId=3dc93452-07a2-4843-a650-c7faed6fc07c
2025-07-02 11:14:40,182 INFO  - Fetched company for recruiterId=52f3dcc7-e7bb-4419-b8a9-9cfb2a6f8b9e
2025-07-02 11:14:40,190 INFO  - Fetched company for recruiterId=3dc93452-07a2-4843-a650-c7faed6fc07c
2025-07-02 11:14:40,190 INFO  - Fetched company for recruiterId=585999a5-de05-4b90-bbe4-5cc916da48a2
2025-07-02 11:14:40,193 INFO  - Fetched company for recruiterId=52f3dcc7-e7bb-4419-b8a9-9cfb2a6f8b9e
2025-07-02 11:14:40,201 INFO  - Fetched company for recruiterId=585999a5-de05-4b90-bbe4-5cc916da48a2
2025-07-02 11:14:40,201 INFO  - Fetched company for recruiterId=52f3dcc7-e7bb-4419-b8a9-9cfb2a6f8b9e
2025-07-02 11:14:40,208 INFO  - Fetched company for recruiterId=585999a5-de05-4b90-bbe4-5cc916da48a2
2025-07-02 11:14:40,215 INFO  - Fetched company for recruiterId=585999a5-de05-4b90-bbe4-5cc916da48a2
2025-07-02 11:14:49,196 INFO  - Fetched all company names.
2025-07-02 11:14:49,214 INFO  - Fetched company for recruiterId=3dc93452-07a2-4843-a650-c7faed6fc07c
2025-07-02 11:14:49,216 INFO  - Fetched company for recruiterId=585999a5-de05-4b90-bbe4-5cc916da48a2
2025-07-02 11:14:49,216 INFO  - Fetched company for recruiterId=52f3dcc7-e7bb-4419-b8a9-9cfb2a6f8b9e
2025-07-02 11:14:49,224 INFO  - Fetched company for recruiterId=3dc93452-07a2-4843-a650-c7faed6fc07c
2025-07-02 11:14:49,224 INFO  - Fetched company for recruiterId=585999a5-de05-4b90-bbe4-5cc916da48a2
2025-07-02 11:14:49,225 INFO  - Fetched company for recruiterId=52f3dcc7-e7bb-4419-b8a9-9cfb2a6f8b9e
2025-07-02 11:14:49,232 INFO  - Fetched company for recruiterId=585999a5-de05-4b90-bbe4-5cc916da48a2
2025-07-02 11:14:49,235 INFO  - Fetched company for recruiterId=52f3dcc7-e7bb-4419-b8a9-9cfb2a6f8b9e
2025-07-02 11:14:49,240 INFO  - Fetched company for recruiterId=585999a5-de05-4b90-bbe4-5cc916da48a2
2025-07-02 11:14:49,246 INFO  - Fetched company for recruiterId=585999a5-de05-4b90-bbe4-5cc916da48a2
2025-07-02 11:17:39,632 INFO  - Fetched all company names.
2025-07-02 11:17:39,742 INFO  - Fetched company for recruiterId=3dc93452-07a2-4843-a650-c7faed6fc07c
2025-07-02 11:17:39,744 INFO  - Fetched company for recruiterId=585999a5-de05-4b90-bbe4-5cc916da48a2
2025-07-02 11:17:39,760 INFO  - Fetched company for recruiterId=3dc93452-07a2-4843-a650-c7faed6fc07c
2025-07-02 11:17:39,762 INFO  - Fetched company for recruiterId=52f3dcc7-e7bb-4419-b8a9-9cfb2a6f8b9e
2025-07-02 11:17:39,767 INFO  - Fetched company for recruiterId=585999a5-de05-4b90-bbe4-5cc916da48a2
2025-07-02 11:17:39,777 INFO  - Fetched company for recruiterId=52f3dcc7-e7bb-4419-b8a9-9cfb2a6f8b9e
2025-07-02 11:17:39,783 INFO  - Fetched company for recruiterId=585999a5-de05-4b90-bbe4-5cc916da48a2
2025-07-02 11:17:39,793 INFO  - Fetched company for recruiterId=52f3dcc7-e7bb-4419-b8a9-9cfb2a6f8b9e
2025-07-02 11:17:39,797 INFO  - Fetched company for recruiterId=585999a5-de05-4b90-bbe4-5cc916da48a2
2025-07-02 11:17:39,808 INFO  - Fetched company for recruiterId=585999a5-de05-4b90-bbe4-5cc916da48a2
2025-07-02 11:17:42,463 INFO  - Fetched all company names.
2025-07-02 11:17:42,536 INFO  - Fetched company for recruiterId=585999a5-de05-4b90-bbe4-5cc916da48a2
2025-07-02 11:17:42,536 INFO  - Fetched company for recruiterId=3dc93452-07a2-4843-a650-c7faed6fc07c
2025-07-02 11:17:42,541 INFO  - Fetched company for recruiterId=52f3dcc7-e7bb-4419-b8a9-9cfb2a6f8b9e
2025-07-02 11:17:42,544 INFO  - Fetched company for recruiterId=585999a5-de05-4b90-bbe4-5cc916da48a2
2025-07-02 11:17:42,546 INFO  - Fetched company for recruiterId=3dc93452-07a2-4843-a650-c7faed6fc07c
2025-07-02 11:17:42,550 INFO  - Fetched company for recruiterId=52f3dcc7-e7bb-4419-b8a9-9cfb2a6f8b9e
2025-07-02 11:17:42,554 INFO  - Fetched company for recruiterId=585999a5-de05-4b90-bbe4-5cc916da48a2
2025-07-02 11:17:42,558 INFO  - Fetched company for recruiterId=52f3dcc7-e7bb-4419-b8a9-9cfb2a6f8b9e
2025-07-02 11:17:42,564 INFO  - Fetched company for recruiterId=585999a5-de05-4b90-bbe4-5cc916da48a2
2025-07-02 11:17:42,573 INFO  - Fetched company for recruiterId=585999a5-de05-4b90-bbe4-5cc916da48a2
2025-07-02 11:17:48,032 INFO  - Fetched all company names.
2025-07-02 11:17:48,042 INFO  - Fetched company for recruiterId=585999a5-de05-4b90-bbe4-5cc916da48a2
2025-07-02 11:17:48,043 INFO  - Fetched company for recruiterId=3dc93452-07a2-4843-a650-c7faed6fc07c
2025-07-02 11:17:48,045 INFO  - Fetched company for recruiterId=52f3dcc7-e7bb-4419-b8a9-9cfb2a6f8b9e
2025-07-02 11:17:48,063 INFO  - Fetched company for recruiterId=3dc93452-07a2-4843-a650-c7faed6fc07c
2025-07-02 11:17:48,065 INFO  - Fetched company for recruiterId=52f3dcc7-e7bb-4419-b8a9-9cfb2a6f8b9e
2025-07-02 11:17:48,071 INFO  - Fetched company for recruiterId=585999a5-de05-4b90-bbe4-5cc916da48a2
2025-07-02 11:17:48,074 INFO  - Fetched company for recruiterId=52f3dcc7-e7bb-4419-b8a9-9cfb2a6f8b9e
2025-07-02 11:17:48,079 INFO  - Fetched company for recruiterId=585999a5-de05-4b90-bbe4-5cc916da48a2
2025-07-02 11:17:48,086 INFO  - Fetched company for recruiterId=585999a5-de05-4b90-bbe4-5cc916da48a2
2025-07-02 11:17:48,092 INFO  - Fetched company for recruiterId=585999a5-de05-4b90-bbe4-5cc916da48a2
2025-07-02 11:17:49,375 INFO  - Fetched all company names.
2025-07-02 11:17:49,382 INFO  - Fetched company for recruiterId=3dc93452-07a2-4843-a650-c7faed6fc07c
2025-07-02 11:17:49,383 INFO  - Fetched company for recruiterId=585999a5-de05-4b90-bbe4-5cc916da48a2
2025-07-02 11:17:49,386 INFO  - Fetched company for recruiterId=52f3dcc7-e7bb-4419-b8a9-9cfb2a6f8b9e
2025-07-02 11:17:49,391 INFO  - Fetched company for recruiterId=3dc93452-07a2-4843-a650-c7faed6fc07c
2025-07-02 11:17:49,391 INFO  - Fetched company for recruiterId=585999a5-de05-4b90-bbe4-5cc916da48a2
2025-07-02 11:17:49,397 INFO  - Fetched company for recruiterId=52f3dcc7-e7bb-4419-b8a9-9cfb2a6f8b9e
2025-07-02 11:17:49,399 INFO  - Fetched company for recruiterId=585999a5-de05-4b90-bbe4-5cc916da48a2
2025-07-02 11:17:49,404 INFO  - Fetched company for recruiterId=52f3dcc7-e7bb-4419-b8a9-9cfb2a6f8b9e
2025-07-02 11:17:49,405 INFO  - Fetched company for recruiterId=585999a5-de05-4b90-bbe4-5cc916da48a2
2025-07-02 11:17:49,412 INFO  - Fetched company for recruiterId=585999a5-de05-4b90-bbe4-5cc916da48a2
2025-07-02 11:17:50,826 INFO  - Fetched all company names.
2025-07-02 11:17:50,830 INFO  - Fetched company for recruiterId=585999a5-de05-4b90-bbe4-5cc916da48a2
2025-07-02 11:17:50,832 INFO  - Fetched company for recruiterId=3dc93452-07a2-4843-a650-c7faed6fc07c
2025-07-02 11:17:50,836 INFO  - Fetched company for recruiterId=585999a5-de05-4b90-bbe4-5cc916da48a2
2025-07-02 11:17:50,836 INFO  - Fetched company for recruiterId=52f3dcc7-e7bb-4419-b8a9-9cfb2a6f8b9e
2025-07-02 11:17:50,840 INFO  - Fetched company for recruiterId=3dc93452-07a2-4843-a650-c7faed6fc07c
2025-07-02 11:17:50,843 INFO  - Fetched company for recruiterId=52f3dcc7-e7bb-4419-b8a9-9cfb2a6f8b9e
2025-07-02 11:17:50,843 INFO  - Fetched company for recruiterId=585999a5-de05-4b90-bbe4-5cc916da48a2
2025-07-02 11:17:50,850 INFO  - Fetched company for recruiterId=585999a5-de05-4b90-bbe4-5cc916da48a2
2025-07-02 11:17:50,851 INFO  - Fetched company for recruiterId=52f3dcc7-e7bb-4419-b8a9-9cfb2a6f8b9e
2025-07-02 11:17:50,856 INFO  - Fetched company for recruiterId=585999a5-de05-4b90-bbe4-5cc916da48a2
2025-07-02 11:17:56,828 INFO  - Fetched all company names.
2025-07-02 11:17:56,834 INFO  - Fetched company for recruiterId=585999a5-de05-4b90-bbe4-5cc916da48a2
2025-07-02 11:17:56,835 INFO  - Fetched company for recruiterId=3dc93452-07a2-4843-a650-c7faed6fc07c
2025-07-02 11:17:56,838 INFO  - Fetched company for recruiterId=52f3dcc7-e7bb-4419-b8a9-9cfb2a6f8b9e
2025-07-02 11:17:56,842 INFO  - Fetched company for recruiterId=3dc93452-07a2-4843-a650-c7faed6fc07c
2025-07-02 11:17:56,842 INFO  - Fetched company for recruiterId=585999a5-de05-4b90-bbe4-5cc916da48a2
2025-07-02 11:17:56,846 INFO  - Fetched company for recruiterId=52f3dcc7-e7bb-4419-b8a9-9cfb2a6f8b9e
2025-07-02 11:17:56,850 INFO  - Fetched company for recruiterId=585999a5-de05-4b90-bbe4-5cc916da48a2
2025-07-02 11:17:56,853 INFO  - Fetched company for recruiterId=52f3dcc7-e7bb-4419-b8a9-9cfb2a6f8b9e
2025-07-02 11:17:56,857 INFO  - Fetched company for recruiterId=585999a5-de05-4b90-bbe4-5cc916da48a2
2025-07-02 11:17:56,862 INFO  - Fetched company for recruiterId=585999a5-de05-4b90-bbe4-5cc916da48a2
2025-07-02 11:17:58,781 INFO  - Fetched all company names.
2025-07-02 11:17:58,791 INFO  - Fetched company for recruiterId=3dc93452-07a2-4843-a650-c7faed6fc07c
2025-07-02 11:17:58,791 INFO  - Fetched company for recruiterId=585999a5-de05-4b90-bbe4-5cc916da48a2
2025-07-02 11:17:58,798 INFO  - Fetched company for recruiterId=52f3dcc7-e7bb-4419-b8a9-9cfb2a6f8b9e
2025-07-02 11:17:58,800 INFO  - Fetched company for recruiterId=3dc93452-07a2-4843-a650-c7faed6fc07c
2025-07-02 11:17:58,800 INFO  - Fetched company for recruiterId=585999a5-de05-4b90-bbe4-5cc916da48a2
2025-07-02 11:17:58,808 INFO  - Fetched company for recruiterId=52f3dcc7-e7bb-4419-b8a9-9cfb2a6f8b9e
2025-07-02 11:17:58,811 INFO  - Fetched company for recruiterId=585999a5-de05-4b90-bbe4-5cc916da48a2
2025-07-02 11:17:58,816 INFO  - Fetched company for recruiterId=585999a5-de05-4b90-bbe4-5cc916da48a2
2025-07-02 11:17:58,817 INFO  - Fetched company for recruiterId=52f3dcc7-e7bb-4419-b8a9-9cfb2a6f8b9e
2025-07-02 11:17:58,824 INFO  - Fetched company for recruiterId=585999a5-de05-4b90-bbe4-5cc916da48a2
2025-07-02 11:18:01,485 INFO  - Fetched all company names.
2025-07-02 11:18:01,500 INFO  - Fetched company for recruiterId=585999a5-de05-4b90-bbe4-5cc916da48a2
2025-07-02 11:18:01,505 INFO  - Fetched company for recruiterId=3dc93452-07a2-4843-a650-c7faed6fc07c
2025-07-02 11:18:01,505 INFO  - Fetched company for recruiterId=52f3dcc7-e7bb-4419-b8a9-9cfb2a6f8b9e
2025-07-02 11:18:01,512 INFO  - Fetched company for recruiterId=585999a5-de05-4b90-bbe4-5cc916da48a2
2025-07-02 11:18:01,516 INFO  - Fetched company for recruiterId=52f3dcc7-e7bb-4419-b8a9-9cfb2a6f8b9e
2025-07-02 11:18:01,516 INFO  - Fetched company for recruiterId=3dc93452-07a2-4843-a650-c7faed6fc07c
2025-07-02 11:18:01,523 INFO  - Fetched company for recruiterId=585999a5-de05-4b90-bbe4-5cc916da48a2
2025-07-02 11:18:01,529 INFO  - Fetched company for recruiterId=52f3dcc7-e7bb-4419-b8a9-9cfb2a6f8b9e
2025-07-02 11:18:01,536 INFO  - Fetched company for recruiterId=585999a5-de05-4b90-bbe4-5cc916da48a2
2025-07-02 11:18:01,544 INFO  - Fetched company for recruiterId=585999a5-de05-4b90-bbe4-5cc916da48a2
2025-07-02 11:18:16,189 INFO  - Fetched all company names.
2025-07-02 11:18:16,190 INFO  - Fetched company for recruiterId=585999a5-de05-4b90-bbe4-5cc916da48a2
2025-07-02 11:18:16,190 INFO  - Fetched company for recruiterId=52f3dcc7-e7bb-4419-b8a9-9cfb2a6f8b9e
2025-07-02 11:18:16,192 INFO  - Fetched company for recruiterId=3dc93452-07a2-4843-a650-c7faed6fc07c
2025-07-02 11:18:16,199 INFO  - Fetched company for recruiterId=3dc93452-07a2-4843-a650-c7faed6fc07c
2025-07-02 11:18:16,200 INFO  - Fetched company for recruiterId=585999a5-de05-4b90-bbe4-5cc916da48a2
2025-07-02 11:18:16,200 INFO  - Fetched company for recruiterId=52f3dcc7-e7bb-4419-b8a9-9cfb2a6f8b9e
2025-07-02 11:18:16,206 INFO  - Fetched company for recruiterId=585999a5-de05-4b90-bbe4-5cc916da48a2
2025-07-02 11:18:16,207 INFO  - Fetched company for recruiterId=52f3dcc7-e7bb-4419-b8a9-9cfb2a6f8b9e
2025-07-02 11:18:16,212 INFO  - Fetched company for recruiterId=585999a5-de05-4b90-bbe4-5cc916da48a2
2025-07-02 11:18:16,216 INFO  - Fetched company for recruiterId=585999a5-de05-4b90-bbe4-5cc916da48a2
2025-07-02 11:18:23,704 INFO  - Fetched company for recruiterId=585999a5-de05-4b90-bbe4-5cc916da48a2
2025-07-02 11:18:23,705 INFO  - Fetched company for recruiterId=3dc93452-07a2-4843-a650-c7faed6fc07c
2025-07-02 11:18:23,706 INFO  - Fetched company for recruiterId=52f3dcc7-e7bb-4419-b8a9-9cfb2a6f8b9e
2025-07-02 11:18:23,712 INFO  - Fetched company for recruiterId=585999a5-de05-4b90-bbe4-5cc916da48a2
2025-07-02 11:18:23,712 INFO  - Fetched company for recruiterId=52f3dcc7-e7bb-4419-b8a9-9cfb2a6f8b9e
2025-07-02 11:18:23,722 INFO  - Fetched company for recruiterId=52f3dcc7-e7bb-4419-b8a9-9cfb2a6f8b9e
2025-07-02 11:18:23,723 INFO  - Fetched company for recruiterId=585999a5-de05-4b90-bbe4-5cc916da48a2
2025-07-02 11:18:23,730 INFO  - Fetched company for recruiterId=585999a5-de05-4b90-bbe4-5cc916da48a2
2025-07-02 11:18:23,730 INFO  - Fetched company for recruiterId=52f3dcc7-e7bb-4419-b8a9-9cfb2a6f8b9e
2025-07-02 11:18:23,742 INFO  - Fetched company for recruiterId=585999a5-de05-4b90-bbe4-5cc916da48a2
2025-07-02 11:18:24,282 INFO  - Fetched all company names.
2025-07-02 11:18:24,304 INFO  - Fetched company for recruiterId=585999a5-de05-4b90-bbe4-5cc916da48a2
2025-07-02 11:18:24,305 INFO  - Fetched company for recruiterId=3dc93452-07a2-4843-a650-c7faed6fc07c
2025-07-02 11:18:24,307 INFO  - Fetched company for recruiterId=52f3dcc7-e7bb-4419-b8a9-9cfb2a6f8b9e
2025-07-02 11:18:24,316 INFO  - Fetched company for recruiterId=3dc93452-07a2-4843-a650-c7faed6fc07c
2025-07-02 11:18:24,316 INFO  - Fetched company for recruiterId=585999a5-de05-4b90-bbe4-5cc916da48a2
2025-07-02 11:18:24,318 INFO  - Fetched company for recruiterId=52f3dcc7-e7bb-4419-b8a9-9cfb2a6f8b9e
2025-07-02 11:18:24,327 INFO  - Fetched company for recruiterId=585999a5-de05-4b90-bbe4-5cc916da48a2
2025-07-02 11:18:24,327 INFO  - Fetched company for recruiterId=52f3dcc7-e7bb-4419-b8a9-9cfb2a6f8b9e
2025-07-02 11:18:24,335 INFO  - Fetched company for recruiterId=585999a5-de05-4b90-bbe4-5cc916da48a2
2025-07-02 11:18:24,344 INFO  - Fetched company for recruiterId=585999a5-de05-4b90-bbe4-5cc916da48a2
2025-07-02 11:18:38,209 INFO  - Fetched all company names.
2025-07-02 11:18:38,218 INFO  - Fetched company for recruiterId=3dc93452-07a2-4843-a650-c7faed6fc07c
2025-07-02 11:18:38,218 INFO  - Fetched company for recruiterId=585999a5-de05-4b90-bbe4-5cc916da48a2
2025-07-02 11:18:38,225 INFO  - Fetched company for recruiterId=52f3dcc7-e7bb-4419-b8a9-9cfb2a6f8b9e
2025-07-02 11:18:38,230 INFO  - Fetched company for recruiterId=585999a5-de05-4b90-bbe4-5cc916da48a2
2025-07-02 11:18:38,230 INFO  - Fetched company for recruiterId=3dc93452-07a2-4843-a650-c7faed6fc07c
2025-07-02 11:18:38,237 INFO  - Fetched company for recruiterId=52f3dcc7-e7bb-4419-b8a9-9cfb2a6f8b9e
2025-07-02 11:18:38,241 INFO  - Fetched company for recruiterId=585999a5-de05-4b90-bbe4-5cc916da48a2
2025-07-02 11:18:38,247 INFO  - Fetched company for recruiterId=52f3dcc7-e7bb-4419-b8a9-9cfb2a6f8b9e
2025-07-02 11:18:38,248 INFO  - Fetched company for recruiterId=585999a5-de05-4b90-bbe4-5cc916da48a2
2025-07-02 11:18:38,255 INFO  - Fetched company for recruiterId=585999a5-de05-4b90-bbe4-5cc916da48a2
2025-07-02 11:18:45,592 INFO  - Fetched all company names.
2025-07-02 11:18:45,642 INFO  - Fetched company for recruiterId=585999a5-de05-4b90-bbe4-5cc916da48a2
2025-07-02 11:18:45,642 INFO  - Fetched company for recruiterId=3dc93452-07a2-4843-a650-c7faed6fc07c
2025-07-02 11:18:45,647 INFO  - Fetched company for recruiterId=52f3dcc7-e7bb-4419-b8a9-9cfb2a6f8b9e
2025-07-02 11:18:45,655 INFO  - Fetched company for recruiterId=585999a5-de05-4b90-bbe4-5cc916da48a2
2025-07-02 11:18:45,656 INFO  - Fetched company for recruiterId=3dc93452-07a2-4843-a650-c7faed6fc07c
2025-07-02 11:18:45,660 INFO  - Fetched company for recruiterId=52f3dcc7-e7bb-4419-b8a9-9cfb2a6f8b9e
2025-07-02 11:18:45,669 INFO  - Fetched company for recruiterId=585999a5-de05-4b90-bbe4-5cc916da48a2
2025-07-02 11:18:45,669 INFO  - Fetched company for recruiterId=52f3dcc7-e7bb-4419-b8a9-9cfb2a6f8b9e
2025-07-02 11:18:45,675 INFO  - Fetched company for recruiterId=585999a5-de05-4b90-bbe4-5cc916da48a2
2025-07-02 11:18:45,686 INFO  - Fetched company for recruiterId=585999a5-de05-4b90-bbe4-5cc916da48a2
2025-07-02 11:18:49,456 INFO  - Fetched all company names.
2025-07-02 11:18:49,534 INFO  - Fetched company for recruiterId=585999a5-de05-4b90-bbe4-5cc916da48a2
2025-07-02 11:18:49,535 INFO  - Fetched company for recruiterId=3dc93452-07a2-4843-a650-c7faed6fc07c
2025-07-02 11:18:49,539 INFO  - Fetched company for recruiterId=52f3dcc7-e7bb-4419-b8a9-9cfb2a6f8b9e
2025-07-02 11:18:49,547 INFO  - Fetched company for recruiterId=3dc93452-07a2-4843-a650-c7faed6fc07c
2025-07-02 11:18:49,550 INFO  - Fetched company for recruiterId=585999a5-de05-4b90-bbe4-5cc916da48a2
2025-07-02 11:18:49,550 INFO  - Fetched company for recruiterId=52f3dcc7-e7bb-4419-b8a9-9cfb2a6f8b9e
2025-07-02 11:18:49,558 INFO  - Fetched company for recruiterId=585999a5-de05-4b90-bbe4-5cc916da48a2
2025-07-02 11:18:49,558 INFO  - Fetched company for recruiterId=52f3dcc7-e7bb-4419-b8a9-9cfb2a6f8b9e
2025-07-02 11:18:49,566 INFO  - Fetched company for recruiterId=585999a5-de05-4b90-bbe4-5cc916da48a2
2025-07-02 11:18:49,574 INFO  - Fetched company for recruiterId=585999a5-de05-4b90-bbe4-5cc916da48a2
2025-07-02 11:18:57,493 INFO  - User logged out: muthu@gmail.com
2025-07-02 11:19:10,715 INFO  - User logged in: muthukaruppan2@gmail.com
2025-07-02 11:19:14,778 INFO  - Fetched all company names.
2025-07-02 11:19:14,798 INFO  - Fetched company for recruiterId=585999a5-de05-4b90-bbe4-5cc916da48a2
2025-07-02 11:19:14,798 INFO  - Fetched company for recruiterId=3dc93452-07a2-4843-a650-c7faed6fc07c
2025-07-02 11:19:14,804 INFO  - Fetched company for recruiterId=52f3dcc7-e7bb-4419-b8a9-9cfb2a6f8b9e
2025-07-02 11:19:14,809 INFO  - Fetched company for recruiterId=3dc93452-07a2-4843-a650-c7faed6fc07c
2025-07-02 11:19:14,809 INFO  - Fetched company for recruiterId=585999a5-de05-4b90-bbe4-5cc916da48a2
2025-07-02 11:19:14,813 INFO  - Fetched company for recruiterId=52f3dcc7-e7bb-4419-b8a9-9cfb2a6f8b9e
2025-07-02 11:19:14,816 INFO  - Fetched company for recruiterId=585999a5-de05-4b90-bbe4-5cc916da48a2
2025-07-02 11:19:14,820 INFO  - Fetched company for recruiterId=52f3dcc7-e7bb-4419-b8a9-9cfb2a6f8b9e
2025-07-02 11:19:14,824 INFO  - Fetched company for recruiterId=585999a5-de05-4b90-bbe4-5cc916da48a2
2025-07-02 11:19:14,832 INFO  - Fetched company for recruiterId=585999a5-de05-4b90-bbe4-5cc916da48a2
2025-07-02 11:19:15,394 INFO  - Fetched company for recruiterId=585999a5-de05-4b90-bbe4-5cc916da48a2
2025-07-02 11:19:16,057 INFO  - Fetched all company names.
2025-07-02 11:19:16,076 INFO  - Fetched company for recruiterId=585999a5-de05-4b90-bbe4-5cc916da48a2
2025-07-02 11:19:16,078 INFO  - Fetched company for recruiterId=52f3dcc7-e7bb-4419-b8a9-9cfb2a6f8b9e
2025-07-02 11:19:16,079 INFO  - Fetched company for recruiterId=3dc93452-07a2-4843-a650-c7faed6fc07c
2025-07-02 11:19:16,088 INFO  - Fetched company for recruiterId=585999a5-de05-4b90-bbe4-5cc916da48a2
2025-07-02 11:19:16,090 INFO  - Fetched company for recruiterId=52f3dcc7-e7bb-4419-b8a9-9cfb2a6f8b9e
2025-07-02 11:19:16,090 INFO  - Fetched company for recruiterId=3dc93452-07a2-4843-a650-c7faed6fc07c
2025-07-02 11:19:16,096 INFO  - Fetched company for recruiterId=585999a5-de05-4b90-bbe4-5cc916da48a2
2025-07-02 11:19:16,099 INFO  - Fetched company for recruiterId=52f3dcc7-e7bb-4419-b8a9-9cfb2a6f8b9e
2025-07-02 11:19:16,106 INFO  - Fetched company for recruiterId=585999a5-de05-4b90-bbe4-5cc916da48a2
2025-07-02 11:19:16,113 INFO  - Fetched company for recruiterId=585999a5-de05-4b90-bbe4-5cc916da48a2
2025-07-02 11:23:27,553 INFO  - Fetched all company names.
2025-07-02 11:23:27,555 INFO  - Fetched company for recruiterId=585999a5-de05-4b90-bbe4-5cc916da48a2
2025-07-02 11:23:27,556 INFO  - Fetched company for recruiterId=52f3dcc7-e7bb-4419-b8a9-9cfb2a6f8b9e
2025-07-02 11:23:27,557 INFO  - Fetched company for recruiterId=3dc93452-07a2-4843-a650-c7faed6fc07c
2025-07-02 11:23:27,564 INFO  - Fetched company for recruiterId=52f3dcc7-e7bb-4419-b8a9-9cfb2a6f8b9e
2025-07-02 11:23:27,565 INFO  - Fetched company for recruiterId=585999a5-de05-4b90-bbe4-5cc916da48a2
2025-07-02 11:23:27,565 INFO  - Fetched company for recruiterId=3dc93452-07a2-4843-a650-c7faed6fc07c
2025-07-02 11:23:27,571 INFO  - Fetched company for recruiterId=52f3dcc7-e7bb-4419-b8a9-9cfb2a6f8b9e
2025-07-02 11:23:27,571 INFO  - Fetched company for recruiterId=585999a5-de05-4b90-bbe4-5cc916da48a2
2025-07-02 11:23:27,577 INFO  - Fetched company for recruiterId=585999a5-de05-4b90-bbe4-5cc916da48a2
2025-07-02 11:23:27,582 INFO  - Fetched company for recruiterId=585999a5-de05-4b90-bbe4-5cc916da48a2
2025-07-02 11:23:32,178 INFO  - Fetched all company names.
2025-07-02 11:23:32,189 INFO  - Fetched company for recruiterId=3dc93452-07a2-4843-a650-c7faed6fc07c
2025-07-02 11:23:32,199 INFO  - Fetched company for recruiterId=52f3dcc7-e7bb-4419-b8a9-9cfb2a6f8b9e
2025-07-02 11:23:32,199 INFO  - Fetched company for recruiterId=585999a5-de05-4b90-bbe4-5cc916da48a2
2025-07-02 11:23:32,234 INFO  - Fetched company for recruiterId=585999a5-de05-4b90-bbe4-5cc916da48a2
2025-07-02 11:23:32,236 INFO  - Fetched company for recruiterId=3dc93452-07a2-4843-a650-c7faed6fc07c
2025-07-02 11:23:32,238 INFO  - Fetched company for recruiterId=52f3dcc7-e7bb-4419-b8a9-9cfb2a6f8b9e
2025-07-02 11:23:32,258 INFO  - Fetched company for recruiterId=585999a5-de05-4b90-bbe4-5cc916da48a2
2025-07-02 11:23:32,259 INFO  - Fetched company for recruiterId=52f3dcc7-e7bb-4419-b8a9-9cfb2a6f8b9e
2025-07-02 11:23:32,278 INFO  - Fetched company for recruiterId=585999a5-de05-4b90-bbe4-5cc916da48a2
2025-07-02 11:23:32,297 INFO  - Fetched company for recruiterId=585999a5-de05-4b90-bbe4-5cc916da48a2
2025-07-02 11:23:50,692 INFO  - Fetched all company names.
2025-07-02 11:23:50,737 INFO  - Fetched company for recruiterId=585999a5-de05-4b90-bbe4-5cc916da48a2
2025-07-02 11:23:50,742 INFO  - Fetched company for recruiterId=3dc93452-07a2-4843-a650-c7faed6fc07c
2025-07-02 11:23:50,746 INFO  - Fetched company for recruiterId=585999a5-de05-4b90-bbe4-5cc916da48a2
2025-07-02 11:23:50,746 INFO  - Fetched company for recruiterId=52f3dcc7-e7bb-4419-b8a9-9cfb2a6f8b9e
2025-07-02 11:23:50,753 INFO  - Fetched company for recruiterId=3dc93452-07a2-4843-a650-c7faed6fc07c
2025-07-02 11:23:50,756 INFO  - Fetched company for recruiterId=585999a5-de05-4b90-bbe4-5cc916da48a2
2025-07-02 11:23:50,756 INFO  - Fetched company for recruiterId=52f3dcc7-e7bb-4419-b8a9-9cfb2a6f8b9e
2025-07-02 11:23:50,762 INFO  - Fetched company for recruiterId=52f3dcc7-e7bb-4419-b8a9-9cfb2a6f8b9e
2025-07-02 11:23:50,762 INFO  - Fetched company for recruiterId=585999a5-de05-4b90-bbe4-5cc916da48a2
2025-07-02 11:23:50,770 INFO  - Fetched company for recruiterId=585999a5-de05-4b90-bbe4-5cc916da48a2
2025-07-02 11:23:56,195 INFO  - Fetched all company names.
2025-07-02 11:23:56,227 INFO  - Fetched company for recruiterId=585999a5-de05-4b90-bbe4-5cc916da48a2
2025-07-02 11:23:56,229 INFO  - Fetched company for recruiterId=3dc93452-07a2-4843-a650-c7faed6fc07c
2025-07-02 11:23:56,233 INFO  - Fetched company for recruiterId=52f3dcc7-e7bb-4419-b8a9-9cfb2a6f8b9e
2025-07-02 11:23:56,240 INFO  - Fetched company for recruiterId=585999a5-de05-4b90-bbe4-5cc916da48a2
2025-07-02 11:23:56,241 INFO  - Fetched company for recruiterId=3dc93452-07a2-4843-a650-c7faed6fc07c
2025-07-02 11:23:56,245 INFO  - Fetched company for recruiterId=52f3dcc7-e7bb-4419-b8a9-9cfb2a6f8b9e
2025-07-02 11:23:56,250 INFO  - Fetched company for recruiterId=585999a5-de05-4b90-bbe4-5cc916da48a2
2025-07-02 11:23:56,257 INFO  - Fetched company for recruiterId=52f3dcc7-e7bb-4419-b8a9-9cfb2a6f8b9e
2025-07-02 11:23:56,258 INFO  - Fetched company for recruiterId=585999a5-de05-4b90-bbe4-5cc916da48a2
2025-07-02 11:23:56,268 INFO  - Fetched company for recruiterId=585999a5-de05-4b90-bbe4-5cc916da48a2
2025-07-02 11:24:59,435 INFO  - Fetched all company names.
2025-07-02 11:24:59,446 INFO  - Fetched company for recruiterId=585999a5-de05-4b90-bbe4-5cc916da48a2
2025-07-02 11:24:59,450 INFO  - Fetched company for recruiterId=3dc93452-07a2-4843-a650-c7faed6fc07c
2025-07-02 11:24:59,457 INFO  - Fetched company for recruiterId=585999a5-de05-4b90-bbe4-5cc916da48a2
2025-07-02 11:24:59,463 INFO  - Fetched company for recruiterId=3dc93452-07a2-4843-a650-c7faed6fc07c
2025-07-02 11:24:59,464 INFO  - Fetched company for recruiterId=52f3dcc7-e7bb-4419-b8a9-9cfb2a6f8b9e
2025-07-02 11:24:59,471 INFO  - Fetched company for recruiterId=585999a5-de05-4b90-bbe4-5cc916da48a2
2025-07-02 11:24:59,477 INFO  - Fetched company for recruiterId=52f3dcc7-e7bb-4419-b8a9-9cfb2a6f8b9e
2025-07-02 11:24:59,486 INFO  - Fetched company for recruiterId=585999a5-de05-4b90-bbe4-5cc916da48a2
2025-07-02 11:24:59,490 INFO  - Fetched company for recruiterId=52f3dcc7-e7bb-4419-b8a9-9cfb2a6f8b9e
2025-07-02 11:24:59,506 INFO  - Fetched company for recruiterId=585999a5-de05-4b90-bbe4-5cc916da48a2
2025-07-02 11:29:03,747 INFO  - Fetched company for recruiterId=585999a5-de05-4b90-bbe4-5cc916da48a2
2025-07-02 11:29:06,818 INFO  - Fetched all company names.
2025-07-02 11:29:06,842 INFO  - Fetched company for recruiterId=585999a5-de05-4b90-bbe4-5cc916da48a2
2025-07-02 11:29:06,842 INFO  - Fetched company for recruiterId=3dc93452-07a2-4843-a650-c7faed6fc07c
2025-07-02 11:29:06,850 INFO  - Fetched company for recruiterId=3dc93452-07a2-4843-a650-c7faed6fc07c
2025-07-02 11:29:06,851 INFO  - Fetched company for recruiterId=585999a5-de05-4b90-bbe4-5cc916da48a2
2025-07-02 11:29:06,859 INFO  - Fetched company for recruiterId=52f3dcc7-e7bb-4419-b8a9-9cfb2a6f8b9e
2025-07-02 11:29:06,864 INFO  - Fetched company for recruiterId=585999a5-de05-4b90-bbe4-5cc916da48a2
2025-07-02 11:29:06,870 INFO  - Fetched company for recruiterId=52f3dcc7-e7bb-4419-b8a9-9cfb2a6f8b9e
2025-07-02 11:29:06,874 INFO  - Fetched company for recruiterId=585999a5-de05-4b90-bbe4-5cc916da48a2
2025-07-02 11:29:06,880 INFO  - Fetched company for recruiterId=52f3dcc7-e7bb-4419-b8a9-9cfb2a6f8b9e
2025-07-02 11:29:06,880 INFO  - Fetched company for recruiterId=585999a5-de05-4b90-bbe4-5cc916da48a2
2025-07-02 11:29:23,063 INFO  - Fetched all company names.
2025-07-02 11:29:23,133 INFO  - Fetched company for recruiterId=3dc93452-07a2-4843-a650-c7faed6fc07c
2025-07-02 11:29:23,134 INFO  - Fetched company for recruiterId=52f3dcc7-e7bb-4419-b8a9-9cfb2a6f8b9e
2025-07-02 11:29:23,135 INFO  - Fetched company for recruiterId=585999a5-de05-4b90-bbe4-5cc916da48a2
2025-07-02 11:29:23,146 INFO  - Fetched company for recruiterId=3dc93452-07a2-4843-a650-c7faed6fc07c
2025-07-02 11:29:23,146 INFO  - Fetched company for recruiterId=52f3dcc7-e7bb-4419-b8a9-9cfb2a6f8b9e
2025-07-02 11:29:23,150 INFO  - Fetched company for recruiterId=585999a5-de05-4b90-bbe4-5cc916da48a2
2025-07-02 11:29:23,163 INFO  - Fetched company for recruiterId=52f3dcc7-e7bb-4419-b8a9-9cfb2a6f8b9e
2025-07-02 11:29:23,163 INFO  - Fetched company for recruiterId=585999a5-de05-4b90-bbe4-5cc916da48a2
2025-07-02 11:29:23,175 INFO  - Fetched company for recruiterId=585999a5-de05-4b90-bbe4-5cc916da48a2
2025-07-02 11:29:23,188 INFO  - Fetched company for recruiterId=585999a5-de05-4b90-bbe4-5cc916da48a2
2025-07-02 11:29:43,267 INFO  - Fetched all company names.
2025-07-02 11:29:43,303 INFO  - Fetched company for recruiterId=585999a5-de05-4b90-bbe4-5cc916da48a2
2025-07-02 11:29:43,303 INFO  - Fetched company for recruiterId=3dc93452-07a2-4843-a650-c7faed6fc07c
2025-07-02 11:29:43,309 INFO  - Fetched company for recruiterId=52f3dcc7-e7bb-4419-b8a9-9cfb2a6f8b9e
2025-07-02 11:29:43,318 INFO  - Fetched company for recruiterId=585999a5-de05-4b90-bbe4-5cc916da48a2
2025-07-02 11:29:43,318 INFO  - Fetched company for recruiterId=3dc93452-07a2-4843-a650-c7faed6fc07c
2025-07-02 11:29:43,326 INFO  - Fetched company for recruiterId=52f3dcc7-e7bb-4419-b8a9-9cfb2a6f8b9e
2025-07-02 11:29:43,338 INFO  - Fetched company for recruiterId=585999a5-de05-4b90-bbe4-5cc916da48a2
2025-07-02 11:29:43,349 INFO  - Fetched company for recruiterId=52f3dcc7-e7bb-4419-b8a9-9cfb2a6f8b9e
2025-07-02 11:29:43,357 INFO  - Fetched company for recruiterId=585999a5-de05-4b90-bbe4-5cc916da48a2
2025-07-02 11:29:43,377 INFO  - Fetched company for recruiterId=585999a5-de05-4b90-bbe4-5cc916da48a2
2025-07-02 11:30:06,645 INFO  - Fetched all company names.
2025-07-02 11:30:06,701 INFO  - Fetched company for recruiterId=585999a5-de05-4b90-bbe4-5cc916da48a2
2025-07-02 11:30:06,718 INFO  - Fetched company for recruiterId=3dc93452-07a2-4843-a650-c7faed6fc07c
2025-07-02 11:30:06,729 INFO  - Fetched company for recruiterId=585999a5-de05-4b90-bbe4-5cc916da48a2
2025-07-02 11:30:06,729 INFO  - Fetched company for recruiterId=52f3dcc7-e7bb-4419-b8a9-9cfb2a6f8b9e
2025-07-02 11:30:06,746 INFO  - Fetched company for recruiterId=3dc93452-07a2-4843-a650-c7faed6fc07c
2025-07-02 11:30:06,757 INFO  - Fetched company for recruiterId=585999a5-de05-4b90-bbe4-5cc916da48a2
2025-07-02 11:30:06,758 INFO  - Fetched company for recruiterId=52f3dcc7-e7bb-4419-b8a9-9cfb2a6f8b9e
2025-07-02 11:30:06,774 INFO  - Fetched company for recruiterId=585999a5-de05-4b90-bbe4-5cc916da48a2
2025-07-02 11:30:06,774 INFO  - Fetched company for recruiterId=52f3dcc7-e7bb-4419-b8a9-9cfb2a6f8b9e
2025-07-02 11:30:06,785 INFO  - Fetched company for recruiterId=585999a5-de05-4b90-bbe4-5cc916da48a2
2025-07-02 11:30:10,651 INFO  - Fetched all company names.
2025-07-02 11:30:10,706 INFO  - Fetched company for recruiterId=585999a5-de05-4b90-bbe4-5cc916da48a2
2025-07-02 11:30:10,713 INFO  - Fetched company for recruiterId=3dc93452-07a2-4843-a650-c7faed6fc07c
2025-07-02 11:30:10,719 INFO  - Fetched company for recruiterId=52f3dcc7-e7bb-4419-b8a9-9cfb2a6f8b9e
2025-07-02 11:30:10,724 INFO  - Fetched company for recruiterId=585999a5-de05-4b90-bbe4-5cc916da48a2
2025-07-02 11:30:10,731 INFO  - Fetched company for recruiterId=3dc93452-07a2-4843-a650-c7faed6fc07c
2025-07-02 11:30:10,735 INFO  - Fetched company for recruiterId=585999a5-de05-4b90-bbe4-5cc916da48a2
2025-07-02 11:30:10,735 INFO  - Fetched company for recruiterId=52f3dcc7-e7bb-4419-b8a9-9cfb2a6f8b9e
2025-07-02 11:30:10,747 INFO  - Fetched company for recruiterId=585999a5-de05-4b90-bbe4-5cc916da48a2
2025-07-02 11:30:10,752 INFO  - Fetched company for recruiterId=52f3dcc7-e7bb-4419-b8a9-9cfb2a6f8b9e
2025-07-02 11:30:10,759 INFO  - Fetched company for recruiterId=585999a5-de05-4b90-bbe4-5cc916da48a2
2025-07-02 11:30:54,972 INFO  - Fetched all company names.
2025-07-02 11:30:54,991 INFO  - Fetched company for recruiterId=585999a5-de05-4b90-bbe4-5cc916da48a2
2025-07-02 11:30:54,992 INFO  - Fetched company for recruiterId=3dc93452-07a2-4843-a650-c7faed6fc07c
2025-07-02 11:30:54,993 INFO  - Fetched company for recruiterId=52f3dcc7-e7bb-4419-b8a9-9cfb2a6f8b9e
2025-07-02 11:30:55,001 INFO  - Fetched company for recruiterId=585999a5-de05-4b90-bbe4-5cc916da48a2
2025-07-02 11:30:55,001 INFO  - Fetched company for recruiterId=3dc93452-07a2-4843-a650-c7faed6fc07c
2025-07-02 11:30:55,001 INFO  - Fetched company for recruiterId=52f3dcc7-e7bb-4419-b8a9-9cfb2a6f8b9e
2025-07-02 11:30:55,008 INFO  - Fetched company for recruiterId=585999a5-de05-4b90-bbe4-5cc916da48a2
2025-07-02 11:30:55,008 INFO  - Fetched company for recruiterId=52f3dcc7-e7bb-4419-b8a9-9cfb2a6f8b9e
2025-07-02 11:30:55,014 INFO  - Fetched company for recruiterId=585999a5-de05-4b90-bbe4-5cc916da48a2
2025-07-02 11:30:55,019 INFO  - Fetched company for recruiterId=585999a5-de05-4b90-bbe4-5cc916da48a2
2025-07-02 11:31:22,720 INFO  - Fetched all company names.
2025-07-02 11:31:22,752 INFO  - Fetched company for recruiterId=585999a5-de05-4b90-bbe4-5cc916da48a2
2025-07-02 11:31:22,752 INFO  - Fetched company for recruiterId=52f3dcc7-e7bb-4419-b8a9-9cfb2a6f8b9e
2025-07-02 11:31:22,752 INFO  - Fetched company for recruiterId=3dc93452-07a2-4843-a650-c7faed6fc07c
2025-07-02 11:31:22,760 INFO  - Fetched company for recruiterId=3dc93452-07a2-4843-a650-c7faed6fc07c
2025-07-02 11:31:22,761 INFO  - Fetched company for recruiterId=52f3dcc7-e7bb-4419-b8a9-9cfb2a6f8b9e
2025-07-02 11:31:22,761 INFO  - Fetched company for recruiterId=585999a5-de05-4b90-bbe4-5cc916da48a2
2025-07-02 11:31:22,771 INFO  - Fetched company for recruiterId=585999a5-de05-4b90-bbe4-5cc916da48a2
2025-07-02 11:31:22,771 INFO  - Fetched company for recruiterId=52f3dcc7-e7bb-4419-b8a9-9cfb2a6f8b9e
2025-07-02 11:31:22,781 INFO  - Fetched company for recruiterId=585999a5-de05-4b90-bbe4-5cc916da48a2
2025-07-02 11:31:22,790 INFO  - Fetched company for recruiterId=585999a5-de05-4b90-bbe4-5cc916da48a2
2025-07-02 11:31:41,856 INFO  - Fetched all company names.
2025-07-02 11:31:41,930 INFO  - Fetched company for recruiterId=3dc93452-07a2-4843-a650-c7faed6fc07c
2025-07-02 11:31:41,931 INFO  - Fetched company for recruiterId=52f3dcc7-e7bb-4419-b8a9-9cfb2a6f8b9e
2025-07-02 11:31:41,933 INFO  - Fetched company for recruiterId=585999a5-de05-4b90-bbe4-5cc916da48a2
2025-07-02 11:31:41,946 INFO  - Fetched company for recruiterId=3dc93452-07a2-4843-a650-c7faed6fc07c
2025-07-02 11:31:41,946 INFO  - Fetched company for recruiterId=585999a5-de05-4b90-bbe4-5cc916da48a2
2025-07-02 11:31:41,946 INFO  - Fetched company for recruiterId=52f3dcc7-e7bb-4419-b8a9-9cfb2a6f8b9e
2025-07-02 11:31:42,011 INFO  - Fetched company for recruiterId=585999a5-de05-4b90-bbe4-5cc916da48a2
2025-07-02 11:31:42,038 INFO  - Fetched company for recruiterId=52f3dcc7-e7bb-4419-b8a9-9cfb2a6f8b9e
2025-07-02 11:31:42,093 INFO  - Fetched company for recruiterId=585999a5-de05-4b90-bbe4-5cc916da48a2
2025-07-02 11:31:42,120 INFO  - Fetched company for recruiterId=585999a5-de05-4b90-bbe4-5cc916da48a2
2025-07-02 11:31:59,153 INFO  - Fetched all company names.
2025-07-02 11:31:59,186 INFO  - Fetched company for recruiterId=585999a5-de05-4b90-bbe4-5cc916da48a2
2025-07-02 11:31:59,187 INFO  - Fetched company for recruiterId=3dc93452-07a2-4843-a650-c7faed6fc07c
2025-07-02 11:31:59,189 INFO  - Fetched company for recruiterId=52f3dcc7-e7bb-4419-b8a9-9cfb2a6f8b9e
2025-07-02 11:31:59,197 INFO  - Fetched company for recruiterId=585999a5-de05-4b90-bbe4-5cc916da48a2
2025-07-02 11:31:59,197 INFO  - Fetched company for recruiterId=3dc93452-07a2-4843-a650-c7faed6fc07c
2025-07-02 11:31:59,201 INFO  - Fetched company for recruiterId=52f3dcc7-e7bb-4419-b8a9-9cfb2a6f8b9e
2025-07-02 11:31:59,208 INFO  - Fetched company for recruiterId=585999a5-de05-4b90-bbe4-5cc916da48a2
2025-07-02 11:31:59,213 INFO  - Fetched company for recruiterId=52f3dcc7-e7bb-4419-b8a9-9cfb2a6f8b9e
2025-07-02 11:31:59,223 INFO  - Fetched company for recruiterId=585999a5-de05-4b90-bbe4-5cc916da48a2
2025-07-02 11:31:59,247 INFO  - Fetched company for recruiterId=585999a5-de05-4b90-bbe4-5cc916da48a2
2025-07-02 11:32:06,549 INFO  - Fetched company for recruiterId=585999a5-de05-4b90-bbe4-5cc916da48a2
2025-07-02 11:32:06,549 INFO  - Fetched company for recruiterId=3dc93452-07a2-4843-a650-c7faed6fc07c
2025-07-02 11:32:06,556 INFO  - Fetched company for recruiterId=585999a5-de05-4b90-bbe4-5cc916da48a2
2025-07-02 11:32:06,556 INFO  - Fetched company for recruiterId=3dc93452-07a2-4843-a650-c7faed6fc07c
2025-07-02 11:32:06,563 INFO  - Fetched company for recruiterId=585999a5-de05-4b90-bbe4-5cc916da48a2
2025-07-02 11:32:06,563 INFO  - Fetched company for recruiterId=3dc93452-07a2-4843-a650-c7faed6fc07c
2025-07-02 11:32:06,569 INFO  - Fetched company for recruiterId=585999a5-de05-4b90-bbe4-5cc916da48a2
2025-07-02 11:32:06,570 INFO  - Fetched company for recruiterId=3dc93452-07a2-4843-a650-c7faed6fc07c
2025-07-02 11:32:07,564 INFO  - Fetched company for recruiterId=585999a5-de05-4b90-bbe4-5cc916da48a2
2025-07-02 11:32:07,989 INFO  - Fetched all company names.
2025-07-02 11:32:08,008 INFO  - Fetched company for recruiterId=585999a5-de05-4b90-bbe4-5cc916da48a2
2025-07-02 11:32:08,008 INFO  - Fetched company for recruiterId=3dc93452-07a2-4843-a650-c7faed6fc07c
2025-07-02 11:32:08,008 INFO  - Fetched company for recruiterId=52f3dcc7-e7bb-4419-b8a9-9cfb2a6f8b9e
2025-07-02 11:32:08,016 INFO  - Fetched company for recruiterId=585999a5-de05-4b90-bbe4-5cc916da48a2
2025-07-02 11:32:08,017 INFO  - Fetched company for recruiterId=3dc93452-07a2-4843-a650-c7faed6fc07c
2025-07-02 11:32:08,017 INFO  - Fetched company for recruiterId=52f3dcc7-e7bb-4419-b8a9-9cfb2a6f8b9e
2025-07-02 11:32:08,028 INFO  - Fetched company for recruiterId=52f3dcc7-e7bb-4419-b8a9-9cfb2a6f8b9e
2025-07-02 11:32:08,029 INFO  - Fetched company for recruiterId=585999a5-de05-4b90-bbe4-5cc916da48a2
2025-07-02 11:32:08,039 INFO  - Fetched company for recruiterId=585999a5-de05-4b90-bbe4-5cc916da48a2
2025-07-02 11:32:08,049 INFO  - Fetched company for recruiterId=585999a5-de05-4b90-bbe4-5cc916da48a2
2025-07-02 11:32:49,614 INFO  - Fetched company for recruiterId=585999a5-de05-4b90-bbe4-5cc916da48a2
2025-07-02 11:32:51,167 INFO  - Fetched all company names.
2025-07-02 11:32:51,186 INFO  - Fetched company for recruiterId=3dc93452-07a2-4843-a650-c7faed6fc07c
2025-07-02 11:32:51,186 INFO  - Fetched company for recruiterId=585999a5-de05-4b90-bbe4-5cc916da48a2
2025-07-02 11:32:51,189 INFO  - Fetched company for recruiterId=52f3dcc7-e7bb-4419-b8a9-9cfb2a6f8b9e
2025-07-02 11:32:51,195 INFO  - Fetched company for recruiterId=585999a5-de05-4b90-bbe4-5cc916da48a2
2025-07-02 11:32:51,195 INFO  - Fetched company for recruiterId=3dc93452-07a2-4843-a650-c7faed6fc07c
2025-07-02 11:32:51,200 INFO  - Fetched company for recruiterId=52f3dcc7-e7bb-4419-b8a9-9cfb2a6f8b9e
2025-07-02 11:32:51,205 INFO  - Fetched company for recruiterId=585999a5-de05-4b90-bbe4-5cc916da48a2
2025-07-02 11:32:51,211 INFO  - Fetched company for recruiterId=52f3dcc7-e7bb-4419-b8a9-9cfb2a6f8b9e
2025-07-02 11:32:51,225 INFO  - Fetched company for recruiterId=585999a5-de05-4b90-bbe4-5cc916da48a2
2025-07-02 11:32:51,233 INFO  - Fetched company for recruiterId=585999a5-de05-4b90-bbe4-5cc916da48a2
2025-07-02 11:33:08,430 INFO  - Fetched all company names.
2025-07-02 11:33:08,519 INFO  - Fetched company for recruiterId=3dc93452-07a2-4843-a650-c7faed6fc07c
2025-07-02 11:33:08,520 INFO  - Fetched company for recruiterId=585999a5-de05-4b90-bbe4-5cc916da48a2
2025-07-02 11:33:08,520 INFO  - Fetched company for recruiterId=52f3dcc7-e7bb-4419-b8a9-9cfb2a6f8b9e
2025-07-02 11:33:08,596 INFO  - Fetched company for recruiterId=585999a5-de05-4b90-bbe4-5cc916da48a2
2025-07-02 11:33:08,596 INFO  - Fetched company for recruiterId=52f3dcc7-e7bb-4419-b8a9-9cfb2a6f8b9e
2025-07-02 11:33:08,633 INFO  - Fetched company for recruiterId=3dc93452-07a2-4843-a650-c7faed6fc07c
2025-07-02 11:33:08,644 INFO  - Fetched company for recruiterId=585999a5-de05-4b90-bbe4-5cc916da48a2
2025-07-02 11:33:08,665 INFO  - Fetched company for recruiterId=52f3dcc7-e7bb-4419-b8a9-9cfb2a6f8b9e
2025-07-02 11:33:08,714 INFO  - Fetched company for recruiterId=585999a5-de05-4b90-bbe4-5cc916da48a2
2025-07-02 11:33:08,751 INFO  - Fetched company for recruiterId=585999a5-de05-4b90-bbe4-5cc916da48a2
2025-07-02 11:33:10,105 INFO  - Fetched company for recruiterId=585999a5-de05-4b90-bbe4-5cc916da48a2
2025-07-02 11:33:10,605 INFO  - Fetched all company names.
2025-07-02 11:33:10,625 INFO  - Fetched company for recruiterId=585999a5-de05-4b90-bbe4-5cc916da48a2
2025-07-02 11:33:10,625 INFO  - Fetched company for recruiterId=3dc93452-07a2-4843-a650-c7faed6fc07c
2025-07-02 11:33:10,626 INFO  - Fetched company for recruiterId=52f3dcc7-e7bb-4419-b8a9-9cfb2a6f8b9e
2025-07-02 11:33:10,637 INFO  - Fetched company for recruiterId=585999a5-de05-4b90-bbe4-5cc916da48a2
2025-07-02 11:33:10,637 INFO  - Fetched company for recruiterId=3dc93452-07a2-4843-a650-c7faed6fc07c
2025-07-02 11:33:10,637 INFO  - Fetched company for recruiterId=52f3dcc7-e7bb-4419-b8a9-9cfb2a6f8b9e
2025-07-02 11:33:10,647 INFO  - Fetched company for recruiterId=585999a5-de05-4b90-bbe4-5cc916da48a2
2025-07-02 11:33:10,648 INFO  - Fetched company for recruiterId=52f3dcc7-e7bb-4419-b8a9-9cfb2a6f8b9e
2025-07-02 11:33:10,657 INFO  - Fetched company for recruiterId=585999a5-de05-4b90-bbe4-5cc916da48a2
2025-07-02 11:33:10,667 INFO  - Fetched company for recruiterId=585999a5-de05-4b90-bbe4-5cc916da48a2
2025-07-02 11:33:12,138 INFO  - Fetched all company names.
2025-07-02 11:33:12,159 INFO  - Fetched company for recruiterId=585999a5-de05-4b90-bbe4-5cc916da48a2
2025-07-02 11:33:12,160 INFO  - Fetched company for recruiterId=3dc93452-07a2-4843-a650-c7faed6fc07c
2025-07-02 11:33:12,160 INFO  - Fetched company for recruiterId=52f3dcc7-e7bb-4419-b8a9-9cfb2a6f8b9e
2025-07-02 11:33:12,171 INFO  - Fetched company for recruiterId=585999a5-de05-4b90-bbe4-5cc916da48a2
2025-07-02 11:33:12,172 INFO  - Fetched company for recruiterId=3dc93452-07a2-4843-a650-c7faed6fc07c
2025-07-02 11:33:12,172 INFO  - Fetched company for recruiterId=52f3dcc7-e7bb-4419-b8a9-9cfb2a6f8b9e
2025-07-02 11:33:12,180 INFO  - Fetched company for recruiterId=585999a5-de05-4b90-bbe4-5cc916da48a2
2025-07-02 11:33:12,181 INFO  - Fetched company for recruiterId=52f3dcc7-e7bb-4419-b8a9-9cfb2a6f8b9e
2025-07-02 11:33:12,192 INFO  - Fetched company for recruiterId=585999a5-de05-4b90-bbe4-5cc916da48a2
2025-07-02 11:33:12,201 INFO  - Fetched company for recruiterId=585999a5-de05-4b90-bbe4-5cc916da48a2
2025-07-02 11:33:16,430 INFO  - Fetched all company names.
2025-07-02 11:33:16,457 INFO  - Fetched company for recruiterId=585999a5-de05-4b90-bbe4-5cc916da48a2
2025-07-02 11:33:16,458 INFO  - Fetched company for recruiterId=3dc93452-07a2-4843-a650-c7faed6fc07c
2025-07-02 11:33:16,458 INFO  - Fetched company for recruiterId=52f3dcc7-e7bb-4419-b8a9-9cfb2a6f8b9e
2025-07-02 11:33:16,470 INFO  - Fetched company for recruiterId=585999a5-de05-4b90-bbe4-5cc916da48a2
2025-07-02 11:33:16,470 INFO  - Fetched company for recruiterId=52f3dcc7-e7bb-4419-b8a9-9cfb2a6f8b9e
2025-07-02 11:33:16,470 INFO  - Fetched company for recruiterId=3dc93452-07a2-4843-a650-c7faed6fc07c
2025-07-02 11:33:16,481 INFO  - Fetched company for recruiterId=585999a5-de05-4b90-bbe4-5cc916da48a2
2025-07-02 11:33:16,481 INFO  - Fetched company for recruiterId=52f3dcc7-e7bb-4419-b8a9-9cfb2a6f8b9e
2025-07-02 11:33:16,490 INFO  - Fetched company for recruiterId=585999a5-de05-4b90-bbe4-5cc916da48a2
2025-07-02 11:33:16,498 INFO  - Fetched company for recruiterId=585999a5-de05-4b90-bbe4-5cc916da48a2
2025-07-02 11:33:39,614 INFO  - Fetched all company names.
2025-07-02 11:33:39,638 INFO  - Fetched company for recruiterId=585999a5-de05-4b90-bbe4-5cc916da48a2
2025-07-02 11:33:39,644 INFO  - Fetched company for recruiterId=3dc93452-07a2-4843-a650-c7faed6fc07c
2025-07-02 11:33:39,644 INFO  - Fetched company for recruiterId=52f3dcc7-e7bb-4419-b8a9-9cfb2a6f8b9e
2025-07-02 11:33:39,656 INFO  - Fetched company for recruiterId=585999a5-de05-4b90-bbe4-5cc916da48a2
2025-07-02 11:33:39,662 INFO  - Fetched company for recruiterId=52f3dcc7-e7bb-4419-b8a9-9cfb2a6f8b9e
2025-07-02 11:33:39,662 INFO  - Fetched company for recruiterId=3dc93452-07a2-4843-a650-c7faed6fc07c
2025-07-02 11:33:39,674 INFO  - Fetched company for recruiterId=585999a5-de05-4b90-bbe4-5cc916da48a2
2025-07-02 11:33:39,683 INFO  - Fetched company for recruiterId=52f3dcc7-e7bb-4419-b8a9-9cfb2a6f8b9e
2025-07-02 11:33:39,691 INFO  - Fetched company for recruiterId=585999a5-de05-4b90-bbe4-5cc916da48a2
2025-07-02 11:33:39,715 INFO  - Fetched company for recruiterId=585999a5-de05-4b90-bbe4-5cc916da48a2
2025-07-02 11:33:42,457 INFO  - Fetched all company names.
2025-07-02 11:33:42,479 INFO  - Fetched company for recruiterId=585999a5-de05-4b90-bbe4-5cc916da48a2
2025-07-02 11:33:42,479 INFO  - Fetched company for recruiterId=3dc93452-07a2-4843-a650-c7faed6fc07c
2025-07-02 11:33:42,485 INFO  - Fetched company for recruiterId=52f3dcc7-e7bb-4419-b8a9-9cfb2a6f8b9e
2025-07-02 11:33:42,489 INFO  - Fetched company for recruiterId=585999a5-de05-4b90-bbe4-5cc916da48a2
2025-07-02 11:33:42,490 INFO  - Fetched company for recruiterId=3dc93452-07a2-4843-a650-c7faed6fc07c
2025-07-02 11:33:42,497 INFO  - Fetched company for recruiterId=52f3dcc7-e7bb-4419-b8a9-9cfb2a6f8b9e
2025-07-02 11:33:42,503 INFO  - Fetched company for recruiterId=585999a5-de05-4b90-bbe4-5cc916da48a2
2025-07-02 11:33:42,510 INFO  - Fetched company for recruiterId=52f3dcc7-e7bb-4419-b8a9-9cfb2a6f8b9e
2025-07-02 11:33:42,515 INFO  - Fetched company for recruiterId=585999a5-de05-4b90-bbe4-5cc916da48a2
2025-07-02 11:33:42,522 INFO  - Fetched company for recruiterId=585999a5-de05-4b90-bbe4-5cc916da48a2
2025-07-02 11:34:38,074 INFO  - Fetched all company names.
2025-07-02 11:34:38,158 INFO  - Fetched company for recruiterId=585999a5-de05-4b90-bbe4-5cc916da48a2
2025-07-02 11:34:38,173 INFO  - Fetched company for recruiterId=585999a5-de05-4b90-bbe4-5cc916da48a2
2025-07-02 11:34:38,208 INFO  - Fetched company for recruiterId=3dc93452-07a2-4843-a650-c7faed6fc07c
2025-07-02 11:34:38,213 INFO  - Fetched company for recruiterId=585999a5-de05-4b90-bbe4-5cc916da48a2
2025-07-02 11:34:38,236 INFO  - Fetched company for recruiterId=585999a5-de05-4b90-bbe4-5cc916da48a2
2025-07-02 11:34:38,251 INFO  - Fetched company for recruiterId=3dc93452-07a2-4843-a650-c7faed6fc07c
2025-07-02 11:34:38,252 INFO  - Fetched company for recruiterId=585999a5-de05-4b90-bbe4-5cc916da48a2
2025-07-02 11:34:38,270 INFO  - Fetched company for recruiterId=52f3dcc7-e7bb-4419-b8a9-9cfb2a6f8b9e
2025-07-02 11:34:38,293 INFO  - Fetched company for recruiterId=52f3dcc7-e7bb-4419-b8a9-9cfb2a6f8b9e
2025-07-02 11:34:38,304 INFO  - Fetched company for recruiterId=52f3dcc7-e7bb-4419-b8a9-9cfb2a6f8b9e
2025-07-02 11:34:45,303 INFO  - Fetched all company names.
2025-07-02 11:34:45,488 INFO  - Fetched company for recruiterId=585999a5-de05-4b90-bbe4-5cc916da48a2
2025-07-02 11:34:45,499 INFO  - Fetched company for recruiterId=3dc93452-07a2-4843-a650-c7faed6fc07c
2025-07-02 11:34:45,500 INFO  - Fetched company for recruiterId=52f3dcc7-e7bb-4419-b8a9-9cfb2a6f8b9e
2025-07-02 11:34:45,522 INFO  - Fetched company for recruiterId=585999a5-de05-4b90-bbe4-5cc916da48a2
2025-07-02 11:34:45,523 INFO  - Fetched company for recruiterId=52f3dcc7-e7bb-4419-b8a9-9cfb2a6f8b9e
2025-07-02 11:34:45,523 INFO  - Fetched company for recruiterId=3dc93452-07a2-4843-a650-c7faed6fc07c
2025-07-02 11:34:45,543 INFO  - Fetched company for recruiterId=52f3dcc7-e7bb-4419-b8a9-9cfb2a6f8b9e
2025-07-02 11:34:45,544 INFO  - Fetched company for recruiterId=585999a5-de05-4b90-bbe4-5cc916da48a2
2025-07-02 11:34:45,555 INFO  - Fetched company for recruiterId=585999a5-de05-4b90-bbe4-5cc916da48a2
2025-07-02 11:34:45,574 INFO  - Fetched company for recruiterId=585999a5-de05-4b90-bbe4-5cc916da48a2
2025-07-02 11:34:46,552 INFO  - Fetched all company names.
2025-07-02 11:34:46,592 INFO  - Fetched company for recruiterId=585999a5-de05-4b90-bbe4-5cc916da48a2
2025-07-02 11:34:46,602 INFO  - Fetched company for recruiterId=3dc93452-07a2-4843-a650-c7faed6fc07c
2025-07-02 11:34:46,607 INFO  - Fetched company for recruiterId=585999a5-de05-4b90-bbe4-5cc916da48a2
2025-07-02 11:34:46,622 INFO  - Fetched company for recruiterId=52f3dcc7-e7bb-4419-b8a9-9cfb2a6f8b9e
2025-07-02 11:34:46,622 INFO  - Fetched company for recruiterId=3dc93452-07a2-4843-a650-c7faed6fc07c
2025-07-02 11:34:46,635 INFO  - Fetched company for recruiterId=585999a5-de05-4b90-bbe4-5cc916da48a2
2025-07-02 11:34:46,642 INFO  - Fetched company for recruiterId=52f3dcc7-e7bb-4419-b8a9-9cfb2a6f8b9e
2025-07-02 11:34:46,655 INFO  - Fetched company for recruiterId=585999a5-de05-4b90-bbe4-5cc916da48a2
2025-07-02 11:34:46,657 INFO  - Fetched company for recruiterId=52f3dcc7-e7bb-4419-b8a9-9cfb2a6f8b9e
2025-07-02 11:34:46,664 INFO  - Fetched company for recruiterId=585999a5-de05-4b90-bbe4-5cc916da48a2
2025-07-02 11:35:03,007 INFO  - Fetched all company names.
2025-07-02 11:35:03,163 INFO  - Fetched company for recruiterId=585999a5-de05-4b90-bbe4-5cc916da48a2
2025-07-02 11:35:03,167 INFO  - Fetched company for recruiterId=3dc93452-07a2-4843-a650-c7faed6fc07c
2025-07-02 11:35:03,168 INFO  - Fetched company for recruiterId=52f3dcc7-e7bb-4419-b8a9-9cfb2a6f8b9e
2025-07-02 11:35:03,213 INFO  - Fetched company for recruiterId=3dc93452-07a2-4843-a650-c7faed6fc07c
2025-07-02 11:35:03,214 INFO  - Fetched company for recruiterId=585999a5-de05-4b90-bbe4-5cc916da48a2
2025-07-02 11:35:03,215 INFO  - Fetched company for recruiterId=52f3dcc7-e7bb-4419-b8a9-9cfb2a6f8b9e
2025-07-02 11:35:03,228 INFO  - Fetched company for recruiterId=52f3dcc7-e7bb-4419-b8a9-9cfb2a6f8b9e
2025-07-02 11:35:03,230 INFO  - Fetched company for recruiterId=585999a5-de05-4b90-bbe4-5cc916da48a2
2025-07-02 11:35:03,239 INFO  - Fetched company for recruiterId=585999a5-de05-4b90-bbe4-5cc916da48a2
2025-07-02 11:35:03,254 INFO  - Fetched company for recruiterId=585999a5-de05-4b90-bbe4-5cc916da48a2
2025-07-02 11:35:29,027 INFO  - Fetched all company names.
2025-07-02 11:35:29,086 INFO  - Fetched company for recruiterId=585999a5-de05-4b90-bbe4-5cc916da48a2
2025-07-02 11:35:29,127 INFO  - Fetched company for recruiterId=3dc93452-07a2-4843-a650-c7faed6fc07c
2025-07-02 11:35:29,136 INFO  - Fetched company for recruiterId=52f3dcc7-e7bb-4419-b8a9-9cfb2a6f8b9e
2025-07-02 11:35:29,136 INFO  - Fetched company for recruiterId=585999a5-de05-4b90-bbe4-5cc916da48a2
2025-07-02 11:35:29,154 INFO  - Fetched company for recruiterId=585999a5-de05-4b90-bbe4-5cc916da48a2
2025-07-02 11:35:29,156 INFO  - Fetched company for recruiterId=3dc93452-07a2-4843-a650-c7faed6fc07c
2025-07-02 11:35:29,181 INFO  - Fetched company for recruiterId=52f3dcc7-e7bb-4419-b8a9-9cfb2a6f8b9e
2025-07-02 11:35:29,202 INFO  - Fetched company for recruiterId=585999a5-de05-4b90-bbe4-5cc916da48a2
2025-07-02 11:35:29,210 INFO  - Fetched company for recruiterId=52f3dcc7-e7bb-4419-b8a9-9cfb2a6f8b9e
2025-07-02 11:35:29,229 INFO  - Fetched company for recruiterId=585999a5-de05-4b90-bbe4-5cc916da48a2
2025-07-02 11:35:46,294 INFO  - Fetched all company names.
2025-07-02 11:35:46,348 INFO  - Fetched company for recruiterId=585999a5-de05-4b90-bbe4-5cc916da48a2
2025-07-02 11:35:46,371 INFO  - Fetched company for recruiterId=3dc93452-07a2-4843-a650-c7faed6fc07c
2025-07-02 11:35:46,406 INFO  - Fetched company for recruiterId=585999a5-de05-4b90-bbe4-5cc916da48a2
2025-07-02 11:35:46,407 INFO  - Fetched company for recruiterId=52f3dcc7-e7bb-4419-b8a9-9cfb2a6f8b9e
2025-07-02 11:35:46,447 INFO  - Fetched company for recruiterId=3dc93452-07a2-4843-a650-c7faed6fc07c
2025-07-02 11:35:46,458 INFO  - Fetched company for recruiterId=585999a5-de05-4b90-bbe4-5cc916da48a2
2025-07-02 11:35:46,458 INFO  - Fetched company for recruiterId=52f3dcc7-e7bb-4419-b8a9-9cfb2a6f8b9e
2025-07-02 11:35:46,491 INFO  - Fetched company for recruiterId=585999a5-de05-4b90-bbe4-5cc916da48a2
2025-07-02 11:35:46,492 INFO  - Fetched company for recruiterId=52f3dcc7-e7bb-4419-b8a9-9cfb2a6f8b9e
2025-07-02 11:35:46,503 INFO  - Fetched company for recruiterId=585999a5-de05-4b90-bbe4-5cc916da48a2
2025-07-02 11:36:06,941 INFO  - Fetched all company names.
2025-07-02 11:36:06,999 INFO  - Fetched company for recruiterId=3dc93452-07a2-4843-a650-c7faed6fc07c
2025-07-02 11:36:07,011 INFO  - Fetched company for recruiterId=585999a5-de05-4b90-bbe4-5cc916da48a2
2025-07-02 11:36:07,021 INFO  - Fetched company for recruiterId=52f3dcc7-e7bb-4419-b8a9-9cfb2a6f8b9e
2025-07-02 11:36:07,021 INFO  - Fetched company for recruiterId=3dc93452-07a2-4843-a650-c7faed6fc07c
2025-07-02 11:36:07,040 INFO  - Fetched company for recruiterId=585999a5-de05-4b90-bbe4-5cc916da48a2
2025-07-02 11:36:07,049 INFO  - Fetched company for recruiterId=52f3dcc7-e7bb-4419-b8a9-9cfb2a6f8b9e
2025-07-02 11:36:07,057 INFO  - Fetched company for recruiterId=585999a5-de05-4b90-bbe4-5cc916da48a2
2025-07-02 11:36:07,069 INFO  - Fetched company for recruiterId=52f3dcc7-e7bb-4419-b8a9-9cfb2a6f8b9e
2025-07-02 11:36:07,071 INFO  - Fetched company for recruiterId=585999a5-de05-4b90-bbe4-5cc916da48a2
2025-07-02 11:36:07,101 INFO  - Fetched company for recruiterId=585999a5-de05-4b90-bbe4-5cc916da48a2
2025-07-02 11:39:41,758 INFO  - Fetched all company names.
2025-07-02 11:39:42,091 INFO  - Fetched company for recruiterId=585999a5-de05-4b90-bbe4-5cc916da48a2
2025-07-02 11:39:42,091 INFO  - Fetched company for recruiterId=3dc93452-07a2-4843-a650-c7faed6fc07c
2025-07-02 11:39:42,091 INFO  - Fetched company for recruiterId=52f3dcc7-e7bb-4419-b8a9-9cfb2a6f8b9e
2025-07-02 11:39:42,106 INFO  - Fetched company for recruiterId=585999a5-de05-4b90-bbe4-5cc916da48a2
2025-07-02 11:39:42,106 INFO  - Fetched company for recruiterId=52f3dcc7-e7bb-4419-b8a9-9cfb2a6f8b9e
2025-07-02 11:39:42,109 INFO  - Fetched company for recruiterId=3dc93452-07a2-4843-a650-c7faed6fc07c
2025-07-02 11:39:42,139 INFO  - Fetched company for recruiterId=585999a5-de05-4b90-bbe4-5cc916da48a2
2025-07-02 11:39:42,145 INFO  - Fetched company for recruiterId=52f3dcc7-e7bb-4419-b8a9-9cfb2a6f8b9e
2025-07-02 11:39:42,151 INFO  - Fetched company for recruiterId=585999a5-de05-4b90-bbe4-5cc916da48a2
2025-07-02 11:39:42,163 INFO  - Fetched company for recruiterId=585999a5-de05-4b90-bbe4-5cc916da48a2
2025-07-02 11:39:42,995 INFO  - Fetched company for recruiterId=52f3dcc7-e7bb-4419-b8a9-9cfb2a6f8b9e
2025-07-02 11:39:43,045 INFO  - Fetched company for recruiterId=52f3dcc7-e7bb-4419-b8a9-9cfb2a6f8b9e
2025-07-02 11:39:43,110 INFO  - Fetched company for recruiterId=3dc93452-07a2-4843-a650-c7faed6fc07c
2025-07-02 11:39:43,157 INFO  - Fetched company for recruiterId=3dc93452-07a2-4843-a650-c7faed6fc07c
2025-07-02 11:39:43,168 INFO  - Fetched company for recruiterId=52f3dcc7-e7bb-4419-b8a9-9cfb2a6f8b9e
2025-07-02 11:39:43,264 INFO  - Fetched company for recruiterId=52f3dcc7-e7bb-4419-b8a9-9cfb2a6f8b9e
2025-07-02 11:39:43,299 INFO  - Fetched company for recruiterId=52f3dcc7-e7bb-4419-b8a9-9cfb2a6f8b9e
2025-07-02 11:39:43,317 INFO  - Fetched company for recruiterId=52f3dcc7-e7bb-4419-b8a9-9cfb2a6f8b9e
2025-07-02 11:39:43,342 INFO  - Fetched company for recruiterId=52f3dcc7-e7bb-4419-b8a9-9cfb2a6f8b9e
2025-07-02 11:39:43,358 INFO  - Fetched company for recruiterId=52f3dcc7-e7bb-4419-b8a9-9cfb2a6f8b9e
2025-07-02 11:39:43,389 INFO  - Fetched company for recruiterId=52f3dcc7-e7bb-4419-b8a9-9cfb2a6f8b9e
2025-07-02 11:39:43,400 INFO  - Fetched company for recruiterId=52f3dcc7-e7bb-4419-b8a9-9cfb2a6f8b9e
2025-07-02 11:39:43,414 INFO  - Fetched company for recruiterId=52f3dcc7-e7bb-4419-b8a9-9cfb2a6f8b9e
2025-07-02 11:39:43,441 INFO  - Fetched company for recruiterId=52f3dcc7-e7bb-4419-b8a9-9cfb2a6f8b9e
2025-07-02 11:39:43,454 INFO  - Fetched company for recruiterId=52f3dcc7-e7bb-4419-b8a9-9cfb2a6f8b9e
2025-07-02 11:40:00,739 INFO  - Fetched all company names.
2025-07-02 11:40:00,813 INFO  - Fetched company for recruiterId=585999a5-de05-4b90-bbe4-5cc916da48a2
2025-07-02 11:40:00,815 INFO  - Fetched company for recruiterId=3dc93452-07a2-4843-a650-c7faed6fc07c
2025-07-02 11:40:00,815 INFO  - Fetched company for recruiterId=52f3dcc7-e7bb-4419-b8a9-9cfb2a6f8b9e
2025-07-02 11:40:00,842 INFO  - Fetched company for recruiterId=585999a5-de05-4b90-bbe4-5cc916da48a2
2025-07-02 11:40:00,843 INFO  - Fetched company for recruiterId=3dc93452-07a2-4843-a650-c7faed6fc07c
2025-07-02 11:40:00,844 INFO  - Fetched company for recruiterId=52f3dcc7-e7bb-4419-b8a9-9cfb2a6f8b9e
2025-07-02 11:40:00,861 INFO  - Fetched company for recruiterId=585999a5-de05-4b90-bbe4-5cc916da48a2
2025-07-02 11:40:00,861 INFO  - Fetched company for recruiterId=52f3dcc7-e7bb-4419-b8a9-9cfb2a6f8b9e
2025-07-02 11:40:00,891 INFO  - Fetched company for recruiterId=585999a5-de05-4b90-bbe4-5cc916da48a2
2025-07-02 11:40:00,907 INFO  - Fetched company for recruiterId=585999a5-de05-4b90-bbe4-5cc916da48a2
2025-07-02 11:40:12,160 INFO  - Fetched all company names.
2025-07-02 11:40:12,210 INFO  - Fetched company for recruiterId=3dc93452-07a2-4843-a650-c7faed6fc07c
2025-07-02 11:40:12,210 INFO  - Fetched company for recruiterId=585999a5-de05-4b90-bbe4-5cc916da48a2
2025-07-02 11:40:12,211 INFO  - Fetched company for recruiterId=52f3dcc7-e7bb-4419-b8a9-9cfb2a6f8b9e
2025-07-02 11:40:12,224 INFO  - Fetched company for recruiterId=3dc93452-07a2-4843-a650-c7faed6fc07c
2025-07-02 11:40:12,238 INFO  - Fetched company for recruiterId=585999a5-de05-4b90-bbe4-5cc916da48a2
2025-07-02 11:40:12,238 INFO  - Fetched company for recruiterId=52f3dcc7-e7bb-4419-b8a9-9cfb2a6f8b9e
2025-07-02 11:40:12,253 INFO  - Fetched company for recruiterId=585999a5-de05-4b90-bbe4-5cc916da48a2
2025-07-02 11:40:12,253 INFO  - Fetched company for recruiterId=52f3dcc7-e7bb-4419-b8a9-9cfb2a6f8b9e
2025-07-02 11:40:12,267 INFO  - Fetched company for recruiterId=585999a5-de05-4b90-bbe4-5cc916da48a2
2025-07-02 11:40:12,290 INFO  - Fetched company for recruiterId=585999a5-de05-4b90-bbe4-5cc916da48a2
2025-07-02 11:40:34,700 INFO  - Fetched all company names.
2025-07-02 11:40:34,787 INFO  - Fetched company for recruiterId=3dc93452-07a2-4843-a650-c7faed6fc07c
2025-07-02 11:40:34,787 INFO  - Fetched company for recruiterId=585999a5-de05-4b90-bbe4-5cc916da48a2
2025-07-02 11:40:34,787 INFO  - Fetched company for recruiterId=52f3dcc7-e7bb-4419-b8a9-9cfb2a6f8b9e
2025-07-02 11:40:34,805 INFO  - Fetched company for recruiterId=3dc93452-07a2-4843-a650-c7faed6fc07c
2025-07-02 11:40:34,806 INFO  - Fetched company for recruiterId=52f3dcc7-e7bb-4419-b8a9-9cfb2a6f8b9e
2025-07-02 11:40:34,806 INFO  - Fetched company for recruiterId=585999a5-de05-4b90-bbe4-5cc916da48a2
2025-07-02 11:40:34,841 INFO  - Fetched company for recruiterId=585999a5-de05-4b90-bbe4-5cc916da48a2
2025-07-02 11:40:34,842 INFO  - Fetched company for recruiterId=52f3dcc7-e7bb-4419-b8a9-9cfb2a6f8b9e
2025-07-02 11:40:34,866 INFO  - Fetched company for recruiterId=585999a5-de05-4b90-bbe4-5cc916da48a2
2025-07-02 11:40:34,896 INFO  - Fetched company for recruiterId=585999a5-de05-4b90-bbe4-5cc916da48a2
2025-07-02 11:41:49,902 INFO  - Fetched all company names.
2025-07-02 11:41:50,535 INFO  - Fetched company for recruiterId=585999a5-de05-4b90-bbe4-5cc916da48a2
2025-07-02 11:41:50,535 INFO  - Fetched company for recruiterId=3dc93452-07a2-4843-a650-c7faed6fc07c
2025-07-02 11:41:50,549 INFO  - Fetched company for recruiterId=585999a5-de05-4b90-bbe4-5cc916da48a2
2025-07-02 11:41:50,549 INFO  - Fetched company for recruiterId=3dc93452-07a2-4843-a650-c7faed6fc07c
2025-07-02 11:41:50,549 INFO  - Fetched company for recruiterId=52f3dcc7-e7bb-4419-b8a9-9cfb2a6f8b9e
2025-07-02 11:41:50,566 INFO  - Fetched company for recruiterId=585999a5-de05-4b90-bbe4-5cc916da48a2
2025-07-02 11:41:50,566 INFO  - Fetched company for recruiterId=52f3dcc7-e7bb-4419-b8a9-9cfb2a6f8b9e
2025-07-02 11:41:50,588 INFO  - Fetched company for recruiterId=585999a5-de05-4b90-bbe4-5cc916da48a2
2025-07-02 11:41:50,589 INFO  - Fetched company for recruiterId=52f3dcc7-e7bb-4419-b8a9-9cfb2a6f8b9e
2025-07-02 11:41:50,601 INFO  - Fetched company for recruiterId=585999a5-de05-4b90-bbe4-5cc916da48a2
2025-07-02 11:41:51,685 INFO  - Fetched all company names.
2025-07-02 11:41:51,765 INFO  - Fetched company for recruiterId=585999a5-de05-4b90-bbe4-5cc916da48a2
2025-07-02 11:41:51,767 INFO  - Fetched company for recruiterId=3dc93452-07a2-4843-a650-c7faed6fc07c
2025-07-02 11:41:51,787 INFO  - Fetched company for recruiterId=3dc93452-07a2-4843-a650-c7faed6fc07c
2025-07-02 11:41:51,787 INFO  - Fetched company for recruiterId=52f3dcc7-e7bb-4419-b8a9-9cfb2a6f8b9e
2025-07-02 11:41:51,787 INFO  - Fetched company for recruiterId=585999a5-de05-4b90-bbe4-5cc916da48a2
2025-07-02 11:41:51,798 INFO  - Fetched company for recruiterId=52f3dcc7-e7bb-4419-b8a9-9cfb2a6f8b9e
2025-07-02 11:41:51,798 INFO  - Fetched company for recruiterId=585999a5-de05-4b90-bbe4-5cc916da48a2
2025-07-02 11:41:51,806 INFO  - Fetched company for recruiterId=585999a5-de05-4b90-bbe4-5cc916da48a2
2025-07-02 11:41:51,807 INFO  - Fetched company for recruiterId=52f3dcc7-e7bb-4419-b8a9-9cfb2a6f8b9e
2025-07-02 11:41:51,815 INFO  - Fetched company for recruiterId=585999a5-de05-4b90-bbe4-5cc916da48a2
2025-07-02 11:42:05,995 INFO  - Fetched all company names.
2025-07-02 11:42:06,057 INFO  - Fetched company for recruiterId=3dc93452-07a2-4843-a650-c7faed6fc07c
2025-07-02 11:42:06,058 INFO  - Fetched company for recruiterId=585999a5-de05-4b90-bbe4-5cc916da48a2
2025-07-02 11:42:06,058 INFO  - Fetched company for recruiterId=52f3dcc7-e7bb-4419-b8a9-9cfb2a6f8b9e
2025-07-02 11:42:06,085 INFO  - Fetched company for recruiterId=585999a5-de05-4b90-bbe4-5cc916da48a2
2025-07-02 11:42:06,085 INFO  - Fetched company for recruiterId=3dc93452-07a2-4843-a650-c7faed6fc07c
2025-07-02 11:42:06,085 INFO  - Fetched company for recruiterId=52f3dcc7-e7bb-4419-b8a9-9cfb2a6f8b9e
2025-07-02 11:42:06,104 INFO  - Fetched company for recruiterId=585999a5-de05-4b90-bbe4-5cc916da48a2
2025-07-02 11:42:06,104 INFO  - Fetched company for recruiterId=52f3dcc7-e7bb-4419-b8a9-9cfb2a6f8b9e
2025-07-02 11:42:06,150 INFO  - Fetched company for recruiterId=585999a5-de05-4b90-bbe4-5cc916da48a2
2025-07-02 11:42:06,165 INFO  - Fetched company for recruiterId=585999a5-de05-4b90-bbe4-5cc916da48a2
2025-07-02 11:42:13,888 INFO  - Fetched all company names.
2025-07-02 11:42:13,963 INFO  - Fetched company for recruiterId=585999a5-de05-4b90-bbe4-5cc916da48a2
2025-07-02 11:42:13,963 INFO  - Fetched company for recruiterId=3dc93452-07a2-4843-a650-c7faed6fc07c
2025-07-02 11:42:13,987 INFO  - Fetched company for recruiterId=52f3dcc7-e7bb-4419-b8a9-9cfb2a6f8b9e
2025-07-02 11:42:13,988 INFO  - Fetched company for recruiterId=585999a5-de05-4b90-bbe4-5cc916da48a2
2025-07-02 11:42:13,992 INFO  - Fetched company for recruiterId=3dc93452-07a2-4843-a650-c7faed6fc07c
2025-07-02 11:42:13,997 INFO  - Fetched company for recruiterId=585999a5-de05-4b90-bbe4-5cc916da48a2
2025-07-02 11:42:13,997 INFO  - Fetched company for recruiterId=52f3dcc7-e7bb-4419-b8a9-9cfb2a6f8b9e
2025-07-02 11:42:14,008 INFO  - Fetched company for recruiterId=52f3dcc7-e7bb-4419-b8a9-9cfb2a6f8b9e
2025-07-02 11:42:14,010 INFO  - Fetched company for recruiterId=585999a5-de05-4b90-bbe4-5cc916da48a2
2025-07-02 11:42:14,039 INFO  - Fetched company for recruiterId=585999a5-de05-4b90-bbe4-5cc916da48a2
2025-07-02 11:42:20,488 INFO  - Fetched company for recruiterId=3dc93452-07a2-4843-a650-c7faed6fc07c
2025-07-02 11:42:20,488 INFO  - Fetched company for recruiterId=585999a5-de05-4b90-bbe4-5cc916da48a2
2025-07-02 11:42:20,501 INFO  - Fetched company for recruiterId=585999a5-de05-4b90-bbe4-5cc916da48a2
2025-07-02 11:42:20,501 INFO  - Fetched company for recruiterId=3dc93452-07a2-4843-a650-c7faed6fc07c
2025-07-02 11:42:20,512 INFO  - Fetched company for recruiterId=585999a5-de05-4b90-bbe4-5cc916da48a2
2025-07-02 11:42:20,534 INFO  - Fetched company for recruiterId=3dc93452-07a2-4843-a650-c7faed6fc07c
2025-07-02 11:42:20,543 INFO  - Fetched company for recruiterId=585999a5-de05-4b90-bbe4-5cc916da48a2
2025-07-02 11:42:20,548 INFO  - Fetched company for recruiterId=3dc93452-07a2-4843-a650-c7faed6fc07c
2025-07-02 11:42:21,962 INFO  - Fetched all company names.
2025-07-02 11:42:22,013 INFO  - Fetched company for recruiterId=585999a5-de05-4b90-bbe4-5cc916da48a2
2025-07-02 11:42:22,040 INFO  - Fetched company for recruiterId=3dc93452-07a2-4843-a650-c7faed6fc07c
2025-07-02 11:42:22,041 INFO  - Fetched company for recruiterId=585999a5-de05-4b90-bbe4-5cc916da48a2
2025-07-02 11:42:22,041 INFO  - Fetched company for recruiterId=52f3dcc7-e7bb-4419-b8a9-9cfb2a6f8b9e
2025-07-02 11:42:22,058 INFO  - Fetched company for recruiterId=3dc93452-07a2-4843-a650-c7faed6fc07c
2025-07-02 11:42:22,059 INFO  - Fetched company for recruiterId=52f3dcc7-e7bb-4419-b8a9-9cfb2a6f8b9e
2025-07-02 11:42:22,059 INFO  - Fetched company for recruiterId=585999a5-de05-4b90-bbe4-5cc916da48a2
2025-07-02 11:42:22,088 INFO  - Fetched company for recruiterId=585999a5-de05-4b90-bbe4-5cc916da48a2
2025-07-02 11:42:22,090 INFO  - Fetched company for recruiterId=52f3dcc7-e7bb-4419-b8a9-9cfb2a6f8b9e
2025-07-02 11:42:22,099 INFO  - Fetched company for recruiterId=585999a5-de05-4b90-bbe4-5cc916da48a2
2025-07-02 11:42:24,701 INFO  - Fetched company for recruiterId=52f3dcc7-e7bb-4419-b8a9-9cfb2a6f8b9e
2025-07-02 11:42:24,704 INFO  - Fetched company for recruiterId=3dc93452-07a2-4843-a650-c7faed6fc07c
2025-07-02 11:42:24,714 INFO  - Fetched company for recruiterId=52f3dcc7-e7bb-4419-b8a9-9cfb2a6f8b9e
2025-07-02 11:42:24,714 INFO  - Fetched company for recruiterId=3dc93452-07a2-4843-a650-c7faed6fc07c
2025-07-02 11:42:24,736 INFO  - Fetched company for recruiterId=52f3dcc7-e7bb-4419-b8a9-9cfb2a6f8b9e
2025-07-02 11:42:24,746 INFO  - Fetched company for recruiterId=52f3dcc7-e7bb-4419-b8a9-9cfb2a6f8b9e
2025-07-02 11:42:24,754 INFO  - Fetched company for recruiterId=52f3dcc7-e7bb-4419-b8a9-9cfb2a6f8b9e
2025-07-02 11:42:24,763 INFO  - Fetched company for recruiterId=52f3dcc7-e7bb-4419-b8a9-9cfb2a6f8b9e
2025-07-02 11:42:24,786 INFO  - Fetched company for recruiterId=52f3dcc7-e7bb-4419-b8a9-9cfb2a6f8b9e
2025-07-02 11:42:24,794 INFO  - Fetched company for recruiterId=52f3dcc7-e7bb-4419-b8a9-9cfb2a6f8b9e
2025-07-02 11:42:24,802 INFO  - Fetched company for recruiterId=52f3dcc7-e7bb-4419-b8a9-9cfb2a6f8b9e
2025-07-02 11:42:24,810 INFO  - Fetched company for recruiterId=52f3dcc7-e7bb-4419-b8a9-9cfb2a6f8b9e
2025-07-02 11:42:24,834 INFO  - Fetched company for recruiterId=52f3dcc7-e7bb-4419-b8a9-9cfb2a6f8b9e
2025-07-02 11:42:24,843 INFO  - Fetched company for recruiterId=52f3dcc7-e7bb-4419-b8a9-9cfb2a6f8b9e
2025-07-02 11:42:24,851 INFO  - Fetched company for recruiterId=52f3dcc7-e7bb-4419-b8a9-9cfb2a6f8b9e
2025-07-02 11:42:53,934 INFO  - Fetched all company names.
2025-07-02 11:42:54,044 INFO  - Fetched company for recruiterId=585999a5-de05-4b90-bbe4-5cc916da48a2
2025-07-02 11:42:54,056 INFO  - Fetched company for recruiterId=585999a5-de05-4b90-bbe4-5cc916da48a2
2025-07-02 11:42:54,083 INFO  - Fetched company for recruiterId=3dc93452-07a2-4843-a650-c7faed6fc07c
2025-07-02 11:42:54,094 INFO  - Fetched company for recruiterId=585999a5-de05-4b90-bbe4-5cc916da48a2
2025-07-02 11:42:54,099 INFO  - Fetched company for recruiterId=52f3dcc7-e7bb-4419-b8a9-9cfb2a6f8b9e
2025-07-02 11:42:54,106 INFO  - Fetched company for recruiterId=3dc93452-07a2-4843-a650-c7faed6fc07c
2025-07-02 11:42:54,109 INFO  - Fetched company for recruiterId=585999a5-de05-4b90-bbe4-5cc916da48a2
2025-07-02 11:42:54,117 INFO  - Fetched company for recruiterId=52f3dcc7-e7bb-4419-b8a9-9cfb2a6f8b9e
2025-07-02 11:42:54,138 INFO  - Fetched company for recruiterId=585999a5-de05-4b90-bbe4-5cc916da48a2
2025-07-02 11:42:54,139 INFO  - Fetched company for recruiterId=52f3dcc7-e7bb-4419-b8a9-9cfb2a6f8b9e
2025-07-02 11:43:01,250 INFO  - Fetched all company names.
2025-07-02 11:43:01,385 INFO  - Fetched company for recruiterId=585999a5-de05-4b90-bbe4-5cc916da48a2
2025-07-02 11:43:01,386 INFO  - Fetched company for recruiterId=3dc93452-07a2-4843-a650-c7faed6fc07c
2025-07-02 11:43:01,387 INFO  - Fetched company for recruiterId=52f3dcc7-e7bb-4419-b8a9-9cfb2a6f8b9e
2025-07-02 11:43:01,397 INFO  - Fetched company for recruiterId=585999a5-de05-4b90-bbe4-5cc916da48a2
2025-07-02 11:43:01,397 INFO  - Fetched company for recruiterId=3dc93452-07a2-4843-a650-c7faed6fc07c
2025-07-02 11:43:01,398 INFO  - Fetched company for recruiterId=52f3dcc7-e7bb-4419-b8a9-9cfb2a6f8b9e
2025-07-02 11:43:01,417 INFO  - Fetched company for recruiterId=585999a5-de05-4b90-bbe4-5cc916da48a2
2025-07-02 11:43:01,417 INFO  - Fetched company for recruiterId=52f3dcc7-e7bb-4419-b8a9-9cfb2a6f8b9e
2025-07-02 11:43:01,437 INFO  - Fetched company for recruiterId=585999a5-de05-4b90-bbe4-5cc916da48a2
2025-07-02 11:43:01,457 INFO  - Fetched company for recruiterId=585999a5-de05-4b90-bbe4-5cc916da48a2
2025-07-02 11:43:02,354 INFO  - Fetched all company names.
2025-07-02 11:43:02,438 INFO  - Fetched company for recruiterId=3dc93452-07a2-4843-a650-c7faed6fc07c
2025-07-02 11:43:02,438 INFO  - Fetched company for recruiterId=585999a5-de05-4b90-bbe4-5cc916da48a2
2025-07-02 11:43:02,488 INFO  - Fetched company for recruiterId=585999a5-de05-4b90-bbe4-5cc916da48a2
2025-07-02 11:43:02,491 INFO  - Fetched company for recruiterId=3dc93452-07a2-4843-a650-c7faed6fc07c
2025-07-02 11:43:02,492 INFO  - Fetched company for recruiterId=52f3dcc7-e7bb-4419-b8a9-9cfb2a6f8b9e
2025-07-02 11:43:02,511 INFO  - Fetched company for recruiterId=585999a5-de05-4b90-bbe4-5cc916da48a2
2025-07-02 11:43:02,534 INFO  - Fetched company for recruiterId=52f3dcc7-e7bb-4419-b8a9-9cfb2a6f8b9e
2025-07-02 11:43:02,538 INFO  - Fetched company for recruiterId=585999a5-de05-4b90-bbe4-5cc916da48a2
2025-07-02 11:43:02,550 INFO  - Fetched company for recruiterId=52f3dcc7-e7bb-4419-b8a9-9cfb2a6f8b9e
2025-07-02 11:43:02,551 INFO  - Fetched company for recruiterId=585999a5-de05-4b90-bbe4-5cc916da48a2
2025-07-02 11:43:05,064 INFO  - Fetched company for recruiterId=585999a5-de05-4b90-bbe4-5cc916da48a2
2025-07-02 11:43:05,090 INFO  - Fetched company for recruiterId=585999a5-de05-4b90-bbe4-5cc916da48a2
2025-07-02 11:43:05,090 INFO  - Fetched company for recruiterId=3dc93452-07a2-4843-a650-c7faed6fc07c
2025-07-02 11:43:05,100 INFO  - Fetched company for recruiterId=585999a5-de05-4b90-bbe4-5cc916da48a2
2025-07-02 11:43:05,103 INFO  - Fetched company for recruiterId=3dc93452-07a2-4843-a650-c7faed6fc07c
2025-07-02 11:43:05,137 INFO  - Fetched company for recruiterId=585999a5-de05-4b90-bbe4-5cc916da48a2
2025-07-02 11:43:05,137 INFO  - Fetched company for recruiterId=3dc93452-07a2-4843-a650-c7faed6fc07c
2025-07-02 11:43:05,151 INFO  - Fetched company for recruiterId=3dc93452-07a2-4843-a650-c7faed6fc07c
2025-07-02 11:43:05,591 INFO  - Fetched all company names.
2025-07-02 11:43:05,637 INFO  - Fetched company for recruiterId=585999a5-de05-4b90-bbe4-5cc916da48a2
2025-07-02 11:43:05,638 INFO  - Fetched company for recruiterId=3dc93452-07a2-4843-a650-c7faed6fc07c
2025-07-02 11:43:05,660 INFO  - Fetched company for recruiterId=3dc93452-07a2-4843-a650-c7faed6fc07c
2025-07-02 11:43:05,660 INFO  - Fetched company for recruiterId=52f3dcc7-e7bb-4419-b8a9-9cfb2a6f8b9e
2025-07-02 11:43:05,660 INFO  - Fetched company for recruiterId=585999a5-de05-4b90-bbe4-5cc916da48a2
2025-07-02 11:43:05,686 INFO  - Fetched company for recruiterId=585999a5-de05-4b90-bbe4-5cc916da48a2
2025-07-02 11:43:05,686 INFO  - Fetched company for recruiterId=52f3dcc7-e7bb-4419-b8a9-9cfb2a6f8b9e
2025-07-02 11:43:05,699 INFO  - Fetched company for recruiterId=585999a5-de05-4b90-bbe4-5cc916da48a2
2025-07-02 11:43:05,702 INFO  - Fetched company for recruiterId=52f3dcc7-e7bb-4419-b8a9-9cfb2a6f8b9e
2025-07-02 11:43:05,715 INFO  - Fetched company for recruiterId=585999a5-de05-4b90-bbe4-5cc916da48a2
2025-07-02 11:43:08,088 INFO  - Fetched company for recruiterId=52f3dcc7-e7bb-4419-b8a9-9cfb2a6f8b9e
2025-07-02 11:43:08,111 INFO  - Fetched company for recruiterId=52f3dcc7-e7bb-4419-b8a9-9cfb2a6f8b9e
2025-07-02 11:43:08,116 INFO  - Fetched company for recruiterId=3dc93452-07a2-4843-a650-c7faed6fc07c
2025-07-02 11:43:08,137 INFO  - Fetched company for recruiterId=52f3dcc7-e7bb-4419-b8a9-9cfb2a6f8b9e
2025-07-02 11:43:08,137 INFO  - Fetched company for recruiterId=3dc93452-07a2-4843-a650-c7faed6fc07c
2025-07-02 11:43:08,145 INFO  - Fetched company for recruiterId=52f3dcc7-e7bb-4419-b8a9-9cfb2a6f8b9e
2025-07-02 11:43:08,155 INFO  - Fetched company for recruiterId=52f3dcc7-e7bb-4419-b8a9-9cfb2a6f8b9e
2025-07-02 11:43:08,184 INFO  - Fetched company for recruiterId=52f3dcc7-e7bb-4419-b8a9-9cfb2a6f8b9e
2025-07-02 11:43:08,192 INFO  - Fetched company for recruiterId=52f3dcc7-e7bb-4419-b8a9-9cfb2a6f8b9e
2025-07-02 11:43:08,199 INFO  - Fetched company for recruiterId=52f3dcc7-e7bb-4419-b8a9-9cfb2a6f8b9e
2025-07-02 11:43:08,208 INFO  - Fetched company for recruiterId=52f3dcc7-e7bb-4419-b8a9-9cfb2a6f8b9e
2025-07-02 11:43:08,233 INFO  - Fetched company for recruiterId=52f3dcc7-e7bb-4419-b8a9-9cfb2a6f8b9e
2025-07-02 11:43:08,241 INFO  - Fetched company for recruiterId=52f3dcc7-e7bb-4419-b8a9-9cfb2a6f8b9e
2025-07-02 11:43:08,249 INFO  - Fetched company for recruiterId=52f3dcc7-e7bb-4419-b8a9-9cfb2a6f8b9e
2025-07-02 11:43:08,260 INFO  - Fetched company for recruiterId=52f3dcc7-e7bb-4419-b8a9-9cfb2a6f8b9e
2025-07-02 11:43:25,486 INFO  - Fetched company for recruiterId=585999a5-de05-4b90-bbe4-5cc916da48a2
2025-07-02 11:43:25,487 INFO  - Fetched company for recruiterId=3dc93452-07a2-4843-a650-c7faed6fc07c
2025-07-02 11:43:25,493 INFO  - Fetched company for recruiterId=585999a5-de05-4b90-bbe4-5cc916da48a2
2025-07-02 11:43:25,493 INFO  - Fetched company for recruiterId=3dc93452-07a2-4843-a650-c7faed6fc07c
2025-07-02 11:43:25,501 INFO  - Fetched company for recruiterId=585999a5-de05-4b90-bbe4-5cc916da48a2
2025-07-02 11:43:25,502 INFO  - Fetched company for recruiterId=3dc93452-07a2-4843-a650-c7faed6fc07c
2025-07-02 11:43:25,514 INFO  - Fetched company for recruiterId=3dc93452-07a2-4843-a650-c7faed6fc07c
2025-07-02 11:43:25,514 INFO  - Fetched company for recruiterId=585999a5-de05-4b90-bbe4-5cc916da48a2
2025-07-02 11:43:25,999 INFO  - Fetched all company names.
2025-07-02 11:43:26,083 INFO  - Fetched company for recruiterId=3dc93452-07a2-4843-a650-c7faed6fc07c
2025-07-02 11:43:26,083 INFO  - Fetched company for recruiterId=585999a5-de05-4b90-bbe4-5cc916da48a2
2025-07-02 11:43:26,087 INFO  - Fetched company for recruiterId=52f3dcc7-e7bb-4419-b8a9-9cfb2a6f8b9e
2025-07-02 11:43:26,092 INFO  - Fetched company for recruiterId=585999a5-de05-4b90-bbe4-5cc916da48a2
2025-07-02 11:43:26,093 INFO  - Fetched company for recruiterId=3dc93452-07a2-4843-a650-c7faed6fc07c
2025-07-02 11:43:26,096 INFO  - Fetched company for recruiterId=52f3dcc7-e7bb-4419-b8a9-9cfb2a6f8b9e
2025-07-02 11:43:26,102 INFO  - Fetched company for recruiterId=585999a5-de05-4b90-bbe4-5cc916da48a2
2025-07-02 11:43:26,103 INFO  - Fetched company for recruiterId=52f3dcc7-e7bb-4419-b8a9-9cfb2a6f8b9e
2025-07-02 11:43:26,111 INFO  - Fetched company for recruiterId=585999a5-de05-4b90-bbe4-5cc916da48a2
2025-07-02 11:43:26,135 INFO  - Fetched company for recruiterId=585999a5-de05-4b90-bbe4-5cc916da48a2
2025-07-02 11:43:36,295 INFO  - Fetched company for recruiterId=52f3dcc7-e7bb-4419-b8a9-9cfb2a6f8b9e
2025-07-02 11:43:36,333 INFO  - Fetched company for recruiterId=52f3dcc7-e7bb-4419-b8a9-9cfb2a6f8b9e
2025-07-02 11:43:36,337 INFO  - Fetched company for recruiterId=3dc93452-07a2-4843-a650-c7faed6fc07c
2025-07-02 11:43:36,347 INFO  - Fetched company for recruiterId=52f3dcc7-e7bb-4419-b8a9-9cfb2a6f8b9e
2025-07-02 11:43:36,347 INFO  - Fetched company for recruiterId=3dc93452-07a2-4843-a650-c7faed6fc07c
2025-07-02 11:43:36,363 INFO  - Fetched company for recruiterId=52f3dcc7-e7bb-4419-b8a9-9cfb2a6f8b9e
2025-07-02 11:43:36,385 INFO  - Fetched company for recruiterId=52f3dcc7-e7bb-4419-b8a9-9cfb2a6f8b9e
2025-07-02 11:43:36,395 INFO  - Fetched company for recruiterId=52f3dcc7-e7bb-4419-b8a9-9cfb2a6f8b9e
2025-07-02 11:43:36,406 INFO  - Fetched company for recruiterId=52f3dcc7-e7bb-4419-b8a9-9cfb2a6f8b9e
2025-07-02 11:43:36,416 INFO  - Fetched company for recruiterId=52f3dcc7-e7bb-4419-b8a9-9cfb2a6f8b9e
2025-07-02 11:43:36,435 INFO  - Fetched company for recruiterId=52f3dcc7-e7bb-4419-b8a9-9cfb2a6f8b9e
2025-07-02 11:43:36,446 INFO  - Fetched company for recruiterId=52f3dcc7-e7bb-4419-b8a9-9cfb2a6f8b9e
2025-07-02 11:43:36,455 INFO  - Fetched company for recruiterId=52f3dcc7-e7bb-4419-b8a9-9cfb2a6f8b9e
2025-07-02 11:43:36,464 INFO  - Fetched company for recruiterId=52f3dcc7-e7bb-4419-b8a9-9cfb2a6f8b9e
2025-07-02 11:43:36,486 INFO  - Fetched company for recruiterId=52f3dcc7-e7bb-4419-b8a9-9cfb2a6f8b9e
2025-07-02 11:43:55,905 INFO  - Fetched all company names.
2025-07-02 11:43:56,036 INFO  - Fetched company for recruiterId=585999a5-de05-4b90-bbe4-5cc916da48a2
2025-07-02 11:43:56,058 INFO  - Fetched company for recruiterId=3dc93452-07a2-4843-a650-c7faed6fc07c
2025-07-02 11:43:56,086 INFO  - Fetched company for recruiterId=52f3dcc7-e7bb-4419-b8a9-9cfb2a6f8b9e
2025-07-02 11:43:56,087 INFO  - Fetched company for recruiterId=585999a5-de05-4b90-bbe4-5cc916da48a2
2025-07-02 11:43:56,091 INFO  - Fetched company for recruiterId=3dc93452-07a2-4843-a650-c7faed6fc07c
2025-07-02 11:43:56,133 INFO  - Fetched company for recruiterId=585999a5-de05-4b90-bbe4-5cc916da48a2
2025-07-02 11:43:56,133 INFO  - Fetched company for recruiterId=52f3dcc7-e7bb-4419-b8a9-9cfb2a6f8b9e
2025-07-02 11:43:56,155 INFO  - Fetched company for recruiterId=52f3dcc7-e7bb-4419-b8a9-9cfb2a6f8b9e
2025-07-02 11:43:56,157 INFO  - Fetched company for recruiterId=585999a5-de05-4b90-bbe4-5cc916da48a2
2025-07-02 11:43:56,193 INFO  - Fetched company for recruiterId=585999a5-de05-4b90-bbe4-5cc916da48a2
2025-07-02 11:43:56,194 INFO  - Fetched company for recruiterId=52f3dcc7-e7bb-4419-b8a9-9cfb2a6f8b9e
2025-07-02 11:43:56,204 INFO  - Fetched company for recruiterId=52f3dcc7-e7bb-4419-b8a9-9cfb2a6f8b9e
2025-07-02 11:43:56,214 INFO  - Fetched company for recruiterId=52f3dcc7-e7bb-4419-b8a9-9cfb2a6f8b9e
2025-07-02 11:43:56,251 INFO  - Fetched company for recruiterId=3dc93452-07a2-4843-a650-c7faed6fc07c
2025-07-02 11:43:56,259 INFO  - Fetched company for recruiterId=52f3dcc7-e7bb-4419-b8a9-9cfb2a6f8b9e
2025-07-02 11:43:56,262 INFO  - Fetched company for recruiterId=3dc93452-07a2-4843-a650-c7faed6fc07c
2025-07-02 11:43:56,285 INFO  - Fetched company for recruiterId=52f3dcc7-e7bb-4419-b8a9-9cfb2a6f8b9e
2025-07-02 11:43:56,294 INFO  - Fetched company for recruiterId=52f3dcc7-e7bb-4419-b8a9-9cfb2a6f8b9e
2025-07-02 11:43:56,304 INFO  - Fetched company for recruiterId=52f3dcc7-e7bb-4419-b8a9-9cfb2a6f8b9e
2025-07-02 11:43:56,314 INFO  - Fetched company for recruiterId=52f3dcc7-e7bb-4419-b8a9-9cfb2a6f8b9e
2025-07-02 11:43:56,335 INFO  - Fetched company for recruiterId=52f3dcc7-e7bb-4419-b8a9-9cfb2a6f8b9e
2025-07-02 11:43:56,343 INFO  - Fetched company for recruiterId=52f3dcc7-e7bb-4419-b8a9-9cfb2a6f8b9e
2025-07-02 11:43:56,352 INFO  - Fetched company for recruiterId=52f3dcc7-e7bb-4419-b8a9-9cfb2a6f8b9e
2025-07-02 11:43:56,360 INFO  - Fetched company for recruiterId=52f3dcc7-e7bb-4419-b8a9-9cfb2a6f8b9e
2025-07-02 11:43:56,384 INFO  - Fetched company for recruiterId=52f3dcc7-e7bb-4419-b8a9-9cfb2a6f8b9e
2025-07-02 11:44:14,994 INFO  - Fetched all company names.
2025-07-02 11:44:15,094 INFO  - Fetched company for recruiterId=585999a5-de05-4b90-bbe4-5cc916da48a2
2025-07-02 11:44:15,095 INFO  - Fetched company for recruiterId=3dc93452-07a2-4843-a650-c7faed6fc07c
2025-07-02 11:44:15,104 INFO  - Fetched company for recruiterId=52f3dcc7-e7bb-4419-b8a9-9cfb2a6f8b9e
2025-07-02 11:44:15,111 INFO  - Fetched company for recruiterId=585999a5-de05-4b90-bbe4-5cc916da48a2
2025-07-02 11:44:15,133 INFO  - Fetched company for recruiterId=3dc93452-07a2-4843-a650-c7faed6fc07c
2025-07-02 11:44:15,147 INFO  - Fetched company for recruiterId=585999a5-de05-4b90-bbe4-5cc916da48a2
2025-07-02 11:44:15,148 INFO  - Fetched company for recruiterId=52f3dcc7-e7bb-4419-b8a9-9cfb2a6f8b9e
2025-07-02 11:44:15,195 INFO  - Fetched company for recruiterId=585999a5-de05-4b90-bbe4-5cc916da48a2
2025-07-02 11:44:15,212 INFO  - Fetched company for recruiterId=52f3dcc7-e7bb-4419-b8a9-9cfb2a6f8b9e
2025-07-02 11:44:15,233 INFO  - Fetched company for recruiterId=585999a5-de05-4b90-bbe4-5cc916da48a2
2025-07-02 11:44:16,212 INFO  - Fetched company for recruiterId=585999a5-de05-4b90-bbe4-5cc916da48a2
2025-07-02 11:44:16,236 INFO  - Fetched company for recruiterId=585999a5-de05-4b90-bbe4-5cc916da48a2
2025-07-02 11:44:16,236 INFO  - Fetched company for recruiterId=3dc93452-07a2-4843-a650-c7faed6fc07c
2025-07-02 11:44:16,245 INFO  - Fetched company for recruiterId=585999a5-de05-4b90-bbe4-5cc916da48a2
2025-07-02 11:44:16,245 INFO  - Fetched company for recruiterId=3dc93452-07a2-4843-a650-c7faed6fc07c
2025-07-02 11:44:16,255 INFO  - Fetched company for recruiterId=585999a5-de05-4b90-bbe4-5cc916da48a2
2025-07-02 11:44:16,255 INFO  - Fetched company for recruiterId=3dc93452-07a2-4843-a650-c7faed6fc07c
2025-07-02 11:44:16,283 INFO  - Fetched company for recruiterId=3dc93452-07a2-4843-a650-c7faed6fc07c
2025-07-02 11:44:16,892 INFO  - Fetched all company names.
2025-07-02 11:44:16,935 INFO  - Fetched company for recruiterId=585999a5-de05-4b90-bbe4-5cc916da48a2
2025-07-02 11:44:16,935 INFO  - Fetched company for recruiterId=3dc93452-07a2-4843-a650-c7faed6fc07c
2025-07-02 11:44:16,949 INFO  - Fetched company for recruiterId=585999a5-de05-4b90-bbe4-5cc916da48a2
2025-07-02 11:44:16,954 INFO  - Fetched company for recruiterId=3dc93452-07a2-4843-a650-c7faed6fc07c
2025-07-02 11:44:16,954 INFO  - Fetched company for recruiterId=52f3dcc7-e7bb-4419-b8a9-9cfb2a6f8b9e
2025-07-02 11:44:16,961 INFO  - Fetched company for recruiterId=585999a5-de05-4b90-bbe4-5cc916da48a2
2025-07-02 11:44:16,964 INFO  - Fetched company for recruiterId=52f3dcc7-e7bb-4419-b8a9-9cfb2a6f8b9e
2025-07-02 11:44:16,983 INFO  - Fetched company for recruiterId=585999a5-de05-4b90-bbe4-5cc916da48a2
2025-07-02 11:44:16,984 INFO  - Fetched company for recruiterId=52f3dcc7-e7bb-4419-b8a9-9cfb2a6f8b9e
2025-07-02 11:44:16,998 INFO  - Fetched company for recruiterId=585999a5-de05-4b90-bbe4-5cc916da48a2
2025-07-02 11:44:39,682 INFO  - Fetched all company names.
2025-07-02 11:44:39,715 INFO  - Fetched company for recruiterId=585999a5-de05-4b90-bbe4-5cc916da48a2
2025-07-02 11:44:39,736 INFO  - Fetched company for recruiterId=585999a5-de05-4b90-bbe4-5cc916da48a2
2025-07-02 11:44:39,736 INFO  - Fetched company for recruiterId=3dc93452-07a2-4843-a650-c7faed6fc07c
2025-07-02 11:44:39,751 INFO  - Fetched company for recruiterId=585999a5-de05-4b90-bbe4-5cc916da48a2
2025-07-02 11:44:39,751 INFO  - Fetched company for recruiterId=3dc93452-07a2-4843-a650-c7faed6fc07c
2025-07-02 11:44:39,751 INFO  - Fetched company for recruiterId=52f3dcc7-e7bb-4419-b8a9-9cfb2a6f8b9e
2025-07-02 11:44:39,782 INFO  - Fetched company for recruiterId=585999a5-de05-4b90-bbe4-5cc916da48a2
2025-07-02 11:44:39,782 INFO  - Fetched company for recruiterId=52f3dcc7-e7bb-4419-b8a9-9cfb2a6f8b9e
2025-07-02 11:44:39,791 INFO  - Fetched company for recruiterId=585999a5-de05-4b90-bbe4-5cc916da48a2
2025-07-02 11:44:39,791 INFO  - Fetched company for recruiterId=52f3dcc7-e7bb-4419-b8a9-9cfb2a6f8b9e
2025-07-02 11:44:43,163 INFO  - Fetched all company names.
2025-07-02 11:44:43,237 INFO  - Fetched company for recruiterId=585999a5-de05-4b90-bbe4-5cc916da48a2
2025-07-02 11:44:43,242 INFO  - Fetched company for recruiterId=3dc93452-07a2-4843-a650-c7faed6fc07c
2025-07-02 11:44:43,247 INFO  - Fetched company for recruiterId=52f3dcc7-e7bb-4419-b8a9-9cfb2a6f8b9e
2025-07-02 11:44:43,255 INFO  - Fetched company for recruiterId=585999a5-de05-4b90-bbe4-5cc916da48a2
2025-07-02 11:44:43,255 INFO  - Fetched company for recruiterId=3dc93452-07a2-4843-a650-c7faed6fc07c
2025-07-02 11:44:43,282 INFO  - Fetched company for recruiterId=52f3dcc7-e7bb-4419-b8a9-9cfb2a6f8b9e
2025-07-02 11:44:43,284 INFO  - Fetched company for recruiterId=585999a5-de05-4b90-bbe4-5cc916da48a2
2025-07-02 11:44:43,294 INFO  - Fetched company for recruiterId=585999a5-de05-4b90-bbe4-5cc916da48a2
2025-07-02 11:44:43,294 INFO  - Fetched company for recruiterId=52f3dcc7-e7bb-4419-b8a9-9cfb2a6f8b9e
2025-07-02 11:44:43,302 INFO  - Fetched company for recruiterId=585999a5-de05-4b90-bbe4-5cc916da48a2
2025-07-02 11:44:44,713 INFO  - Fetched company for recruiterId=52f3dcc7-e7bb-4419-b8a9-9cfb2a6f8b9e
2025-07-02 11:44:44,760 INFO  - Fetched company for recruiterId=52f3dcc7-e7bb-4419-b8a9-9cfb2a6f8b9e
2025-07-02 11:44:44,792 INFO  - Fetched company for recruiterId=3dc93452-07a2-4843-a650-c7faed6fc07c
2025-07-02 11:44:44,843 INFO  - Fetched company for recruiterId=3dc93452-07a2-4843-a650-c7faed6fc07c
2025-07-02 11:44:44,894 INFO  - Fetched company for recruiterId=52f3dcc7-e7bb-4419-b8a9-9cfb2a6f8b9e
2025-07-02 11:44:44,932 INFO  - Fetched company for recruiterId=52f3dcc7-e7bb-4419-b8a9-9cfb2a6f8b9e
2025-07-02 11:44:44,982 INFO  - Fetched company for recruiterId=52f3dcc7-e7bb-4419-b8a9-9cfb2a6f8b9e
2025-07-02 11:44:44,989 INFO  - Fetched company for recruiterId=52f3dcc7-e7bb-4419-b8a9-9cfb2a6f8b9e
2025-07-02 11:44:44,997 INFO  - Fetched company for recruiterId=52f3dcc7-e7bb-4419-b8a9-9cfb2a6f8b9e
2025-07-02 11:44:45,004 INFO  - Fetched company for recruiterId=52f3dcc7-e7bb-4419-b8a9-9cfb2a6f8b9e
2025-07-02 11:44:45,013 INFO  - Fetched company for recruiterId=52f3dcc7-e7bb-4419-b8a9-9cfb2a6f8b9e
2025-07-02 11:44:45,034 INFO  - Fetched company for recruiterId=52f3dcc7-e7bb-4419-b8a9-9cfb2a6f8b9e
2025-07-02 11:44:45,044 INFO  - Fetched company for recruiterId=52f3dcc7-e7bb-4419-b8a9-9cfb2a6f8b9e
2025-07-02 11:44:45,051 INFO  - Fetched company for recruiterId=52f3dcc7-e7bb-4419-b8a9-9cfb2a6f8b9e
2025-07-02 11:44:45,061 INFO  - Fetched company for recruiterId=52f3dcc7-e7bb-4419-b8a9-9cfb2a6f8b9e
2025-07-02 11:44:57,158 INFO  - Fetched all company names.
2025-07-02 11:44:57,207 INFO  - Fetched company for recruiterId=585999a5-de05-4b90-bbe4-5cc916da48a2
2025-07-02 11:44:57,209 INFO  - Fetched company for recruiterId=52f3dcc7-e7bb-4419-b8a9-9cfb2a6f8b9e
2025-07-02 11:44:57,213 INFO  - Fetched company for recruiterId=3dc93452-07a2-4843-a650-c7faed6fc07c
2025-07-02 11:44:57,232 INFO  - Fetched company for recruiterId=585999a5-de05-4b90-bbe4-5cc916da48a2
2025-07-02 11:44:57,234 INFO  - Fetched company for recruiterId=52f3dcc7-e7bb-4419-b8a9-9cfb2a6f8b9e
2025-07-02 11:44:57,234 INFO  - Fetched company for recruiterId=3dc93452-07a2-4843-a650-c7faed6fc07c
2025-07-02 11:44:57,241 INFO  - Fetched company for recruiterId=585999a5-de05-4b90-bbe4-5cc916da48a2
2025-07-02 11:44:57,245 INFO  - Fetched company for recruiterId=52f3dcc7-e7bb-4419-b8a9-9cfb2a6f8b9e
2025-07-02 11:44:57,252 INFO  - Fetched company for recruiterId=585999a5-de05-4b90-bbe4-5cc916da48a2
2025-07-02 11:44:57,261 INFO  - Fetched company for recruiterId=585999a5-de05-4b90-bbe4-5cc916da48a2
2025-07-02 11:44:57,955 INFO  - Fetched company for recruiterId=585999a5-de05-4b90-bbe4-5cc916da48a2
2025-07-02 11:44:57,956 INFO  - Fetched company for recruiterId=3dc93452-07a2-4843-a650-c7faed6fc07c
2025-07-02 11:44:57,963 INFO  - Fetched company for recruiterId=585999a5-de05-4b90-bbe4-5cc916da48a2
2025-07-02 11:44:57,964 INFO  - Fetched company for recruiterId=3dc93452-07a2-4843-a650-c7faed6fc07c
2025-07-02 11:44:57,983 INFO  - Fetched company for recruiterId=3dc93452-07a2-4843-a650-c7faed6fc07c
2025-07-02 11:44:57,983 INFO  - Fetched company for recruiterId=585999a5-de05-4b90-bbe4-5cc916da48a2
2025-07-02 11:44:57,990 INFO  - Fetched company for recruiterId=585999a5-de05-4b90-bbe4-5cc916da48a2
2025-07-02 11:44:57,991 INFO  - Fetched company for recruiterId=3dc93452-07a2-4843-a650-c7faed6fc07c
2025-07-02 11:44:59,109 INFO  - Fetched all company names.
2025-07-02 11:44:59,155 INFO  - Fetched company for recruiterId=3dc93452-07a2-4843-a650-c7faed6fc07c
2025-07-02 11:44:59,155 INFO  - Fetched company for recruiterId=585999a5-de05-4b90-bbe4-5cc916da48a2
2025-07-02 11:44:59,159 INFO  - Fetched company for recruiterId=52f3dcc7-e7bb-4419-b8a9-9cfb2a6f8b9e
2025-07-02 11:44:59,181 INFO  - Fetched company for recruiterId=585999a5-de05-4b90-bbe4-5cc916da48a2
2025-07-02 11:44:59,182 INFO  - Fetched company for recruiterId=3dc93452-07a2-4843-a650-c7faed6fc07c
2025-07-02 11:44:59,184 INFO  - Fetched company for recruiterId=52f3dcc7-e7bb-4419-b8a9-9cfb2a6f8b9e
2025-07-02 11:44:59,192 INFO  - Fetched company for recruiterId=585999a5-de05-4b90-bbe4-5cc916da48a2
2025-07-02 11:44:59,194 INFO  - Fetched company for recruiterId=52f3dcc7-e7bb-4419-b8a9-9cfb2a6f8b9e
2025-07-02 11:44:59,200 INFO  - Fetched company for recruiterId=585999a5-de05-4b90-bbe4-5cc916da48a2
2025-07-02 11:44:59,208 INFO  - Fetched company for recruiterId=585999a5-de05-4b90-bbe4-5cc916da48a2
2025-07-02 11:44:59,554 INFO  - Fetched company for recruiterId=52f3dcc7-e7bb-4419-b8a9-9cfb2a6f8b9e
2025-07-02 11:44:59,582 INFO  - Fetched company for recruiterId=3dc93452-07a2-4843-a650-c7faed6fc07c
2025-07-02 11:44:59,582 INFO  - Fetched company for recruiterId=52f3dcc7-e7bb-4419-b8a9-9cfb2a6f8b9e
2025-07-02 11:44:59,590 INFO  - Fetched company for recruiterId=3dc93452-07a2-4843-a650-c7faed6fc07c
2025-07-02 11:44:59,591 INFO  - Fetched company for recruiterId=52f3dcc7-e7bb-4419-b8a9-9cfb2a6f8b9e
2025-07-02 11:44:59,599 INFO  - Fetched company for recruiterId=52f3dcc7-e7bb-4419-b8a9-9cfb2a6f8b9e
2025-07-02 11:44:59,606 INFO  - Fetched company for recruiterId=52f3dcc7-e7bb-4419-b8a9-9cfb2a6f8b9e
2025-07-02 11:44:59,614 INFO  - Fetched company for recruiterId=52f3dcc7-e7bb-4419-b8a9-9cfb2a6f8b9e
2025-07-02 11:44:59,633 INFO  - Fetched company for recruiterId=52f3dcc7-e7bb-4419-b8a9-9cfb2a6f8b9e
2025-07-02 11:44:59,643 INFO  - Fetched company for recruiterId=52f3dcc7-e7bb-4419-b8a9-9cfb2a6f8b9e
2025-07-02 11:44:59,650 INFO  - Fetched company for recruiterId=52f3dcc7-e7bb-4419-b8a9-9cfb2a6f8b9e
2025-07-02 11:44:59,658 INFO  - Fetched company for recruiterId=52f3dcc7-e7bb-4419-b8a9-9cfb2a6f8b9e
2025-07-02 11:44:59,684 INFO  - Fetched company for recruiterId=52f3dcc7-e7bb-4419-b8a9-9cfb2a6f8b9e
2025-07-02 11:44:59,694 INFO  - Fetched company for recruiterId=52f3dcc7-e7bb-4419-b8a9-9cfb2a6f8b9e
2025-07-02 11:44:59,701 INFO  - Fetched company for recruiterId=52f3dcc7-e7bb-4419-b8a9-9cfb2a6f8b9e
2025-07-02 11:45:19,198 INFO  - Fetched all company names.
2025-07-02 11:45:19,232 INFO  - Fetched company for recruiterId=585999a5-de05-4b90-bbe4-5cc916da48a2
2025-07-02 11:45:19,232 INFO  - Fetched company for recruiterId=3dc93452-07a2-4843-a650-c7faed6fc07c
2025-07-02 11:45:19,233 INFO  - Fetched company for recruiterId=52f3dcc7-e7bb-4419-b8a9-9cfb2a6f8b9e
2025-07-02 11:45:19,239 INFO  - Fetched company for recruiterId=585999a5-de05-4b90-bbe4-5cc916da48a2
2025-07-02 11:45:19,239 INFO  - Fetched company for recruiterId=52f3dcc7-e7bb-4419-b8a9-9cfb2a6f8b9e
2025-07-02 11:45:19,239 INFO  - Fetched company for recruiterId=3dc93452-07a2-4843-a650-c7faed6fc07c
2025-07-02 11:45:19,247 INFO  - Fetched company for recruiterId=585999a5-de05-4b90-bbe4-5cc916da48a2
2025-07-02 11:45:19,248 INFO  - Fetched company for recruiterId=52f3dcc7-e7bb-4419-b8a9-9cfb2a6f8b9e
2025-07-02 11:45:19,254 INFO  - Fetched company for recruiterId=585999a5-de05-4b90-bbe4-5cc916da48a2
2025-07-02 11:45:19,281 INFO  - Fetched company for recruiterId=585999a5-de05-4b90-bbe4-5cc916da48a2
2025-07-02 11:45:20,998 INFO  - Fetched all company names.
2025-07-02 11:45:21,032 INFO  - Fetched company for recruiterId=52f3dcc7-e7bb-4419-b8a9-9cfb2a6f8b9e
2025-07-02 11:45:21,032 INFO  - Fetched company for recruiterId=585999a5-de05-4b90-bbe4-5cc916da48a2
2025-07-02 11:45:21,033 INFO  - Fetched company for recruiterId=3dc93452-07a2-4843-a650-c7faed6fc07c
2025-07-02 11:45:21,040 INFO  - Fetched company for recruiterId=3dc93452-07a2-4843-a650-c7faed6fc07c
2025-07-02 11:45:21,040 INFO  - Fetched company for recruiterId=52f3dcc7-e7bb-4419-b8a9-9cfb2a6f8b9e
2025-07-02 11:45:21,040 INFO  - Fetched company for recruiterId=585999a5-de05-4b90-bbe4-5cc916da48a2
2025-07-02 11:45:21,047 INFO  - Fetched company for recruiterId=585999a5-de05-4b90-bbe4-5cc916da48a2
2025-07-02 11:45:21,047 INFO  - Fetched company for recruiterId=52f3dcc7-e7bb-4419-b8a9-9cfb2a6f8b9e
2025-07-02 11:45:21,052 INFO  - Fetched company for recruiterId=585999a5-de05-4b90-bbe4-5cc916da48a2
2025-07-02 11:45:21,058 INFO  - Fetched company for recruiterId=585999a5-de05-4b90-bbe4-5cc916da48a2
2025-07-02 11:45:36,136 INFO  - Fetched all company names.
2025-07-02 11:45:36,184 INFO  - Fetched company for recruiterId=585999a5-de05-4b90-bbe4-5cc916da48a2
2025-07-02 11:45:36,184 INFO  - Fetched company for recruiterId=52f3dcc7-e7bb-4419-b8a9-9cfb2a6f8b9e
2025-07-02 11:45:36,184 INFO  - Fetched company for recruiterId=3dc93452-07a2-4843-a650-c7faed6fc07c
2025-07-02 11:45:36,192 INFO  - Fetched company for recruiterId=585999a5-de05-4b90-bbe4-5cc916da48a2
2025-07-02 11:45:36,193 INFO  - Fetched company for recruiterId=52f3dcc7-e7bb-4419-b8a9-9cfb2a6f8b9e
2025-07-02 11:45:36,193 INFO  - Fetched company for recruiterId=3dc93452-07a2-4843-a650-c7faed6fc07c
2025-07-02 11:45:36,198 INFO  - Fetched company for recruiterId=585999a5-de05-4b90-bbe4-5cc916da48a2
2025-07-02 11:45:36,200 INFO  - Fetched company for recruiterId=52f3dcc7-e7bb-4419-b8a9-9cfb2a6f8b9e
2025-07-02 11:45:36,204 INFO  - Fetched company for recruiterId=585999a5-de05-4b90-bbe4-5cc916da48a2
2025-07-02 11:45:36,213 INFO  - Fetched company for recruiterId=585999a5-de05-4b90-bbe4-5cc916da48a2
2025-07-02 11:45:39,662 INFO  - Fetched company for recruiterId=52f3dcc7-e7bb-4419-b8a9-9cfb2a6f8b9e
2025-07-02 11:45:39,689 INFO  - Fetched company for recruiterId=52f3dcc7-e7bb-4419-b8a9-9cfb2a6f8b9e
2025-07-02 11:45:39,734 INFO  - Fetched company for recruiterId=52f3dcc7-e7bb-4419-b8a9-9cfb2a6f8b9e
2025-07-02 11:45:39,741 INFO  - Fetched company for recruiterId=3dc93452-07a2-4843-a650-c7faed6fc07c
2025-07-02 11:45:39,760 INFO  - Fetched company for recruiterId=52f3dcc7-e7bb-4419-b8a9-9cfb2a6f8b9e
2025-07-02 11:45:39,760 INFO  - Fetched company for recruiterId=3dc93452-07a2-4843-a650-c7faed6fc07c
2025-07-02 11:45:39,786 INFO  - Fetched company for recruiterId=52f3dcc7-e7bb-4419-b8a9-9cfb2a6f8b9e
2025-07-02 11:45:39,801 INFO  - Fetched company for recruiterId=52f3dcc7-e7bb-4419-b8a9-9cfb2a6f8b9e
2025-07-02 11:45:39,831 INFO  - Fetched company for recruiterId=52f3dcc7-e7bb-4419-b8a9-9cfb2a6f8b9e
2025-07-02 11:45:39,841 INFO  - Fetched company for recruiterId=52f3dcc7-e7bb-4419-b8a9-9cfb2a6f8b9e
2025-07-02 11:45:39,852 INFO  - Fetched company for recruiterId=52f3dcc7-e7bb-4419-b8a9-9cfb2a6f8b9e
2025-07-02 11:45:39,861 INFO  - Fetched company for recruiterId=52f3dcc7-e7bb-4419-b8a9-9cfb2a6f8b9e
2025-07-02 11:45:39,889 INFO  - Fetched company for recruiterId=52f3dcc7-e7bb-4419-b8a9-9cfb2a6f8b9e
2025-07-02 11:45:39,912 INFO  - Fetched company for recruiterId=52f3dcc7-e7bb-4419-b8a9-9cfb2a6f8b9e
2025-07-02 11:45:39,995 INFO  - Fetched company for recruiterId=52f3dcc7-e7bb-4419-b8a9-9cfb2a6f8b9e
2025-07-02 11:46:00,830 INFO  - Fetched all company names.
2025-07-02 11:46:00,857 INFO  - Fetched company for recruiterId=585999a5-de05-4b90-bbe4-5cc916da48a2
2025-07-02 11:46:00,857 INFO  - Fetched company for recruiterId=3dc93452-07a2-4843-a650-c7faed6fc07c
2025-07-02 11:46:00,859 INFO  - Fetched company for recruiterId=52f3dcc7-e7bb-4419-b8a9-9cfb2a6f8b9e
2025-07-02 11:46:00,881 INFO  - Fetched company for recruiterId=3dc93452-07a2-4843-a650-c7faed6fc07c
2025-07-02 11:46:00,881 INFO  - Fetched company for recruiterId=585999a5-de05-4b90-bbe4-5cc916da48a2
2025-07-02 11:46:00,882 INFO  - Fetched company for recruiterId=52f3dcc7-e7bb-4419-b8a9-9cfb2a6f8b9e
2025-07-02 11:46:00,888 INFO  - Fetched company for recruiterId=585999a5-de05-4b90-bbe4-5cc916da48a2
2025-07-02 11:46:00,889 INFO  - Fetched company for recruiterId=52f3dcc7-e7bb-4419-b8a9-9cfb2a6f8b9e
2025-07-02 11:46:00,895 INFO  - Fetched company for recruiterId=585999a5-de05-4b90-bbe4-5cc916da48a2
2025-07-02 11:46:00,900 INFO  - Fetched company for recruiterId=585999a5-de05-4b90-bbe4-5cc916da48a2
2025-07-02 11:46:06,330 INFO  - Fetched all company names.
2025-07-02 11:46:06,358 INFO  - Fetched company for recruiterId=585999a5-de05-4b90-bbe4-5cc916da48a2
2025-07-02 11:46:06,358 INFO  - Fetched company for recruiterId=3dc93452-07a2-4843-a650-c7faed6fc07c
2025-07-02 11:46:06,362 INFO  - Fetched company for recruiterId=52f3dcc7-e7bb-4419-b8a9-9cfb2a6f8b9e
2025-07-02 11:46:06,382 INFO  - Fetched company for recruiterId=3dc93452-07a2-4843-a650-c7faed6fc07c
2025-07-02 11:46:06,382 INFO  - Fetched company for recruiterId=52f3dcc7-e7bb-4419-b8a9-9cfb2a6f8b9e
2025-07-02 11:46:06,382 INFO  - Fetched company for recruiterId=585999a5-de05-4b90-bbe4-5cc916da48a2
2025-07-02 11:46:06,390 INFO  - Fetched company for recruiterId=585999a5-de05-4b90-bbe4-5cc916da48a2
2025-07-02 11:46:06,390 INFO  - Fetched company for recruiterId=52f3dcc7-e7bb-4419-b8a9-9cfb2a6f8b9e
2025-07-02 11:46:06,402 INFO  - Fetched company for recruiterId=585999a5-de05-4b90-bbe4-5cc916da48a2
2025-07-02 11:46:06,412 INFO  - Fetched company for recruiterId=585999a5-de05-4b90-bbe4-5cc916da48a2
2025-07-02 11:46:14,053 INFO  - Fetched company for recruiterId=52f3dcc7-e7bb-4419-b8a9-9cfb2a6f8b9e
2025-07-02 11:46:14,062 INFO  - Fetched company for recruiterId=52f3dcc7-e7bb-4419-b8a9-9cfb2a6f8b9e
2025-07-02 11:46:14,082 INFO  - Fetched company for recruiterId=52f3dcc7-e7bb-4419-b8a9-9cfb2a6f8b9e
2025-07-02 11:46:14,093 INFO  - Fetched company for recruiterId=52f3dcc7-e7bb-4419-b8a9-9cfb2a6f8b9e
2025-07-02 11:46:14,103 INFO  - Fetched company for recruiterId=52f3dcc7-e7bb-4419-b8a9-9cfb2a6f8b9e
2025-07-02 11:46:14,111 INFO  - Fetched company for recruiterId=52f3dcc7-e7bb-4419-b8a9-9cfb2a6f8b9e
2025-07-02 11:46:14,135 INFO  - Fetched company for recruiterId=52f3dcc7-e7bb-4419-b8a9-9cfb2a6f8b9e
2025-07-02 11:46:14,145 INFO  - Fetched company for recruiterId=52f3dcc7-e7bb-4419-b8a9-9cfb2a6f8b9e
2025-07-02 11:46:14,151 INFO  - Fetched company for recruiterId=3dc93452-07a2-4843-a650-c7faed6fc07c
2025-07-02 11:46:14,158 INFO  - Fetched company for recruiterId=52f3dcc7-e7bb-4419-b8a9-9cfb2a6f8b9e
2025-07-02 11:46:14,164 INFO  - Fetched company for recruiterId=3dc93452-07a2-4843-a650-c7faed6fc07c
2025-07-02 11:46:14,188 INFO  - Fetched company for recruiterId=52f3dcc7-e7bb-4419-b8a9-9cfb2a6f8b9e
2025-07-02 11:46:14,200 INFO  - Fetched company for recruiterId=52f3dcc7-e7bb-4419-b8a9-9cfb2a6f8b9e
2025-07-02 11:46:14,210 INFO  - Fetched company for recruiterId=52f3dcc7-e7bb-4419-b8a9-9cfb2a6f8b9e
2025-07-02 11:46:14,233 INFO  - Fetched company for recruiterId=52f3dcc7-e7bb-4419-b8a9-9cfb2a6f8b9e
2025-07-02 11:46:54,109 INFO  - Fetched all company names.
2025-07-02 11:46:54,153 INFO  - Fetched company for recruiterId=3dc93452-07a2-4843-a650-c7faed6fc07c
2025-07-02 11:46:54,154 INFO  - Fetched company for recruiterId=585999a5-de05-4b90-bbe4-5cc916da48a2
2025-07-02 11:46:54,154 INFO  - Fetched company for recruiterId=52f3dcc7-e7bb-4419-b8a9-9cfb2a6f8b9e
2025-07-02 11:46:54,179 INFO  - Fetched company for recruiterId=585999a5-de05-4b90-bbe4-5cc916da48a2
2025-07-02 11:46:54,179 INFO  - Fetched company for recruiterId=3dc93452-07a2-4843-a650-c7faed6fc07c
2025-07-02 11:46:54,180 INFO  - Fetched company for recruiterId=52f3dcc7-e7bb-4419-b8a9-9cfb2a6f8b9e
2025-07-02 11:46:54,187 INFO  - Fetched company for recruiterId=585999a5-de05-4b90-bbe4-5cc916da48a2
2025-07-02 11:46:54,187 INFO  - Fetched company for recruiterId=52f3dcc7-e7bb-4419-b8a9-9cfb2a6f8b9e
2025-07-02 11:46:54,193 INFO  - Fetched company for recruiterId=585999a5-de05-4b90-bbe4-5cc916da48a2
2025-07-02 11:46:54,199 INFO  - Fetched company for recruiterId=585999a5-de05-4b90-bbe4-5cc916da48a2
2025-07-02 11:46:55,431 INFO  - Fetched company for recruiterId=52f3dcc7-e7bb-4419-b8a9-9cfb2a6f8b9e
2025-07-02 11:46:55,440 INFO  - Fetched company for recruiterId=52f3dcc7-e7bb-4419-b8a9-9cfb2a6f8b9e
2025-07-02 11:46:55,447 INFO  - Fetched company for recruiterId=52f3dcc7-e7bb-4419-b8a9-9cfb2a6f8b9e
2025-07-02 11:46:55,457 INFO  - Fetched company for recruiterId=52f3dcc7-e7bb-4419-b8a9-9cfb2a6f8b9e
2025-07-02 11:46:55,481 INFO  - Fetched company for recruiterId=52f3dcc7-e7bb-4419-b8a9-9cfb2a6f8b9e
2025-07-02 11:46:55,481 INFO  - Fetched company for recruiterId=3dc93452-07a2-4843-a650-c7faed6fc07c
2025-07-02 11:46:55,490 INFO  - Fetched company for recruiterId=52f3dcc7-e7bb-4419-b8a9-9cfb2a6f8b9e
2025-07-02 11:46:55,490 INFO  - Fetched company for recruiterId=3dc93452-07a2-4843-a650-c7faed6fc07c
2025-07-02 11:46:55,501 INFO  - Fetched company for recruiterId=52f3dcc7-e7bb-4419-b8a9-9cfb2a6f8b9e
2025-07-02 11:46:55,532 INFO  - Fetched company for recruiterId=52f3dcc7-e7bb-4419-b8a9-9cfb2a6f8b9e
2025-07-02 11:46:55,539 INFO  - Fetched company for recruiterId=52f3dcc7-e7bb-4419-b8a9-9cfb2a6f8b9e
2025-07-02 11:46:55,545 INFO  - Fetched company for recruiterId=52f3dcc7-e7bb-4419-b8a9-9cfb2a6f8b9e
2025-07-02 11:46:55,553 INFO  - Fetched company for recruiterId=52f3dcc7-e7bb-4419-b8a9-9cfb2a6f8b9e
2025-07-02 11:46:55,561 INFO  - Fetched company for recruiterId=52f3dcc7-e7bb-4419-b8a9-9cfb2a6f8b9e
2025-07-02 11:46:55,581 INFO  - Fetched company for recruiterId=52f3dcc7-e7bb-4419-b8a9-9cfb2a6f8b9e
2025-07-02 11:47:04,679 INFO  - Fetched all company names.
2025-07-02 11:47:04,705 INFO  - Fetched company for recruiterId=585999a5-de05-4b90-bbe4-5cc916da48a2
2025-07-02 11:47:04,705 INFO  - Fetched company for recruiterId=3dc93452-07a2-4843-a650-c7faed6fc07c
2025-07-02 11:47:04,707 INFO  - Fetched company for recruiterId=52f3dcc7-e7bb-4419-b8a9-9cfb2a6f8b9e
2025-07-02 11:47:04,730 INFO  - Fetched company for recruiterId=585999a5-de05-4b90-bbe4-5cc916da48a2
2025-07-02 11:47:04,732 INFO  - Fetched company for recruiterId=3dc93452-07a2-4843-a650-c7faed6fc07c
2025-07-02 11:47:04,732 INFO  - Fetched company for recruiterId=52f3dcc7-e7bb-4419-b8a9-9cfb2a6f8b9e
2025-07-02 11:47:04,738 INFO  - Fetched company for recruiterId=585999a5-de05-4b90-bbe4-5cc916da48a2
2025-07-02 11:47:04,738 INFO  - Fetched company for recruiterId=52f3dcc7-e7bb-4419-b8a9-9cfb2a6f8b9e
2025-07-02 11:47:04,744 INFO  - Fetched company for recruiterId=585999a5-de05-4b90-bbe4-5cc916da48a2
2025-07-02 11:47:04,749 INFO  - Fetched company for recruiterId=585999a5-de05-4b90-bbe4-5cc916da48a2
2025-07-02 11:47:07,131 INFO  - Fetched all company names.
2025-07-02 11:47:07,179 INFO  - Fetched company for recruiterId=585999a5-de05-4b90-bbe4-5cc916da48a2
2025-07-02 11:47:07,181 INFO  - Fetched company for recruiterId=3dc93452-07a2-4843-a650-c7faed6fc07c
2025-07-02 11:47:07,181 INFO  - Fetched company for recruiterId=52f3dcc7-e7bb-4419-b8a9-9cfb2a6f8b9e
2025-07-02 11:47:07,188 INFO  - Fetched company for recruiterId=585999a5-de05-4b90-bbe4-5cc916da48a2
2025-07-02 11:47:07,191 INFO  - Fetched company for recruiterId=52f3dcc7-e7bb-4419-b8a9-9cfb2a6f8b9e
2025-07-02 11:47:07,191 INFO  - Fetched company for recruiterId=3dc93452-07a2-4843-a650-c7faed6fc07c
2025-07-02 11:47:07,196 INFO  - Fetched company for recruiterId=585999a5-de05-4b90-bbe4-5cc916da48a2
2025-07-02 11:47:07,199 INFO  - Fetched company for recruiterId=52f3dcc7-e7bb-4419-b8a9-9cfb2a6f8b9e
2025-07-02 11:47:07,204 INFO  - Fetched company for recruiterId=585999a5-de05-4b90-bbe4-5cc916da48a2
2025-07-02 11:47:07,212 INFO  - Fetched company for recruiterId=585999a5-de05-4b90-bbe4-5cc916da48a2
2025-07-02 11:47:07,700 INFO  - Fetched company for recruiterId=52f3dcc7-e7bb-4419-b8a9-9cfb2a6f8b9e
2025-07-02 11:47:07,729 INFO  - Fetched company for recruiterId=52f3dcc7-e7bb-4419-b8a9-9cfb2a6f8b9e
2025-07-02 11:47:07,732 INFO  - Fetched company for recruiterId=3dc93452-07a2-4843-a650-c7faed6fc07c
2025-07-02 11:47:07,740 INFO  - Fetched company for recruiterId=52f3dcc7-e7bb-4419-b8a9-9cfb2a6f8b9e
2025-07-02 11:47:07,749 INFO  - Fetched company for recruiterId=3dc93452-07a2-4843-a650-c7faed6fc07c
2025-07-02 11:47:07,756 INFO  - Fetched company for recruiterId=52f3dcc7-e7bb-4419-b8a9-9cfb2a6f8b9e
2025-07-02 11:47:07,780 INFO  - Fetched company for recruiterId=52f3dcc7-e7bb-4419-b8a9-9cfb2a6f8b9e
2025-07-02 11:47:07,791 INFO  - Fetched company for recruiterId=52f3dcc7-e7bb-4419-b8a9-9cfb2a6f8b9e
2025-07-02 11:47:07,830 INFO  - Fetched company for recruiterId=52f3dcc7-e7bb-4419-b8a9-9cfb2a6f8b9e
2025-07-02 11:47:07,839 INFO  - Fetched company for recruiterId=52f3dcc7-e7bb-4419-b8a9-9cfb2a6f8b9e
2025-07-02 11:47:07,851 INFO  - Fetched company for recruiterId=52f3dcc7-e7bb-4419-b8a9-9cfb2a6f8b9e
2025-07-02 11:47:07,859 INFO  - Fetched company for recruiterId=52f3dcc7-e7bb-4419-b8a9-9cfb2a6f8b9e
2025-07-02 11:47:07,881 INFO  - Fetched company for recruiterId=52f3dcc7-e7bb-4419-b8a9-9cfb2a6f8b9e
2025-07-02 11:47:07,888 INFO  - Fetched company for recruiterId=52f3dcc7-e7bb-4419-b8a9-9cfb2a6f8b9e
2025-07-02 11:47:07,895 INFO  - Fetched company for recruiterId=52f3dcc7-e7bb-4419-b8a9-9cfb2a6f8b9e
2025-07-02 11:47:20,141 INFO  - Fetched all company names.
2025-07-02 11:47:20,180 INFO  - Fetched company for recruiterId=585999a5-de05-4b90-bbe4-5cc916da48a2
2025-07-02 11:47:20,181 INFO  - Fetched company for recruiterId=3dc93452-07a2-4843-a650-c7faed6fc07c
2025-07-02 11:47:20,181 INFO  - Fetched company for recruiterId=52f3dcc7-e7bb-4419-b8a9-9cfb2a6f8b9e
2025-07-02 11:47:20,190 INFO  - Fetched company for recruiterId=585999a5-de05-4b90-bbe4-5cc916da48a2
2025-07-02 11:47:20,190 INFO  - Fetched company for recruiterId=3dc93452-07a2-4843-a650-c7faed6fc07c
2025-07-02 11:47:20,191 INFO  - Fetched company for recruiterId=52f3dcc7-e7bb-4419-b8a9-9cfb2a6f8b9e
2025-07-02 11:47:20,198 INFO  - Fetched company for recruiterId=585999a5-de05-4b90-bbe4-5cc916da48a2
2025-07-02 11:47:20,198 INFO  - Fetched company for recruiterId=52f3dcc7-e7bb-4419-b8a9-9cfb2a6f8b9e
2025-07-02 11:47:20,205 INFO  - Fetched company for recruiterId=585999a5-de05-4b90-bbe4-5cc916da48a2
2025-07-02 11:47:20,228 INFO  - Fetched company for recruiterId=585999a5-de05-4b90-bbe4-5cc916da48a2
2025-07-02 11:47:20,380 INFO  - Fetched company for recruiterId=585999a5-de05-4b90-bbe4-5cc916da48a2
2025-07-02 11:47:20,380 INFO  - Fetched company for recruiterId=3dc93452-07a2-4843-a650-c7faed6fc07c
2025-07-02 11:47:20,387 INFO  - Fetched company for recruiterId=585999a5-de05-4b90-bbe4-5cc916da48a2
2025-07-02 11:47:20,387 INFO  - Fetched company for recruiterId=3dc93452-07a2-4843-a650-c7faed6fc07c
2025-07-02 11:47:20,401 INFO  - Fetched company for recruiterId=585999a5-de05-4b90-bbe4-5cc916da48a2
2025-07-02 11:47:20,401 INFO  - Fetched company for recruiterId=3dc93452-07a2-4843-a650-c7faed6fc07c
2025-07-02 11:47:20,430 INFO  - Fetched company for recruiterId=585999a5-de05-4b90-bbe4-5cc916da48a2
2025-07-02 11:47:20,430 INFO  - Fetched company for recruiterId=3dc93452-07a2-4843-a650-c7faed6fc07c
2025-07-02 11:47:22,905 INFO  - Fetched all company names.
2025-07-02 11:47:22,953 INFO  - Fetched company for recruiterId=52f3dcc7-e7bb-4419-b8a9-9cfb2a6f8b9e
2025-07-02 11:47:22,954 INFO  - Fetched company for recruiterId=3dc93452-07a2-4843-a650-c7faed6fc07c
2025-07-02 11:47:22,954 INFO  - Fetched company for recruiterId=585999a5-de05-4b90-bbe4-5cc916da48a2
2025-07-02 11:47:22,979 INFO  - Fetched company for recruiterId=585999a5-de05-4b90-bbe4-5cc916da48a2
2025-07-02 11:47:22,979 INFO  - Fetched company for recruiterId=52f3dcc7-e7bb-4419-b8a9-9cfb2a6f8b9e
2025-07-02 11:47:22,980 INFO  - Fetched company for recruiterId=3dc93452-07a2-4843-a650-c7faed6fc07c
2025-07-02 11:47:22,988 INFO  - Fetched company for recruiterId=52f3dcc7-e7bb-4419-b8a9-9cfb2a6f8b9e
2025-07-02 11:47:22,988 INFO  - Fetched company for recruiterId=585999a5-de05-4b90-bbe4-5cc916da48a2
2025-07-02 11:47:22,996 INFO  - Fetched company for recruiterId=585999a5-de05-4b90-bbe4-5cc916da48a2
2025-07-02 11:47:23,004 INFO  - Fetched company for recruiterId=585999a5-de05-4b90-bbe4-5cc916da48a2
2025-07-02 11:47:23,479 INFO  - Fetched company for recruiterId=52f3dcc7-e7bb-4419-b8a9-9cfb2a6f8b9e
2025-07-02 11:47:23,483 INFO  - Fetched company for recruiterId=3dc93452-07a2-4843-a650-c7faed6fc07c
2025-07-02 11:47:23,498 INFO  - Fetched company for recruiterId=3dc93452-07a2-4843-a650-c7faed6fc07c
2025-07-02 11:47:23,498 INFO  - Fetched company for recruiterId=52f3dcc7-e7bb-4419-b8a9-9cfb2a6f8b9e
2025-07-02 11:47:23,536 INFO  - Fetched company for recruiterId=52f3dcc7-e7bb-4419-b8a9-9cfb2a6f8b9e
2025-07-02 11:47:23,548 INFO  - Fetched company for recruiterId=52f3dcc7-e7bb-4419-b8a9-9cfb2a6f8b9e
2025-07-02 11:47:23,558 INFO  - Fetched company for recruiterId=52f3dcc7-e7bb-4419-b8a9-9cfb2a6f8b9e
2025-07-02 11:47:23,581 INFO  - Fetched company for recruiterId=52f3dcc7-e7bb-4419-b8a9-9cfb2a6f8b9e
2025-07-02 11:47:23,588 INFO  - Fetched company for recruiterId=52f3dcc7-e7bb-4419-b8a9-9cfb2a6f8b9e
2025-07-02 11:47:23,596 INFO  - Fetched company for recruiterId=52f3dcc7-e7bb-4419-b8a9-9cfb2a6f8b9e
2025-07-02 11:47:23,606 INFO  - Fetched company for recruiterId=52f3dcc7-e7bb-4419-b8a9-9cfb2a6f8b9e
2025-07-02 11:47:23,629 INFO  - Fetched company for recruiterId=52f3dcc7-e7bb-4419-b8a9-9cfb2a6f8b9e
2025-07-02 11:47:23,638 INFO  - Fetched company for recruiterId=52f3dcc7-e7bb-4419-b8a9-9cfb2a6f8b9e
2025-07-02 11:47:23,646 INFO  - Fetched company for recruiterId=52f3dcc7-e7bb-4419-b8a9-9cfb2a6f8b9e
2025-07-02 11:47:23,660 INFO  - Fetched company for recruiterId=52f3dcc7-e7bb-4419-b8a9-9cfb2a6f8b9e
2025-07-02 11:49:09,223 INFO  - Fetched all company names.
2025-07-02 11:49:09,264 INFO  - Fetched company for recruiterId=585999a5-de05-4b90-bbe4-5cc916da48a2
2025-07-02 11:49:09,264 INFO  - Fetched company for recruiterId=3dc93452-07a2-4843-a650-c7faed6fc07c
2025-07-02 11:49:09,266 INFO  - Fetched company for recruiterId=52f3dcc7-e7bb-4419-b8a9-9cfb2a6f8b9e
2025-07-02 11:49:09,273 INFO  - Fetched company for recruiterId=585999a5-de05-4b90-bbe4-5cc916da48a2
2025-07-02 11:49:09,273 INFO  - Fetched company for recruiterId=3dc93452-07a2-4843-a650-c7faed6fc07c
2025-07-02 11:49:09,274 INFO  - Fetched company for recruiterId=52f3dcc7-e7bb-4419-b8a9-9cfb2a6f8b9e
2025-07-02 11:49:09,280 INFO  - Fetched company for recruiterId=585999a5-de05-4b90-bbe4-5cc916da48a2
2025-07-02 11:49:09,281 INFO  - Fetched company for recruiterId=52f3dcc7-e7bb-4419-b8a9-9cfb2a6f8b9e
2025-07-02 11:49:09,287 INFO  - Fetched company for recruiterId=585999a5-de05-4b90-bbe4-5cc916da48a2
2025-07-02 11:49:09,293 INFO  - Fetched company for recruiterId=585999a5-de05-4b90-bbe4-5cc916da48a2
2025-07-02 11:49:19,459 INFO  - Fetched all company names.
2025-07-02 11:49:21,370 INFO  - Token refreshed for user: muthukaruppan2@gmail.com
2025-07-02 11:49:21,390 INFO  - Fetched company for recruiterId=585999a5-de05-4b90-bbe4-5cc916da48a2
2025-07-02 11:49:21,865 INFO  - Fetched all company names.
2025-07-02 11:49:21,897 INFO  - Fetched company for recruiterId=585999a5-de05-4b90-bbe4-5cc916da48a2
2025-07-02 11:49:21,899 INFO  - Fetched company for recruiterId=3dc93452-07a2-4843-a650-c7faed6fc07c
2025-07-02 11:49:21,904 INFO  - Fetched company for recruiterId=52f3dcc7-e7bb-4419-b8a9-9cfb2a6f8b9e
2025-07-02 11:49:21,908 INFO  - Fetched company for recruiterId=585999a5-de05-4b90-bbe4-5cc916da48a2
2025-07-02 11:49:21,911 INFO  - Fetched company for recruiterId=3dc93452-07a2-4843-a650-c7faed6fc07c
2025-07-02 11:49:21,915 INFO  - Fetched company for recruiterId=52f3dcc7-e7bb-4419-b8a9-9cfb2a6f8b9e
2025-07-02 11:49:21,917 INFO  - Fetched company for recruiterId=585999a5-de05-4b90-bbe4-5cc916da48a2
2025-07-02 11:49:21,924 INFO  - Fetched company for recruiterId=52f3dcc7-e7bb-4419-b8a9-9cfb2a6f8b9e
2025-07-02 11:49:21,925 INFO  - Fetched company for recruiterId=585999a5-de05-4b90-bbe4-5cc916da48a2
2025-07-02 11:49:21,935 INFO  - Fetched company for recruiterId=585999a5-de05-4b90-bbe4-5cc916da48a2
2025-07-02 11:49:28,923 INFO  - Fetched company for recruiterId=585999a5-de05-4b90-bbe4-5cc916da48a2
2025-07-02 11:49:28,938 INFO  - Fetched company for recruiterId=3dc93452-07a2-4843-a650-c7faed6fc07c
2025-07-02 11:49:28,944 INFO  - Fetched company for recruiterId=585999a5-de05-4b90-bbe4-5cc916da48a2
2025-07-02 11:49:28,956 INFO  - Fetched company for recruiterId=3dc93452-07a2-4843-a650-c7faed6fc07c
2025-07-02 11:49:28,968 INFO  - Fetched company for recruiterId=585999a5-de05-4b90-bbe4-5cc916da48a2
2025-07-02 11:49:28,987 INFO  - Fetched company for recruiterId=3dc93452-07a2-4843-a650-c7faed6fc07c
2025-07-02 11:49:28,990 INFO  - Fetched company for recruiterId=585999a5-de05-4b90-bbe4-5cc916da48a2
2025-07-02 11:49:28,998 INFO  - Fetched company for recruiterId=3dc93452-07a2-4843-a650-c7faed6fc07c
2025-07-02 11:49:29,972 INFO  - Fetched all company names.
2025-07-02 11:49:30,013 INFO  - Fetched company for recruiterId=585999a5-de05-4b90-bbe4-5cc916da48a2
2025-07-02 11:49:30,023 INFO  - Fetched company for recruiterId=585999a5-de05-4b90-bbe4-5cc916da48a2
2025-07-02 11:49:30,024 INFO  - Fetched company for recruiterId=3dc93452-07a2-4843-a650-c7faed6fc07c
2025-07-02 11:49:30,035 INFO  - Fetched company for recruiterId=585999a5-de05-4b90-bbe4-5cc916da48a2
2025-07-02 11:49:30,040 INFO  - Fetched company for recruiterId=3dc93452-07a2-4843-a650-c7faed6fc07c
2025-07-02 11:49:30,050 INFO  - Fetched company for recruiterId=585999a5-de05-4b90-bbe4-5cc916da48a2
2025-07-02 11:49:30,051 INFO  - Fetched company for recruiterId=52f3dcc7-e7bb-4419-b8a9-9cfb2a6f8b9e
2025-07-02 11:49:30,062 INFO  - Fetched company for recruiterId=52f3dcc7-e7bb-4419-b8a9-9cfb2a6f8b9e
2025-07-02 11:49:30,062 INFO  - Fetched company for recruiterId=585999a5-de05-4b90-bbe4-5cc916da48a2
2025-07-02 11:49:30,075 INFO  - Fetched company for recruiterId=52f3dcc7-e7bb-4419-b8a9-9cfb2a6f8b9e
2025-07-02 11:49:45,304 INFO  - Fetched company for recruiterId=52f3dcc7-e7bb-4419-b8a9-9cfb2a6f8b9e
2025-07-02 11:49:45,329 INFO  - Fetched company for recruiterId=52f3dcc7-e7bb-4419-b8a9-9cfb2a6f8b9e
2025-07-02 11:49:45,344 INFO  - Fetched company for recruiterId=52f3dcc7-e7bb-4419-b8a9-9cfb2a6f8b9e
2025-07-02 11:49:45,356 INFO  - Fetched company for recruiterId=52f3dcc7-e7bb-4419-b8a9-9cfb2a6f8b9e
2025-07-02 11:49:45,360 INFO  - Fetched company for recruiterId=3dc93452-07a2-4843-a650-c7faed6fc07c
2025-07-02 11:49:45,368 INFO  - Fetched company for recruiterId=52f3dcc7-e7bb-4419-b8a9-9cfb2a6f8b9e
2025-07-02 11:49:45,375 INFO  - Fetched company for recruiterId=3dc93452-07a2-4843-a650-c7faed6fc07c
2025-07-02 11:49:45,383 INFO  - Fetched company for recruiterId=52f3dcc7-e7bb-4419-b8a9-9cfb2a6f8b9e
2025-07-02 11:49:45,397 INFO  - Fetched company for recruiterId=52f3dcc7-e7bb-4419-b8a9-9cfb2a6f8b9e
2025-07-02 11:49:45,404 INFO  - Fetched company for recruiterId=52f3dcc7-e7bb-4419-b8a9-9cfb2a6f8b9e
2025-07-02 11:49:45,421 INFO  - Fetched company for recruiterId=52f3dcc7-e7bb-4419-b8a9-9cfb2a6f8b9e
2025-07-02 11:49:45,438 INFO  - Fetched company for recruiterId=52f3dcc7-e7bb-4419-b8a9-9cfb2a6f8b9e
2025-07-02 11:49:45,455 INFO  - Fetched company for recruiterId=52f3dcc7-e7bb-4419-b8a9-9cfb2a6f8b9e
2025-07-02 11:49:45,466 INFO  - Fetched company for recruiterId=52f3dcc7-e7bb-4419-b8a9-9cfb2a6f8b9e
2025-07-02 11:49:45,478 INFO  - Fetched company for recruiterId=52f3dcc7-e7bb-4419-b8a9-9cfb2a6f8b9e
2025-07-02 11:52:31,413 INFO  - Fetched all company names.
2025-07-02 11:52:31,441 INFO  - Fetched company for recruiterId=585999a5-de05-4b90-bbe4-5cc916da48a2
2025-07-02 11:52:31,442 INFO  - Fetched company for recruiterId=3dc93452-07a2-4843-a650-c7faed6fc07c
2025-07-02 11:52:31,442 INFO  - Fetched company for recruiterId=52f3dcc7-e7bb-4419-b8a9-9cfb2a6f8b9e
2025-07-02 11:52:31,451 INFO  - Fetched company for recruiterId=585999a5-de05-4b90-bbe4-5cc916da48a2
2025-07-02 11:52:31,451 INFO  - Fetched company for recruiterId=3dc93452-07a2-4843-a650-c7faed6fc07c
2025-07-02 11:52:31,452 INFO  - Fetched company for recruiterId=52f3dcc7-e7bb-4419-b8a9-9cfb2a6f8b9e
2025-07-02 11:52:31,461 INFO  - Fetched company for recruiterId=585999a5-de05-4b90-bbe4-5cc916da48a2
2025-07-02 11:52:31,463 INFO  - Fetched company for recruiterId=52f3dcc7-e7bb-4419-b8a9-9cfb2a6f8b9e
2025-07-02 11:52:31,471 INFO  - Fetched company for recruiterId=585999a5-de05-4b90-bbe4-5cc916da48a2
2025-07-02 11:52:31,479 INFO  - Fetched company for recruiterId=585999a5-de05-4b90-bbe4-5cc916da48a2
2025-07-02 11:53:31,730 INFO  - Fetched all company names.
2025-07-02 11:53:31,782 INFO  - Fetched company for recruiterId=585999a5-de05-4b90-bbe4-5cc916da48a2
2025-07-02 11:53:31,783 INFO  - Fetched company for recruiterId=3dc93452-07a2-4843-a650-c7faed6fc07c
2025-07-02 11:53:31,786 INFO  - Fetched company for recruiterId=52f3dcc7-e7bb-4419-b8a9-9cfb2a6f8b9e
2025-07-02 11:53:31,799 INFO  - Fetched company for recruiterId=585999a5-de05-4b90-bbe4-5cc916da48a2
2025-07-02 11:53:31,800 INFO  - Fetched company for recruiterId=3dc93452-07a2-4843-a650-c7faed6fc07c
2025-07-02 11:53:31,811 INFO  - Fetched company for recruiterId=52f3dcc7-e7bb-4419-b8a9-9cfb2a6f8b9e
2025-07-02 11:53:31,823 INFO  - Fetched company for recruiterId=585999a5-de05-4b90-bbe4-5cc916da48a2
2025-07-02 11:53:31,832 INFO  - Fetched company for recruiterId=52f3dcc7-e7bb-4419-b8a9-9cfb2a6f8b9e
2025-07-02 11:53:31,848 INFO  - Fetched company for recruiterId=585999a5-de05-4b90-bbe4-5cc916da48a2
2025-07-02 11:53:31,852 INFO  - Fetched company for recruiterId=52f3dcc7-e7bb-4419-b8a9-9cfb2a6f8b9e
2025-07-02 11:53:31,871 INFO  - Fetched company for recruiterId=585999a5-de05-4b90-bbe4-5cc916da48a2
2025-07-02 11:53:31,878 INFO  - Fetched company for recruiterId=52f3dcc7-e7bb-4419-b8a9-9cfb2a6f8b9e
2025-07-02 11:53:31,891 INFO  - Fetched company for recruiterId=52f3dcc7-e7bb-4419-b8a9-9cfb2a6f8b9e
2025-07-02 11:53:31,899 INFO  - Fetched company for recruiterId=52f3dcc7-e7bb-4419-b8a9-9cfb2a6f8b9e
2025-07-02 11:53:31,911 INFO  - Fetched company for recruiterId=52f3dcc7-e7bb-4419-b8a9-9cfb2a6f8b9e
2025-07-02 11:53:31,917 INFO  - Fetched company for recruiterId=52f3dcc7-e7bb-4419-b8a9-9cfb2a6f8b9e
2025-07-02 11:53:31,925 INFO  - Fetched company for recruiterId=52f3dcc7-e7bb-4419-b8a9-9cfb2a6f8b9e
2025-07-02 11:53:31,936 INFO  - Fetched company for recruiterId=52f3dcc7-e7bb-4419-b8a9-9cfb2a6f8b9e
2025-07-02 11:53:31,945 INFO  - Fetched company for recruiterId=52f3dcc7-e7bb-4419-b8a9-9cfb2a6f8b9e
2025-07-02 11:53:31,952 INFO  - Fetched company for recruiterId=52f3dcc7-e7bb-4419-b8a9-9cfb2a6f8b9e
2025-07-02 11:53:45,947 INFO  - Fetched all company names.
2025-07-02 11:53:46,058 INFO  - Fetched company for recruiterId=585999a5-de05-4b90-bbe4-5cc916da48a2
2025-07-02 11:53:46,086 INFO  - Fetched company for recruiterId=585999a5-de05-4b90-bbe4-5cc916da48a2
2025-07-02 11:53:46,086 INFO  - Fetched company for recruiterId=3dc93452-07a2-4843-a650-c7faed6fc07c
2025-07-02 11:53:46,103 INFO  - Fetched company for recruiterId=52f3dcc7-e7bb-4419-b8a9-9cfb2a6f8b9e
2025-07-02 11:53:46,108 INFO  - Fetched company for recruiterId=3dc93452-07a2-4843-a650-c7faed6fc07c
2025-07-02 11:53:46,108 INFO  - Fetched company for recruiterId=585999a5-de05-4b90-bbe4-5cc916da48a2
2025-07-02 11:53:46,118 INFO  - Fetched company for recruiterId=52f3dcc7-e7bb-4419-b8a9-9cfb2a6f8b9e
2025-07-02 11:53:46,118 INFO  - Fetched company for recruiterId=585999a5-de05-4b90-bbe4-5cc916da48a2
2025-07-02 11:53:46,147 INFO  - Fetched company for recruiterId=585999a5-de05-4b90-bbe4-5cc916da48a2
2025-07-02 11:53:46,152 INFO  - Fetched company for recruiterId=52f3dcc7-e7bb-4419-b8a9-9cfb2a6f8b9e
2025-07-02 11:53:46,154 INFO  - Fetched company for recruiterId=3dc93452-07a2-4843-a650-c7faed6fc07c
2025-07-02 11:53:46,169 INFO  - Fetched company for recruiterId=52f3dcc7-e7bb-4419-b8a9-9cfb2a6f8b9e
2025-07-02 11:53:46,169 INFO  - Fetched company for recruiterId=3dc93452-07a2-4843-a650-c7faed6fc07c
2025-07-02 11:53:46,187 INFO  - Fetched company for recruiterId=52f3dcc7-e7bb-4419-b8a9-9cfb2a6f8b9e
2025-07-02 11:53:46,218 INFO  - Fetched company for recruiterId=52f3dcc7-e7bb-4419-b8a9-9cfb2a6f8b9e
2025-07-02 11:53:46,232 INFO  - Fetched company for recruiterId=52f3dcc7-e7bb-4419-b8a9-9cfb2a6f8b9e
2025-07-02 11:53:46,241 INFO  - Fetched company for recruiterId=52f3dcc7-e7bb-4419-b8a9-9cfb2a6f8b9e
2025-07-02 11:53:46,250 INFO  - Fetched company for recruiterId=52f3dcc7-e7bb-4419-b8a9-9cfb2a6f8b9e
2025-07-02 11:53:46,263 INFO  - Fetched company for recruiterId=52f3dcc7-e7bb-4419-b8a9-9cfb2a6f8b9e
2025-07-02 11:53:46,273 INFO  - Fetched company for recruiterId=52f3dcc7-e7bb-4419-b8a9-9cfb2a6f8b9e
2025-07-02 11:53:46,284 INFO  - Fetched company for recruiterId=52f3dcc7-e7bb-4419-b8a9-9cfb2a6f8b9e
2025-07-02 11:53:46,293 INFO  - Fetched company for recruiterId=52f3dcc7-e7bb-4419-b8a9-9cfb2a6f8b9e
2025-07-02 11:53:46,304 INFO  - Fetched company for recruiterId=52f3dcc7-e7bb-4419-b8a9-9cfb2a6f8b9e
2025-07-02 11:53:46,313 INFO  - Fetched company for recruiterId=52f3dcc7-e7bb-4419-b8a9-9cfb2a6f8b9e
2025-07-02 11:53:46,326 INFO  - Fetched company for recruiterId=52f3dcc7-e7bb-4419-b8a9-9cfb2a6f8b9e
2025-07-02 11:53:47,050 INFO  - Fetched company for recruiterId=585999a5-de05-4b90-bbe4-5cc916da48a2
2025-07-02 11:53:47,061 INFO  - Fetched company for recruiterId=585999a5-de05-4b90-bbe4-5cc916da48a2
2025-07-02 11:53:47,062 INFO  - Fetched company for recruiterId=3dc93452-07a2-4843-a650-c7faed6fc07c
2025-07-02 11:53:47,073 INFO  - Fetched company for recruiterId=3dc93452-07a2-4843-a650-c7faed6fc07c
2025-07-02 11:53:47,073 INFO  - Fetched company for recruiterId=585999a5-de05-4b90-bbe4-5cc916da48a2
2025-07-02 11:53:47,087 INFO  - Fetched company for recruiterId=3dc93452-07a2-4843-a650-c7faed6fc07c
2025-07-02 11:53:47,087 INFO  - Fetched company for recruiterId=585999a5-de05-4b90-bbe4-5cc916da48a2
2025-07-02 11:53:47,100 INFO  - Fetched company for recruiterId=3dc93452-07a2-4843-a650-c7faed6fc07c
2025-07-02 11:53:47,682 INFO  - Fetched all company names.
2025-07-02 11:53:47,720 INFO  - Fetched company for recruiterId=585999a5-de05-4b90-bbe4-5cc916da48a2
2025-07-02 11:53:47,732 INFO  - Fetched company for recruiterId=3dc93452-07a2-4843-a650-c7faed6fc07c
2025-07-02 11:53:47,732 INFO  - Fetched company for recruiterId=585999a5-de05-4b90-bbe4-5cc916da48a2
2025-07-02 11:53:47,745 INFO  - Fetched company for recruiterId=585999a5-de05-4b90-bbe4-5cc916da48a2
2025-07-02 11:53:47,745 INFO  - Fetched company for recruiterId=3dc93452-07a2-4843-a650-c7faed6fc07c
2025-07-02 11:53:47,750 INFO  - Fetched company for recruiterId=52f3dcc7-e7bb-4419-b8a9-9cfb2a6f8b9e
2025-07-02 11:53:47,755 INFO  - Fetched company for recruiterId=585999a5-de05-4b90-bbe4-5cc916da48a2
2025-07-02 11:53:47,762 INFO  - Fetched company for recruiterId=52f3dcc7-e7bb-4419-b8a9-9cfb2a6f8b9e
2025-07-02 11:53:47,767 INFO  - Fetched company for recruiterId=585999a5-de05-4b90-bbe4-5cc916da48a2
2025-07-02 11:53:47,771 INFO  - Fetched company for recruiterId=52f3dcc7-e7bb-4419-b8a9-9cfb2a6f8b9e
2025-07-02 11:53:47,783 INFO  - Fetched company for recruiterId=52f3dcc7-e7bb-4419-b8a9-9cfb2a6f8b9e
2025-07-02 11:53:47,793 INFO  - Fetched company for recruiterId=52f3dcc7-e7bb-4419-b8a9-9cfb2a6f8b9e
2025-07-02 11:53:47,798 INFO  - Fetched company for recruiterId=3dc93452-07a2-4843-a650-c7faed6fc07c
2025-07-02 11:53:47,804 INFO  - Fetched company for recruiterId=52f3dcc7-e7bb-4419-b8a9-9cfb2a6f8b9e
2025-07-02 11:53:47,811 INFO  - Fetched company for recruiterId=3dc93452-07a2-4843-a650-c7faed6fc07c
2025-07-02 11:53:47,817 INFO  - Fetched company for recruiterId=52f3dcc7-e7bb-4419-b8a9-9cfb2a6f8b9e
2025-07-02 11:53:47,831 INFO  - Fetched company for recruiterId=52f3dcc7-e7bb-4419-b8a9-9cfb2a6f8b9e
2025-07-02 11:53:47,848 INFO  - Fetched company for recruiterId=52f3dcc7-e7bb-4419-b8a9-9cfb2a6f8b9e
2025-07-02 11:53:47,861 INFO  - Fetched company for recruiterId=52f3dcc7-e7bb-4419-b8a9-9cfb2a6f8b9e
2025-07-02 11:53:47,873 INFO  - Fetched company for recruiterId=52f3dcc7-e7bb-4419-b8a9-9cfb2a6f8b9e
2025-07-02 11:53:47,884 INFO  - Fetched company for recruiterId=52f3dcc7-e7bb-4419-b8a9-9cfb2a6f8b9e
2025-07-02 11:53:47,896 INFO  - Fetched company for recruiterId=52f3dcc7-e7bb-4419-b8a9-9cfb2a6f8b9e
2025-07-02 11:53:47,908 INFO  - Fetched company for recruiterId=52f3dcc7-e7bb-4419-b8a9-9cfb2a6f8b9e
2025-07-02 11:53:47,919 INFO  - Fetched company for recruiterId=52f3dcc7-e7bb-4419-b8a9-9cfb2a6f8b9e
2025-07-02 11:53:47,930 INFO  - Fetched company for recruiterId=52f3dcc7-e7bb-4419-b8a9-9cfb2a6f8b9e
2025-07-02 11:54:10,722 INFO  - Fetched all company names.
2025-07-02 11:54:10,836 INFO  - Fetched company for recruiterId=585999a5-de05-4b90-bbe4-5cc916da48a2
2025-07-02 11:54:10,844 INFO  - Fetched company for recruiterId=3dc93452-07a2-4843-a650-c7faed6fc07c
2025-07-02 11:54:10,849 INFO  - Fetched company for recruiterId=585999a5-de05-4b90-bbe4-5cc916da48a2
2025-07-02 11:54:10,857 INFO  - Fetched company for recruiterId=3dc93452-07a2-4843-a650-c7faed6fc07c
2025-07-02 11:54:10,862 INFO  - Fetched company for recruiterId=52f3dcc7-e7bb-4419-b8a9-9cfb2a6f8b9e
2025-07-02 11:54:10,862 INFO  - Fetched company for recruiterId=585999a5-de05-4b90-bbe4-5cc916da48a2
2025-07-02 11:54:10,891 INFO  - Fetched company for recruiterId=585999a5-de05-4b90-bbe4-5cc916da48a2
2025-07-02 11:54:10,891 INFO  - Fetched company for recruiterId=52f3dcc7-e7bb-4419-b8a9-9cfb2a6f8b9e
2025-07-02 11:54:10,902 INFO  - Fetched company for recruiterId=585999a5-de05-4b90-bbe4-5cc916da48a2
2025-07-02 11:54:10,902 INFO  - Fetched company for recruiterId=52f3dcc7-e7bb-4419-b8a9-9cfb2a6f8b9e
2025-07-02 11:54:10,910 INFO  - Fetched company for recruiterId=52f3dcc7-e7bb-4419-b8a9-9cfb2a6f8b9e
2025-07-02 11:54:10,919 INFO  - Fetched company for recruiterId=52f3dcc7-e7bb-4419-b8a9-9cfb2a6f8b9e
2025-07-02 11:54:10,933 INFO  - Fetched company for recruiterId=52f3dcc7-e7bb-4419-b8a9-9cfb2a6f8b9e
2025-07-02 11:54:10,937 INFO  - Fetched company for recruiterId=3dc93452-07a2-4843-a650-c7faed6fc07c
2025-07-02 11:54:10,947 INFO  - Fetched company for recruiterId=52f3dcc7-e7bb-4419-b8a9-9cfb2a6f8b9e
2025-07-02 11:54:10,947 INFO  - Fetched company for recruiterId=3dc93452-07a2-4843-a650-c7faed6fc07c
2025-07-02 11:54:10,961 INFO  - Fetched company for recruiterId=52f3dcc7-e7bb-4419-b8a9-9cfb2a6f8b9e
2025-07-02 11:54:10,972 INFO  - Fetched company for recruiterId=52f3dcc7-e7bb-4419-b8a9-9cfb2a6f8b9e
2025-07-02 11:54:10,984 INFO  - Fetched company for recruiterId=52f3dcc7-e7bb-4419-b8a9-9cfb2a6f8b9e
2025-07-02 11:54:10,993 INFO  - Fetched company for recruiterId=52f3dcc7-e7bb-4419-b8a9-9cfb2a6f8b9e
2025-07-02 11:54:11,003 INFO  - Fetched company for recruiterId=52f3dcc7-e7bb-4419-b8a9-9cfb2a6f8b9e
2025-07-02 11:54:11,015 INFO  - Fetched company for recruiterId=52f3dcc7-e7bb-4419-b8a9-9cfb2a6f8b9e
2025-07-02 11:54:11,029 INFO  - Fetched company for recruiterId=52f3dcc7-e7bb-4419-b8a9-9cfb2a6f8b9e
2025-07-02 11:54:11,047 INFO  - Fetched company for recruiterId=52f3dcc7-e7bb-4419-b8a9-9cfb2a6f8b9e
2025-07-02 11:54:11,059 INFO  - Fetched company for recruiterId=52f3dcc7-e7bb-4419-b8a9-9cfb2a6f8b9e
2025-07-02 11:54:11,469 INFO  - Fetched company for recruiterId=585999a5-de05-4b90-bbe4-5cc916da48a2
2025-07-02 11:54:11,470 INFO  - Fetched company for recruiterId=3dc93452-07a2-4843-a650-c7faed6fc07c
2025-07-02 11:54:11,486 INFO  - Fetched company for recruiterId=3dc93452-07a2-4843-a650-c7faed6fc07c
2025-07-02 11:54:11,486 INFO  - Fetched company for recruiterId=585999a5-de05-4b90-bbe4-5cc916da48a2
2025-07-02 11:54:11,498 INFO  - Fetched company for recruiterId=585999a5-de05-4b90-bbe4-5cc916da48a2
2025-07-02 11:54:11,498 INFO  - Fetched company for recruiterId=3dc93452-07a2-4843-a650-c7faed6fc07c
2025-07-02 11:54:11,507 INFO  - Fetched company for recruiterId=585999a5-de05-4b90-bbe4-5cc916da48a2
2025-07-02 11:54:11,508 INFO  - Fetched company for recruiterId=3dc93452-07a2-4843-a650-c7faed6fc07c
2025-07-02 11:54:12,069 INFO  - Fetched all company names.
2025-07-02 11:54:12,119 INFO  - Fetched company for recruiterId=585999a5-de05-4b90-bbe4-5cc916da48a2
2025-07-02 11:54:12,135 INFO  - Fetched company for recruiterId=3dc93452-07a2-4843-a650-c7faed6fc07c
2025-07-02 11:54:12,136 INFO  - Fetched company for recruiterId=585999a5-de05-4b90-bbe4-5cc916da48a2
2025-07-02 11:54:12,148 INFO  - Fetched company for recruiterId=52f3dcc7-e7bb-4419-b8a9-9cfb2a6f8b9e
2025-07-02 11:54:12,153 INFO  - Fetched company for recruiterId=585999a5-de05-4b90-bbe4-5cc916da48a2
2025-07-02 11:54:12,153 INFO  - Fetched company for recruiterId=3dc93452-07a2-4843-a650-c7faed6fc07c
2025-07-02 11:54:12,164 INFO  - Fetched company for recruiterId=52f3dcc7-e7bb-4419-b8a9-9cfb2a6f8b9e
2025-07-02 11:54:12,170 INFO  - Fetched company for recruiterId=585999a5-de05-4b90-bbe4-5cc916da48a2
2025-07-02 11:54:12,180 INFO  - Fetched company for recruiterId=52f3dcc7-e7bb-4419-b8a9-9cfb2a6f8b9e
2025-07-02 11:54:12,184 INFO  - Fetched company for recruiterId=585999a5-de05-4b90-bbe4-5cc916da48a2
2025-07-02 11:54:12,255 INFO  - Fetched company for recruiterId=52f3dcc7-e7bb-4419-b8a9-9cfb2a6f8b9e
2025-07-02 11:54:12,258 INFO  - Fetched company for recruiterId=3dc93452-07a2-4843-a650-c7faed6fc07c
2025-07-02 11:54:12,269 INFO  - Fetched company for recruiterId=52f3dcc7-e7bb-4419-b8a9-9cfb2a6f8b9e
2025-07-02 11:54:12,269 INFO  - Fetched company for recruiterId=3dc93452-07a2-4843-a650-c7faed6fc07c
2025-07-02 11:54:12,277 INFO  - Fetched company for recruiterId=52f3dcc7-e7bb-4419-b8a9-9cfb2a6f8b9e
2025-07-02 11:54:12,288 INFO  - Fetched company for recruiterId=52f3dcc7-e7bb-4419-b8a9-9cfb2a6f8b9e
2025-07-02 11:54:12,298 INFO  - Fetched company for recruiterId=52f3dcc7-e7bb-4419-b8a9-9cfb2a6f8b9e
2025-07-02 11:54:12,305 INFO  - Fetched company for recruiterId=52f3dcc7-e7bb-4419-b8a9-9cfb2a6f8b9e
2025-07-02 11:54:12,315 INFO  - Fetched company for recruiterId=52f3dcc7-e7bb-4419-b8a9-9cfb2a6f8b9e
2025-07-02 11:54:12,323 INFO  - Fetched company for recruiterId=52f3dcc7-e7bb-4419-b8a9-9cfb2a6f8b9e
2025-07-02 11:54:12,332 INFO  - Fetched company for recruiterId=52f3dcc7-e7bb-4419-b8a9-9cfb2a6f8b9e
2025-07-02 11:54:12,362 INFO  - Fetched company for recruiterId=52f3dcc7-e7bb-4419-b8a9-9cfb2a6f8b9e
2025-07-02 11:54:12,378 INFO  - Fetched company for recruiterId=52f3dcc7-e7bb-4419-b8a9-9cfb2a6f8b9e
2025-07-02 11:54:12,389 INFO  - Fetched company for recruiterId=52f3dcc7-e7bb-4419-b8a9-9cfb2a6f8b9e
2025-07-02 11:54:12,402 INFO  - Fetched company for recruiterId=52f3dcc7-e7bb-4419-b8a9-9cfb2a6f8b9e
2025-07-02 11:55:02,063 INFO  - Fetched all company names.
2025-07-02 11:55:02,100 INFO  - Fetched company for recruiterId=3dc93452-07a2-4843-a650-c7faed6fc07c
2025-07-02 11:55:02,100 INFO  - Fetched company for recruiterId=585999a5-de05-4b90-bbe4-5cc916da48a2
2025-07-02 11:55:02,100 INFO  - Fetched company for recruiterId=52f3dcc7-e7bb-4419-b8a9-9cfb2a6f8b9e
2025-07-02 11:55:02,107 INFO  - Fetched company for recruiterId=585999a5-de05-4b90-bbe4-5cc916da48a2
2025-07-02 11:55:02,107 INFO  - Fetched company for recruiterId=3dc93452-07a2-4843-a650-c7faed6fc07c
2025-07-02 11:55:02,108 INFO  - Fetched company for recruiterId=52f3dcc7-e7bb-4419-b8a9-9cfb2a6f8b9e
2025-07-02 11:55:02,115 INFO  - Fetched company for recruiterId=585999a5-de05-4b90-bbe4-5cc916da48a2
2025-07-02 11:55:02,116 INFO  - Fetched company for recruiterId=3dc93452-07a2-4843-a650-c7faed6fc07c
2025-07-02 11:55:02,116 INFO  - Fetched company for recruiterId=52f3dcc7-e7bb-4419-b8a9-9cfb2a6f8b9e
2025-07-02 11:55:02,123 INFO  - Fetched company for recruiterId=585999a5-de05-4b90-bbe4-5cc916da48a2
2025-07-02 11:55:02,124 INFO  - Fetched company for recruiterId=52f3dcc7-e7bb-4419-b8a9-9cfb2a6f8b9e
2025-07-02 11:55:02,124 INFO  - Fetched company for recruiterId=3dc93452-07a2-4843-a650-c7faed6fc07c
2025-07-02 11:55:02,131 INFO  - Fetched company for recruiterId=52f3dcc7-e7bb-4419-b8a9-9cfb2a6f8b9e
2025-07-02 11:55:02,131 INFO  - Fetched company for recruiterId=585999a5-de05-4b90-bbe4-5cc916da48a2
2025-07-02 11:55:02,137 INFO  - Fetched company for recruiterId=52f3dcc7-e7bb-4419-b8a9-9cfb2a6f8b9e
2025-07-02 11:55:02,143 INFO  - Fetched company for recruiterId=52f3dcc7-e7bb-4419-b8a9-9cfb2a6f8b9e
2025-07-02 11:55:02,148 INFO  - Fetched company for recruiterId=52f3dcc7-e7bb-4419-b8a9-9cfb2a6f8b9e
2025-07-02 11:55:02,153 INFO  - Fetched company for recruiterId=52f3dcc7-e7bb-4419-b8a9-9cfb2a6f8b9e
2025-07-02 11:55:02,159 INFO  - Fetched company for recruiterId=52f3dcc7-e7bb-4419-b8a9-9cfb2a6f8b9e
2025-07-02 11:55:02,166 INFO  - Fetched company for recruiterId=52f3dcc7-e7bb-4419-b8a9-9cfb2a6f8b9e
2025-07-02 11:55:02,174 INFO  - Fetched company for recruiterId=52f3dcc7-e7bb-4419-b8a9-9cfb2a6f8b9e
2025-07-02 11:55:02,183 INFO  - Fetched company for recruiterId=52f3dcc7-e7bb-4419-b8a9-9cfb2a6f8b9e
2025-07-02 11:55:02,189 INFO  - Fetched company for recruiterId=52f3dcc7-e7bb-4419-b8a9-9cfb2a6f8b9e
2025-07-02 11:55:02,195 INFO  - Fetched company for recruiterId=52f3dcc7-e7bb-4419-b8a9-9cfb2a6f8b9e
2025-07-02 11:55:02,206 INFO  - Fetched company for recruiterId=52f3dcc7-e7bb-4419-b8a9-9cfb2a6f8b9e
2025-07-02 11:55:27,106 INFO  - Fetched all company names.
2025-07-02 11:55:27,153 INFO  - Fetched company for recruiterId=585999a5-de05-4b90-bbe4-5cc916da48a2
2025-07-02 11:55:27,160 INFO  - Fetched company for recruiterId=3dc93452-07a2-4843-a650-c7faed6fc07c
2025-07-02 11:55:27,163 INFO  - Fetched company for recruiterId=585999a5-de05-4b90-bbe4-5cc916da48a2
2025-07-02 11:55:27,176 INFO  - Fetched company for recruiterId=3dc93452-07a2-4843-a650-c7faed6fc07c
2025-07-02 11:55:27,176 INFO  - Fetched company for recruiterId=585999a5-de05-4b90-bbe4-5cc916da48a2
2025-07-02 11:55:27,177 INFO  - Fetched company for recruiterId=52f3dcc7-e7bb-4419-b8a9-9cfb2a6f8b9e
2025-07-02 11:55:27,190 INFO  - Fetched company for recruiterId=585999a5-de05-4b90-bbe4-5cc916da48a2
2025-07-02 11:55:27,191 INFO  - Fetched company for recruiterId=52f3dcc7-e7bb-4419-b8a9-9cfb2a6f8b9e
2025-07-02 11:55:27,208 INFO  - Fetched company for recruiterId=585999a5-de05-4b90-bbe4-5cc916da48a2
2025-07-02 11:55:27,208 INFO  - Fetched company for recruiterId=52f3dcc7-e7bb-4419-b8a9-9cfb2a6f8b9e
2025-07-02 11:55:27,222 INFO  - Fetched company for recruiterId=52f3dcc7-e7bb-4419-b8a9-9cfb2a6f8b9e
2025-07-02 11:55:27,230 INFO  - Fetched company for recruiterId=3dc93452-07a2-4843-a650-c7faed6fc07c
2025-07-02 11:55:27,237 INFO  - Fetched company for recruiterId=52f3dcc7-e7bb-4419-b8a9-9cfb2a6f8b9e
2025-07-02 11:55:27,243 INFO  - Fetched company for recruiterId=3dc93452-07a2-4843-a650-c7faed6fc07c
2025-07-02 11:55:27,249 INFO  - Fetched company for recruiterId=52f3dcc7-e7bb-4419-b8a9-9cfb2a6f8b9e
2025-07-02 11:55:27,262 INFO  - Fetched company for recruiterId=52f3dcc7-e7bb-4419-b8a9-9cfb2a6f8b9e
2025-07-02 11:55:27,272 INFO  - Fetched company for recruiterId=52f3dcc7-e7bb-4419-b8a9-9cfb2a6f8b9e
2025-07-02 11:55:27,309 INFO  - Fetched company for recruiterId=52f3dcc7-e7bb-4419-b8a9-9cfb2a6f8b9e
2025-07-02 11:55:27,319 INFO  - Fetched company for recruiterId=52f3dcc7-e7bb-4419-b8a9-9cfb2a6f8b9e
2025-07-02 11:55:27,326 INFO  - Fetched company for recruiterId=52f3dcc7-e7bb-4419-b8a9-9cfb2a6f8b9e
2025-07-02 11:55:27,334 INFO  - Fetched company for recruiterId=52f3dcc7-e7bb-4419-b8a9-9cfb2a6f8b9e
2025-07-02 11:55:27,344 INFO  - Fetched company for recruiterId=52f3dcc7-e7bb-4419-b8a9-9cfb2a6f8b9e
2025-07-02 11:55:27,353 INFO  - Fetched company for recruiterId=52f3dcc7-e7bb-4419-b8a9-9cfb2a6f8b9e
2025-07-02 11:55:27,365 INFO  - Fetched company for recruiterId=52f3dcc7-e7bb-4419-b8a9-9cfb2a6f8b9e
2025-07-02 11:55:27,373 INFO  - Fetched company for recruiterId=52f3dcc7-e7bb-4419-b8a9-9cfb2a6f8b9e
2025-07-02 11:55:33,143 INFO  - Fetched all company names.
2025-07-02 11:55:33,193 INFO  - Fetched company for recruiterId=585999a5-de05-4b90-bbe4-5cc916da48a2
2025-07-02 11:55:33,206 INFO  - Fetched company for recruiterId=585999a5-de05-4b90-bbe4-5cc916da48a2
2025-07-02 11:55:33,206 INFO  - Fetched company for recruiterId=3dc93452-07a2-4843-a650-c7faed6fc07c
2025-07-02 11:55:33,218 INFO  - Fetched company for recruiterId=585999a5-de05-4b90-bbe4-5cc916da48a2
2025-07-02 11:55:33,219 INFO  - Fetched company for recruiterId=52f3dcc7-e7bb-4419-b8a9-9cfb2a6f8b9e
2025-07-02 11:55:33,219 INFO  - Fetched company for recruiterId=3dc93452-07a2-4843-a650-c7faed6fc07c
2025-07-02 11:55:33,232 INFO  - Fetched company for recruiterId=52f3dcc7-e7bb-4419-b8a9-9cfb2a6f8b9e
2025-07-02 11:55:33,232 INFO  - Fetched company for recruiterId=585999a5-de05-4b90-bbe4-5cc916da48a2
2025-07-02 11:55:33,243 INFO  - Fetched company for recruiterId=585999a5-de05-4b90-bbe4-5cc916da48a2
2025-07-02 11:55:33,243 INFO  - Fetched company for recruiterId=52f3dcc7-e7bb-4419-b8a9-9cfb2a6f8b9e
2025-07-02 11:55:33,251 INFO  - Fetched company for recruiterId=52f3dcc7-e7bb-4419-b8a9-9cfb2a6f8b9e
2025-07-02 11:55:33,261 INFO  - Fetched company for recruiterId=52f3dcc7-e7bb-4419-b8a9-9cfb2a6f8b9e
2025-07-02 11:55:33,270 INFO  - Fetched company for recruiterId=3dc93452-07a2-4843-a650-c7faed6fc07c
2025-07-02 11:55:33,270 INFO  - Fetched company for recruiterId=52f3dcc7-e7bb-4419-b8a9-9cfb2a6f8b9e
2025-07-02 11:55:33,285 INFO  - Fetched company for recruiterId=3dc93452-07a2-4843-a650-c7faed6fc07c
2025-07-02 11:55:33,285 INFO  - Fetched company for recruiterId=52f3dcc7-e7bb-4419-b8a9-9cfb2a6f8b9e
2025-07-02 11:55:33,296 INFO  - Fetched company for recruiterId=52f3dcc7-e7bb-4419-b8a9-9cfb2a6f8b9e
2025-07-02 11:55:33,306 INFO  - Fetched company for recruiterId=52f3dcc7-e7bb-4419-b8a9-9cfb2a6f8b9e
2025-07-02 11:55:33,318 INFO  - Fetched company for recruiterId=52f3dcc7-e7bb-4419-b8a9-9cfb2a6f8b9e
2025-07-02 11:55:33,330 INFO  - Fetched company for recruiterId=52f3dcc7-e7bb-4419-b8a9-9cfb2a6f8b9e
2025-07-02 11:55:33,339 INFO  - Fetched company for recruiterId=52f3dcc7-e7bb-4419-b8a9-9cfb2a6f8b9e
2025-07-02 11:55:33,348 INFO  - Fetched company for recruiterId=52f3dcc7-e7bb-4419-b8a9-9cfb2a6f8b9e
2025-07-02 11:55:33,360 INFO  - Fetched company for recruiterId=52f3dcc7-e7bb-4419-b8a9-9cfb2a6f8b9e
2025-07-02 11:55:33,370 INFO  - Fetched company for recruiterId=52f3dcc7-e7bb-4419-b8a9-9cfb2a6f8b9e
2025-07-02 11:55:33,379 INFO  - Fetched company for recruiterId=52f3dcc7-e7bb-4419-b8a9-9cfb2a6f8b9e
2025-07-02 12:16:02,117 INFO  - Fetched company for recruiterId=585999a5-de05-4b90-bbe4-5cc916da48a2
2025-07-02 12:16:02,126 INFO  - Fetched company for recruiterId=585999a5-de05-4b90-bbe4-5cc916da48a2
2025-07-02 12:16:02,146 INFO  - Fetched company for recruiterId=585999a5-de05-4b90-bbe4-5cc916da48a2
2025-07-02 12:16:02,170 INFO  - Fetched company for recruiterId=585999a5-de05-4b90-bbe4-5cc916da48a2
2025-07-02 12:16:04,736 INFO  - Fetched company for recruiterId=585999a5-de05-4b90-bbe4-5cc916da48a2
2025-07-02 12:16:04,743 INFO  - Fetched company for recruiterId=585999a5-de05-4b90-bbe4-5cc916da48a2
2025-07-02 12:16:04,749 INFO  - Fetched company for recruiterId=585999a5-de05-4b90-bbe4-5cc916da48a2
2025-07-02 12:16:04,754 INFO  - Fetched company for recruiterId=585999a5-de05-4b90-bbe4-5cc916da48a2
2025-07-02 12:16:05,774 INFO  - Fetched company for recruiterId=585999a5-de05-4b90-bbe4-5cc916da48a2
2025-07-02 12:16:05,782 INFO  - Fetched company for recruiterId=585999a5-de05-4b90-bbe4-5cc916da48a2
2025-07-02 12:16:05,789 INFO  - Fetched company for recruiterId=585999a5-de05-4b90-bbe4-5cc916da48a2
2025-07-02 12:16:05,797 INFO  - Fetched company for recruiterId=585999a5-de05-4b90-bbe4-5cc916da48a2
2025-07-02 12:16:05,801 INFO  - Fetched company for recruiterId=3dc93452-07a2-4843-a650-c7faed6fc07c
2025-07-02 12:16:05,801 INFO  - Fetched company for recruiterId=52f3dcc7-e7bb-4419-b8a9-9cfb2a6f8b9e
2025-07-02 12:16:05,813 INFO  - Fetched company for recruiterId=585999a5-de05-4b90-bbe4-5cc916da48a2
2025-07-02 12:16:05,813 INFO  - Fetched company for recruiterId=3dc93452-07a2-4843-a650-c7faed6fc07c
2025-07-02 12:16:05,816 INFO  - Fetched company for recruiterId=52f3dcc7-e7bb-4419-b8a9-9cfb2a6f8b9e
2025-07-02 12:16:05,823 INFO  - Fetched company for recruiterId=3dc93452-07a2-4843-a650-c7faed6fc07c
2025-07-02 12:16:05,826 INFO  - Fetched company for recruiterId=52f3dcc7-e7bb-4419-b8a9-9cfb2a6f8b9e
2025-07-02 12:16:05,833 INFO  - Fetched company for recruiterId=3dc93452-07a2-4843-a650-c7faed6fc07c
2025-07-02 12:16:05,835 INFO  - Fetched company for recruiterId=52f3dcc7-e7bb-4419-b8a9-9cfb2a6f8b9e
2025-07-02 12:16:05,846 INFO  - Fetched company for recruiterId=52f3dcc7-e7bb-4419-b8a9-9cfb2a6f8b9e
2025-07-02 12:16:05,855 INFO  - Fetched company for recruiterId=52f3dcc7-e7bb-4419-b8a9-9cfb2a6f8b9e
2025-07-02 12:16:05,863 INFO  - Fetched company for recruiterId=52f3dcc7-e7bb-4419-b8a9-9cfb2a6f8b9e
2025-07-02 12:16:05,879 INFO  - Fetched company for recruiterId=52f3dcc7-e7bb-4419-b8a9-9cfb2a6f8b9e
2025-07-02 12:16:05,893 INFO  - Fetched company for recruiterId=52f3dcc7-e7bb-4419-b8a9-9cfb2a6f8b9e
2025-07-02 12:16:05,900 INFO  - Fetched company for recruiterId=52f3dcc7-e7bb-4419-b8a9-9cfb2a6f8b9e
2025-07-02 12:16:05,908 INFO  - Fetched company for recruiterId=52f3dcc7-e7bb-4419-b8a9-9cfb2a6f8b9e
2025-07-02 12:16:05,920 INFO  - Fetched company for recruiterId=52f3dcc7-e7bb-4419-b8a9-9cfb2a6f8b9e
2025-07-02 12:16:05,955 INFO  - Fetched company for recruiterId=52f3dcc7-e7bb-4419-b8a9-9cfb2a6f8b9e
2025-07-02 12:16:05,968 INFO  - Fetched company for recruiterId=52f3dcc7-e7bb-4419-b8a9-9cfb2a6f8b9e
2025-07-02 12:16:05,976 INFO  - Fetched company for recruiterId=52f3dcc7-e7bb-4419-b8a9-9cfb2a6f8b9e
2025-07-02 12:16:05,992 INFO  - Fetched company for recruiterId=52f3dcc7-e7bb-4419-b8a9-9cfb2a6f8b9e
2025-07-02 12:16:12,984 INFO  - Fetched company for recruiterId=585999a5-de05-4b90-bbe4-5cc916da48a2
2025-07-02 12:16:18,424 INFO  - Fetched company for recruiterId=585999a5-de05-4b90-bbe4-5cc916da48a2
2025-07-02 12:16:18,424 INFO  - Fetched company for recruiterId=3dc93452-07a2-4843-a650-c7faed6fc07c
2025-07-02 12:16:18,433 INFO  - Fetched company for recruiterId=585999a5-de05-4b90-bbe4-5cc916da48a2
2025-07-02 12:16:18,441 INFO  - Fetched company for recruiterId=585999a5-de05-4b90-bbe4-5cc916da48a2
2025-07-02 12:16:18,450 INFO  - Fetched company for recruiterId=585999a5-de05-4b90-bbe4-5cc916da48a2
2025-07-02 12:16:32,581 INFO  - Updated seeker details for muthukaruppan2@gmail.com (ID: 1a09fe0c-e924-498f-815b-43a70a24e5c8)
2025-07-02 12:52:19,339 INFO  - User logged in: muthu@gmail.com
2025-07-02 12:52:37,922 INFO  - Updated education records for seeker muthu@gmail.com (ID: 637f3638-b296-4f0d-bb3c-5a65a7f8baed)
2025-07-02 12:52:55,979 INFO  - Updated education records for seeker muthu@gmail.com (ID: 637f3638-b296-4f0d-bb3c-5a65a7f8baed)
2025-07-02 12:52:57,192 INFO  - Updated education records for seeker muthu@gmail.com (ID: 637f3638-b296-4f0d-bb3c-5a65a7f8baed)
2025-07-02 12:53:00,176 INFO  - Updated experiences for seeker muthu@gmail.com (ID: 637f3638-b296-4f0d-bb3c-5a65a7f8baed)
2025-07-02 12:53:01,357 INFO  - Updated education records for seeker muthu@gmail.com (ID: 637f3638-b296-4f0d-bb3c-5a65a7f8baed)
2025-07-02 12:53:02,031 INFO  - Updated education records for seeker muthu@gmail.com (ID: 637f3638-b296-4f0d-bb3c-5a65a7f8baed)
2025-07-02 12:53:04,437 INFO  - Updated education records for seeker muthu@gmail.com (ID: 637f3638-b296-4f0d-bb3c-5a65a7f8baed)
2025-07-02 12:53:08,814 INFO  - Updated education records for seeker muthu@gmail.com (ID: 637f3638-b296-4f0d-bb3c-5a65a7f8baed)
2025-07-02 12:53:12,633 INFO  - Updated education records for seeker muthu@gmail.com (ID: 637f3638-b296-4f0d-bb3c-5a65a7f8baed)
2025-07-02 12:53:22,540 INFO  - Updated education records for seeker muthu@gmail.com (ID: 637f3638-b296-4f0d-bb3c-5a65a7f8baed)
2025-07-02 12:53:23,576 INFO  - Updated education records for seeker muthu@gmail.com (ID: 637f3638-b296-4f0d-bb3c-5a65a7f8baed)
2025-07-02 12:53:24,084 INFO  - Updated education records for seeker muthu@gmail.com (ID: 637f3638-b296-4f0d-bb3c-5a65a7f8baed)
2025-07-02 12:53:24,292 INFO  - Updated education records for seeker muthu@gmail.com (ID: 637f3638-b296-4f0d-bb3c-5a65a7f8baed)
2025-07-02 12:53:24,513 INFO  - Updated education records for seeker muthu@gmail.com (ID: 637f3638-b296-4f0d-bb3c-5a65a7f8baed)
2025-07-02 12:53:24,718 INFO  - Updated education records for seeker muthu@gmail.com (ID: 637f3638-b296-4f0d-bb3c-5a65a7f8baed)
2025-07-02 12:53:24,919 INFO  - Updated education records for seeker muthu@gmail.com (ID: 637f3638-b296-4f0d-bb3c-5a65a7f8baed)
2025-07-02 12:53:25,123 INFO  - Updated education records for seeker muthu@gmail.com (ID: 637f3638-b296-4f0d-bb3c-5a65a7f8baed)
2025-07-02 12:53:25,327 INFO  - Updated education records for seeker muthu@gmail.com (ID: 637f3638-b296-4f0d-bb3c-5a65a7f8baed)
2025-07-02 12:53:30,300 INFO  - Updated education records for seeker muthu@gmail.com (ID: 637f3638-b296-4f0d-bb3c-5a65a7f8baed)
2025-07-02 12:53:32,238 INFO  - Updated experiences for seeker muthu@gmail.com (ID: 637f3638-b296-4f0d-bb3c-5a65a7f8baed)
2025-07-02 12:53:34,087 INFO  - Updated education records for seeker muthu@gmail.com (ID: 637f3638-b296-4f0d-bb3c-5a65a7f8baed)
2025-07-02 12:54:19,601 INFO  - Updated education records for seeker muthu@gmail.com (ID: 637f3638-b296-4f0d-bb3c-5a65a7f8baed)
2025-07-02 12:54:40,710 INFO  - Fetched all company names.
2025-07-02 12:54:40,782 INFO  - Fetched company for recruiterId=585999a5-de05-4b90-bbe4-5cc916da48a2
2025-07-02 12:54:40,790 INFO  - Fetched company for recruiterId=3dc93452-07a2-4843-a650-c7faed6fc07c
2025-07-02 12:54:40,802 INFO  - Fetched company for recruiterId=585999a5-de05-4b90-bbe4-5cc916da48a2
2025-07-02 12:54:40,810 INFO  - Fetched company for recruiterId=3dc93452-07a2-4843-a650-c7faed6fc07c
2025-07-02 12:54:40,810 INFO  - Fetched company for recruiterId=52f3dcc7-e7bb-4419-b8a9-9cfb2a6f8b9e
2025-07-02 12:54:40,823 INFO  - Fetched company for recruiterId=52f3dcc7-e7bb-4419-b8a9-9cfb2a6f8b9e
2025-07-02 12:54:40,832 INFO  - Fetched company for recruiterId=52f3dcc7-e7bb-4419-b8a9-9cfb2a6f8b9e
2025-07-02 12:54:40,841 INFO  - Fetched company for recruiterId=52f3dcc7-e7bb-4419-b8a9-9cfb2a6f8b9e
2025-07-02 12:54:40,846 INFO  - Fetched company for recruiterId=585999a5-de05-4b90-bbe4-5cc916da48a2
2025-07-02 12:54:40,857 INFO  - Fetched company for recruiterId=52f3dcc7-e7bb-4419-b8a9-9cfb2a6f8b9e
2025-07-02 12:54:40,868 INFO  - Fetched company for recruiterId=585999a5-de05-4b90-bbe4-5cc916da48a2
2025-07-02 12:54:40,925 INFO  - Fetched company for recruiterId=585999a5-de05-4b90-bbe4-5cc916da48a2
2025-07-02 12:54:40,925 INFO  - Fetched company for recruiterId=3dc93452-07a2-4843-a650-c7faed6fc07c
2025-07-02 12:54:40,925 INFO  - Fetched company for recruiterId=52f3dcc7-e7bb-4419-b8a9-9cfb2a6f8b9e
2025-07-02 12:54:40,950 INFO  - Fetched company for recruiterId=52f3dcc7-e7bb-4419-b8a9-9cfb2a6f8b9e
2025-07-02 12:54:40,952 INFO  - Fetched company for recruiterId=3dc93452-07a2-4843-a650-c7faed6fc07c
2025-07-02 12:54:40,979 INFO  - Fetched company for recruiterId=52f3dcc7-e7bb-4419-b8a9-9cfb2a6f8b9e
2025-07-02 12:54:40,994 INFO  - Fetched company for recruiterId=52f3dcc7-e7bb-4419-b8a9-9cfb2a6f8b9e
2025-07-02 12:54:41,010 INFO  - Fetched company for recruiterId=52f3dcc7-e7bb-4419-b8a9-9cfb2a6f8b9e
2025-07-02 12:54:41,029 INFO  - Fetched company for recruiterId=52f3dcc7-e7bb-4419-b8a9-9cfb2a6f8b9e
2025-07-02 12:54:41,050 INFO  - Fetched company for recruiterId=52f3dcc7-e7bb-4419-b8a9-9cfb2a6f8b9e
2025-07-02 12:54:41,066 INFO  - Fetched company for recruiterId=52f3dcc7-e7bb-4419-b8a9-9cfb2a6f8b9e
2025-07-02 12:54:41,081 INFO  - Fetched company for recruiterId=52f3dcc7-e7bb-4419-b8a9-9cfb2a6f8b9e
2025-07-02 12:54:41,094 INFO  - Fetched company for recruiterId=52f3dcc7-e7bb-4419-b8a9-9cfb2a6f8b9e
2025-07-02 12:54:41,107 INFO  - Fetched company for recruiterId=52f3dcc7-e7bb-4419-b8a9-9cfb2a6f8b9e
2025-07-02 12:54:57,079 INFO  - Updated education records for seeker muthu@gmail.com (ID: 637f3638-b296-4f0d-bb3c-5a65a7f8baed)
2025-07-02 12:54:59,443 INFO  - Fetched company for recruiterId=585999a5-de05-4b90-bbe4-5cc916da48a2
2025-07-02 12:54:59,452 INFO  - Fetched company for recruiterId=585999a5-de05-4b90-bbe4-5cc916da48a2
2025-07-02 12:54:59,459 INFO  - Fetched company for recruiterId=585999a5-de05-4b90-bbe4-5cc916da48a2
2025-07-02 12:54:59,465 INFO  - Fetched company for recruiterId=585999a5-de05-4b90-bbe4-5cc916da48a2
2025-07-02 12:54:59,472 INFO  - Fetched company for recruiterId=585999a5-de05-4b90-bbe4-5cc916da48a2
2025-07-02 12:55:00,642 INFO  - Fetched company for recruiterId=585999a5-de05-4b90-bbe4-5cc916da48a2
2025-07-02 12:55:00,657 INFO  - Fetched company for recruiterId=585999a5-de05-4b90-bbe4-5cc916da48a2
2025-07-02 12:55:00,676 INFO  - Fetched company for recruiterId=585999a5-de05-4b90-bbe4-5cc916da48a2
2025-07-02 12:55:00,699 INFO  - Fetched company for recruiterId=585999a5-de05-4b90-bbe4-5cc916da48a2
2025-07-02 12:55:00,712 INFO  - Fetched company for recruiterId=585999a5-de05-4b90-bbe4-5cc916da48a2
2025-07-02 12:55:26,092 INFO  - Updated experiences for seeker muthu@gmail.com (ID: 637f3638-b296-4f0d-bb3c-5a65a7f8baed)
2025-07-02 12:55:51,050 INFO  - Fetched all company names.
2025-07-02 12:55:51,101 INFO  - Fetched company for recruiterId=3dc93452-07a2-4843-a650-c7faed6fc07c
2025-07-02 12:55:51,101 INFO  - Fetched company for recruiterId=585999a5-de05-4b90-bbe4-5cc916da48a2
2025-07-02 12:55:51,107 INFO  - Fetched company for recruiterId=52f3dcc7-e7bb-4419-b8a9-9cfb2a6f8b9e
2025-07-02 12:55:51,112 INFO  - Fetched company for recruiterId=585999a5-de05-4b90-bbe4-5cc916da48a2
2025-07-02 12:55:51,112 INFO  - Fetched company for recruiterId=3dc93452-07a2-4843-a650-c7faed6fc07c
2025-07-02 12:55:51,117 INFO  - Fetched company for recruiterId=52f3dcc7-e7bb-4419-b8a9-9cfb2a6f8b9e
2025-07-02 12:55:51,123 INFO  - Fetched company for recruiterId=585999a5-de05-4b90-bbe4-5cc916da48a2
2025-07-02 12:55:51,125 INFO  - Fetched company for recruiterId=3dc93452-07a2-4843-a650-c7faed6fc07c
2025-07-02 12:55:51,127 INFO  - Fetched company for recruiterId=52f3dcc7-e7bb-4419-b8a9-9cfb2a6f8b9e
2025-07-02 12:55:51,136 INFO  - Fetched company for recruiterId=585999a5-de05-4b90-bbe4-5cc916da48a2
2025-07-02 12:55:51,141 INFO  - Fetched company for recruiterId=52f3dcc7-e7bb-4419-b8a9-9cfb2a6f8b9e
2025-07-02 12:55:51,142 INFO  - Fetched company for recruiterId=3dc93452-07a2-4843-a650-c7faed6fc07c
2025-07-02 12:55:51,150 INFO  - Fetched company for recruiterId=585999a5-de05-4b90-bbe4-5cc916da48a2
2025-07-02 12:55:51,152 INFO  - Fetched company for recruiterId=52f3dcc7-e7bb-4419-b8a9-9cfb2a6f8b9e
2025-07-02 12:55:51,165 INFO  - Fetched company for recruiterId=52f3dcc7-e7bb-4419-b8a9-9cfb2a6f8b9e
2025-07-02 12:55:51,174 INFO  - Fetched company for recruiterId=52f3dcc7-e7bb-4419-b8a9-9cfb2a6f8b9e
2025-07-02 12:55:51,183 INFO  - Fetched company for recruiterId=52f3dcc7-e7bb-4419-b8a9-9cfb2a6f8b9e
2025-07-02 12:55:51,192 INFO  - Fetched company for recruiterId=52f3dcc7-e7bb-4419-b8a9-9cfb2a6f8b9e
2025-07-02 12:55:51,201 INFO  - Fetched company for recruiterId=52f3dcc7-e7bb-4419-b8a9-9cfb2a6f8b9e
2025-07-02 12:55:51,212 INFO  - Fetched company for recruiterId=52f3dcc7-e7bb-4419-b8a9-9cfb2a6f8b9e
2025-07-02 12:55:51,220 INFO  - Fetched company for recruiterId=52f3dcc7-e7bb-4419-b8a9-9cfb2a6f8b9e
2025-07-02 12:55:51,233 INFO  - Fetched company for recruiterId=52f3dcc7-e7bb-4419-b8a9-9cfb2a6f8b9e
2025-07-02 12:55:51,240 INFO  - Fetched company for recruiterId=52f3dcc7-e7bb-4419-b8a9-9cfb2a6f8b9e
2025-07-02 12:55:51,250 INFO  - Fetched company for recruiterId=52f3dcc7-e7bb-4419-b8a9-9cfb2a6f8b9e
2025-07-02 12:55:51,261 INFO  - Fetched company for recruiterId=52f3dcc7-e7bb-4419-b8a9-9cfb2a6f8b9e
2025-07-02 12:55:51,663 INFO  - Fetched company for recruiterId=585999a5-de05-4b90-bbe4-5cc916da48a2
2025-07-02 12:55:51,670 INFO  - Fetched company for recruiterId=585999a5-de05-4b90-bbe4-5cc916da48a2
2025-07-02 12:55:51,676 INFO  - Fetched company for recruiterId=585999a5-de05-4b90-bbe4-5cc916da48a2
2025-07-02 12:55:51,687 INFO  - Fetched company for recruiterId=585999a5-de05-4b90-bbe4-5cc916da48a2
2025-07-02 12:55:51,694 INFO  - Fetched company for recruiterId=585999a5-de05-4b90-bbe4-5cc916da48a2
2025-07-02 12:55:58,692 INFO  - Fetched company for recruiterId=585999a5-de05-4b90-bbe4-5cc916da48a2
2025-07-02 12:55:59,162 INFO  - Fetched all company names.
2025-07-02 12:55:59,209 INFO  - Fetched company for recruiterId=585999a5-de05-4b90-bbe4-5cc916da48a2
2025-07-02 12:55:59,209 INFO  - Fetched company for recruiterId=3dc93452-07a2-4843-a650-c7faed6fc07c
2025-07-02 12:55:59,213 INFO  - Fetched company for recruiterId=52f3dcc7-e7bb-4419-b8a9-9cfb2a6f8b9e
2025-07-02 12:55:59,217 INFO  - Fetched company for recruiterId=585999a5-de05-4b90-bbe4-5cc916da48a2
2025-07-02 12:55:59,218 INFO  - Fetched company for recruiterId=3dc93452-07a2-4843-a650-c7faed6fc07c
2025-07-02 12:55:59,220 INFO  - Fetched company for recruiterId=52f3dcc7-e7bb-4419-b8a9-9cfb2a6f8b9e
2025-07-02 12:55:59,231 INFO  - Fetched company for recruiterId=3dc93452-07a2-4843-a650-c7faed6fc07c
2025-07-02 12:55:59,231 INFO  - Fetched company for recruiterId=585999a5-de05-4b90-bbe4-5cc916da48a2
2025-07-02 12:55:59,235 INFO  - Fetched company for recruiterId=52f3dcc7-e7bb-4419-b8a9-9cfb2a6f8b9e
2025-07-02 12:55:59,242 INFO  - Fetched company for recruiterId=585999a5-de05-4b90-bbe4-5cc916da48a2
2025-07-02 12:55:59,254 INFO  - Fetched company for recruiterId=3dc93452-07a2-4843-a650-c7faed6fc07c
2025-07-02 12:55:59,262 INFO  - Fetched company for recruiterId=52f3dcc7-e7bb-4419-b8a9-9cfb2a6f8b9e
2025-07-02 12:55:59,265 INFO  - Fetched company for recruiterId=585999a5-de05-4b90-bbe4-5cc916da48a2
2025-07-02 12:55:59,272 INFO  - Fetched company for recruiterId=52f3dcc7-e7bb-4419-b8a9-9cfb2a6f8b9e
2025-07-02 12:55:59,280 INFO  - Fetched company for recruiterId=52f3dcc7-e7bb-4419-b8a9-9cfb2a6f8b9e
2025-07-02 12:55:59,291 INFO  - Fetched company for recruiterId=52f3dcc7-e7bb-4419-b8a9-9cfb2a6f8b9e
2025-07-02 12:55:59,299 INFO  - Fetched company for recruiterId=52f3dcc7-e7bb-4419-b8a9-9cfb2a6f8b9e
2025-07-02 12:55:59,309 INFO  - Fetched company for recruiterId=52f3dcc7-e7bb-4419-b8a9-9cfb2a6f8b9e
2025-07-02 12:55:59,319 INFO  - Fetched company for recruiterId=52f3dcc7-e7bb-4419-b8a9-9cfb2a6f8b9e
2025-07-02 12:55:59,329 INFO  - Fetched company for recruiterId=52f3dcc7-e7bb-4419-b8a9-9cfb2a6f8b9e
2025-07-02 12:55:59,339 INFO  - Fetched company for recruiterId=52f3dcc7-e7bb-4419-b8a9-9cfb2a6f8b9e
2025-07-02 12:55:59,349 INFO  - Fetched company for recruiterId=52f3dcc7-e7bb-4419-b8a9-9cfb2a6f8b9e
2025-07-02 12:55:59,356 INFO  - Fetched company for recruiterId=52f3dcc7-e7bb-4419-b8a9-9cfb2a6f8b9e
2025-07-02 12:55:59,369 INFO  - Fetched company for recruiterId=52f3dcc7-e7bb-4419-b8a9-9cfb2a6f8b9e
2025-07-02 12:55:59,376 INFO  - Fetched company for recruiterId=52f3dcc7-e7bb-4419-b8a9-9cfb2a6f8b9e
2025-07-02 12:56:04,958 INFO  - Fetched company for recruiterId=585999a5-de05-4b90-bbe4-5cc916da48a2
2025-07-02 12:56:04,962 INFO  - Fetched company for recruiterId=52f3dcc7-e7bb-4419-b8a9-9cfb2a6f8b9e
2025-07-02 12:56:04,962 INFO  - Fetched company for recruiterId=3dc93452-07a2-4843-a650-c7faed6fc07c
2025-07-02 12:56:04,968 INFO  - Fetched company for recruiterId=585999a5-de05-4b90-bbe4-5cc916da48a2
2025-07-02 12:56:04,971 INFO  - Fetched company for recruiterId=52f3dcc7-e7bb-4419-b8a9-9cfb2a6f8b9e
2025-07-02 12:56:04,976 INFO  - Fetched company for recruiterId=585999a5-de05-4b90-bbe4-5cc916da48a2
2025-07-02 12:56:04,983 INFO  - Fetched company for recruiterId=585999a5-de05-4b90-bbe4-5cc916da48a2
2025-07-02 12:56:04,984 INFO  - Fetched company for recruiterId=52f3dcc7-e7bb-4419-b8a9-9cfb2a6f8b9e
2025-07-02 12:56:04,991 INFO  - Fetched company for recruiterId=585999a5-de05-4b90-bbe4-5cc916da48a2
2025-07-02 12:56:04,992 INFO  - Fetched company for recruiterId=52f3dcc7-e7bb-4419-b8a9-9cfb2a6f8b9e
2025-07-02 12:56:59,899 INFO  - Fetched company for recruiterId=585999a5-de05-4b90-bbe4-5cc916da48a2
2025-07-02 12:56:59,903 INFO  - Fetched company for recruiterId=3dc93452-07a2-4843-a650-c7faed6fc07c
2025-07-02 12:56:59,907 INFO  - Fetched company for recruiterId=52f3dcc7-e7bb-4419-b8a9-9cfb2a6f8b9e
2025-07-02 12:56:59,913 INFO  - Fetched company for recruiterId=585999a5-de05-4b90-bbe4-5cc916da48a2
2025-07-02 12:56:59,918 INFO  - Fetched company for recruiterId=52f3dcc7-e7bb-4419-b8a9-9cfb2a6f8b9e
2025-07-02 12:56:59,925 INFO  - Fetched company for recruiterId=585999a5-de05-4b90-bbe4-5cc916da48a2
2025-07-02 12:56:59,929 INFO  - Fetched company for recruiterId=52f3dcc7-e7bb-4419-b8a9-9cfb2a6f8b9e
2025-07-02 12:56:59,937 INFO  - Fetched company for recruiterId=585999a5-de05-4b90-bbe4-5cc916da48a2
2025-07-02 12:56:59,938 INFO  - Fetched company for recruiterId=52f3dcc7-e7bb-4419-b8a9-9cfb2a6f8b9e
2025-07-02 12:56:59,946 INFO  - Fetched company for recruiterId=585999a5-de05-4b90-bbe4-5cc916da48a2
2025-07-02 12:57:07,997 INFO  - Fetched company for recruiterId=585999a5-de05-4b90-bbe4-5cc916da48a2
2025-07-02 12:57:07,999 INFO  - Fetched company for recruiterId=52f3dcc7-e7bb-4419-b8a9-9cfb2a6f8b9e
2025-07-02 12:57:07,999 INFO  - Fetched company for recruiterId=3dc93452-07a2-4843-a650-c7faed6fc07c
2025-07-02 12:57:08,007 INFO  - Fetched company for recruiterId=585999a5-de05-4b90-bbe4-5cc916da48a2
2025-07-02 12:57:08,014 INFO  - Fetched company for recruiterId=52f3dcc7-e7bb-4419-b8a9-9cfb2a6f8b9e
2025-07-02 12:57:08,020 INFO  - Fetched company for recruiterId=585999a5-de05-4b90-bbe4-5cc916da48a2
2025-07-02 12:57:08,029 INFO  - Fetched company for recruiterId=52f3dcc7-e7bb-4419-b8a9-9cfb2a6f8b9e
2025-07-02 12:57:08,034 INFO  - Fetched company for recruiterId=585999a5-de05-4b90-bbe4-5cc916da48a2
2025-07-02 12:57:08,045 INFO  - Fetched company for recruiterId=52f3dcc7-e7bb-4419-b8a9-9cfb2a6f8b9e
2025-07-02 12:57:08,058 INFO  - Fetched company for recruiterId=585999a5-de05-4b90-bbe4-5cc916da48a2
2025-07-02 12:58:30,483 INFO  - Fetched all skills.
2025-07-02 12:58:44,654 INFO  - Fetched all skills.
2025-07-02 12:59:43,256 INFO  - Fetched all skills.
2025-07-02 12:59:50,219 INFO  - Fetched all skills.
2025-07-02 13:00:24,928 INFO  - Fetched all skills.
2025-07-02 13:00:32,461 INFO  - Fetched all skills.
2025-07-02 13:00:49,355 INFO  - Fetched all company names.
2025-07-02 13:00:49,408 INFO  - Fetched company for recruiterId=585999a5-de05-4b90-bbe4-5cc916da48a2
2025-07-02 13:00:49,416 INFO  - Fetched company for recruiterId=585999a5-de05-4b90-bbe4-5cc916da48a2
2025-07-02 13:00:49,418 INFO  - Fetched company for recruiterId=3dc93452-07a2-4843-a650-c7faed6fc07c
2025-07-02 13:00:49,425 INFO  - Fetched company for recruiterId=585999a5-de05-4b90-bbe4-5cc916da48a2
2025-07-02 13:00:49,428 INFO  - Fetched company for recruiterId=3dc93452-07a2-4843-a650-c7faed6fc07c
2025-07-02 13:00:49,432 INFO  - Fetched company for recruiterId=52f3dcc7-e7bb-4419-b8a9-9cfb2a6f8b9e
2025-07-02 13:00:49,435 INFO  - Fetched company for recruiterId=585999a5-de05-4b90-bbe4-5cc916da48a2
2025-07-02 13:00:49,445 INFO  - Fetched company for recruiterId=585999a5-de05-4b90-bbe4-5cc916da48a2
2025-07-02 13:00:49,450 INFO  - Fetched company for recruiterId=52f3dcc7-e7bb-4419-b8a9-9cfb2a6f8b9e
2025-07-02 13:00:49,459 INFO  - Fetched company for recruiterId=52f3dcc7-e7bb-4419-b8a9-9cfb2a6f8b9e
2025-07-02 13:00:49,471 INFO  - Fetched company for recruiterId=52f3dcc7-e7bb-4419-b8a9-9cfb2a6f8b9e
2025-07-02 13:00:49,491 INFO  - Fetched company for recruiterId=3dc93452-07a2-4843-a650-c7faed6fc07c
2025-07-02 13:00:49,494 INFO  - Fetched company for recruiterId=52f3dcc7-e7bb-4419-b8a9-9cfb2a6f8b9e
2025-07-02 13:00:49,514 INFO  - Fetched company for recruiterId=52f3dcc7-e7bb-4419-b8a9-9cfb2a6f8b9e
2025-07-02 13:00:49,515 INFO  - Fetched company for recruiterId=3dc93452-07a2-4843-a650-c7faed6fc07c
2025-07-02 13:00:49,538 INFO  - Fetched company for recruiterId=52f3dcc7-e7bb-4419-b8a9-9cfb2a6f8b9e
2025-07-02 13:00:49,561 INFO  - Fetched company for recruiterId=52f3dcc7-e7bb-4419-b8a9-9cfb2a6f8b9e
2025-07-02 13:00:49,581 INFO  - Fetched company for recruiterId=52f3dcc7-e7bb-4419-b8a9-9cfb2a6f8b9e
2025-07-02 13:00:49,627 INFO  - Fetched company for recruiterId=52f3dcc7-e7bb-4419-b8a9-9cfb2a6f8b9e
2025-07-02 13:00:49,656 INFO  - Fetched company for recruiterId=52f3dcc7-e7bb-4419-b8a9-9cfb2a6f8b9e
2025-07-02 13:00:49,670 INFO  - Fetched company for recruiterId=52f3dcc7-e7bb-4419-b8a9-9cfb2a6f8b9e
2025-07-02 13:00:49,686 INFO  - Fetched company for recruiterId=52f3dcc7-e7bb-4419-b8a9-9cfb2a6f8b9e
2025-07-02 13:00:49,706 INFO  - Fetched company for recruiterId=52f3dcc7-e7bb-4419-b8a9-9cfb2a6f8b9e
2025-07-02 13:00:49,721 INFO  - Fetched company for recruiterId=52f3dcc7-e7bb-4419-b8a9-9cfb2a6f8b9e
2025-07-02 13:00:49,736 INFO  - Fetched company for recruiterId=52f3dcc7-e7bb-4419-b8a9-9cfb2a6f8b9e
2025-07-02 13:00:54,304 INFO  - Fetched all skills.
2025-07-02 13:03:22,119 INFO  - Fetched all skills.
2025-07-02 13:03:36,341 INFO  - Fetched all skills.
2025-07-02 13:04:12,393 INFO  - Fetched all skills.
2025-07-02 13:04:49,478 INFO  - Fetched all skills.
2025-07-02 13:04:52,234 INFO  - Fetched all skills.
2025-07-02 13:05:08,225 INFO  - Fetched all skills.
2025-07-02 13:05:37,274 INFO  - Fetched all skills.
2025-07-02 13:07:38,731 INFO  - Fetched all skills.
2025-07-02 13:09:16,128 INFO  - Updated skills for seeker muthu@gmail.com (ID: 637f3638-b296-4f0d-bb3c-5a65a7f8baed) with skills: React
2025-07-02 13:09:28,225 INFO  - Updated skills for seeker muthu@gmail.com (ID: 637f3638-b296-4f0d-bb3c-5a65a7f8baed) with skills: React
2025-07-02 13:09:33,822 INFO  - Updated skills for seeker muthu@gmail.com (ID: 637f3638-b296-4f0d-bb3c-5a65a7f8baed) with skills: React, Node.js
2025-07-02 13:11:45,275 INFO  - Fetched all skills.
2025-07-02 13:12:38,168 INFO  - Fetched all skills.
2025-07-02 13:12:50,212 INFO  - Fetched all skills.
2025-07-02 13:12:55,149 INFO  - Fetched all skills.
2025-07-02 13:13:09,350 INFO  - Fetched all skills.
2025-07-02 13:13:19,999 INFO  - Fetched all skills.
2025-07-02 13:13:35,853 INFO  - Fetched all skills.
2025-07-02 13:13:38,096 INFO  - Fetched all skills.
2025-07-02 13:13:47,851 INFO  - Fetched all skills.
2025-07-02 13:13:51,994 INFO  - Fetched all skills.
2025-07-02 13:14:43,123 INFO  - User logged in: muthu@gmail.com
2025-07-02 13:14:46,822 INFO  - Fetched all skills.
2025-07-02 13:15:13,183 INFO  - Fetched all skills.
2025-07-02 13:15:14,539 INFO  - Fetched company for recruiterId=585999a5-de05-4b90-bbe4-5cc916da48a2
2025-07-02 13:15:14,548 INFO  - Fetched company for recruiterId=3dc93452-07a2-4843-a650-c7faed6fc07c
2025-07-02 13:15:14,605 INFO  - Fetched company for recruiterId=585999a5-de05-4b90-bbe4-5cc916da48a2
2025-07-02 13:15:14,642 INFO  - Fetched company for recruiterId=585999a5-de05-4b90-bbe4-5cc916da48a2
2025-07-02 13:15:14,709 INFO  - Fetched company for recruiterId=585999a5-de05-4b90-bbe4-5cc916da48a2
2025-07-02 13:15:16,231 INFO  - Fetched company for recruiterId=585999a5-de05-4b90-bbe4-5cc916da48a2
2025-07-02 13:15:16,235 INFO  - Fetched company for recruiterId=3dc93452-07a2-4843-a650-c7faed6fc07c
2025-07-02 13:15:16,255 INFO  - Fetched company for recruiterId=585999a5-de05-4b90-bbe4-5cc916da48a2
2025-07-02 13:15:16,279 INFO  - Fetched company for recruiterId=585999a5-de05-4b90-bbe4-5cc916da48a2
2025-07-02 13:15:16,304 INFO  - Fetched company for recruiterId=585999a5-de05-4b90-bbe4-5cc916da48a2
2025-07-02 13:15:28,039 INFO  - Fetched company for recruiterId=585999a5-de05-4b90-bbe4-5cc916da48a2
2025-07-02 13:15:28,045 INFO  - Fetched company for recruiterId=3dc93452-07a2-4843-a650-c7faed6fc07c
2025-07-02 13:15:28,053 INFO  - Fetched company for recruiterId=585999a5-de05-4b90-bbe4-5cc916da48a2
2025-07-02 13:15:28,077 INFO  - Fetched company for recruiterId=585999a5-de05-4b90-bbe4-5cc916da48a2
2025-07-02 13:15:28,091 INFO  - Fetched company for recruiterId=585999a5-de05-4b90-bbe4-5cc916da48a2
2025-07-02 13:16:21,893 INFO  - User logged in: muthu@gmail.com
2025-07-02 13:16:26,651 INFO  - Fetched all skills.
2025-07-02 13:16:29,501 INFO  - Fetched company for recruiterId=585999a5-de05-4b90-bbe4-5cc916da48a2
2025-07-02 13:16:29,508 INFO  - Fetched company for recruiterId=585999a5-de05-4b90-bbe4-5cc916da48a2
2025-07-02 13:16:29,508 INFO  - Fetched company for recruiterId=3dc93452-07a2-4843-a650-c7faed6fc07c
2025-07-02 13:16:29,534 INFO  - Fetched company for recruiterId=585999a5-de05-4b90-bbe4-5cc916da48a2
2025-07-02 13:16:29,545 INFO  - Fetched company for recruiterId=585999a5-de05-4b90-bbe4-5cc916da48a2
2025-07-02 13:16:30,789 INFO  - Fetched company for recruiterId=585999a5-de05-4b90-bbe4-5cc916da48a2
2025-07-02 13:16:30,798 INFO  - Fetched company for recruiterId=3dc93452-07a2-4843-a650-c7faed6fc07c
2025-07-02 13:16:30,799 INFO  - Fetched company for recruiterId=585999a5-de05-4b90-bbe4-5cc916da48a2
2025-07-02 13:16:30,826 INFO  - Fetched company for recruiterId=3dc93452-07a2-4843-a650-c7faed6fc07c
2025-07-02 13:16:30,827 INFO  - Fetched company for recruiterId=52f3dcc7-e7bb-4419-b8a9-9cfb2a6f8b9e
2025-07-02 13:16:30,849 INFO  - Fetched company for recruiterId=52f3dcc7-e7bb-4419-b8a9-9cfb2a6f8b9e
2025-07-02 13:16:30,876 INFO  - Fetched company for recruiterId=52f3dcc7-e7bb-4419-b8a9-9cfb2a6f8b9e
2025-07-02 13:16:30,882 INFO  - Fetched company for recruiterId=585999a5-de05-4b90-bbe4-5cc916da48a2
2025-07-02 13:16:30,891 INFO  - Fetched company for recruiterId=585999a5-de05-4b90-bbe4-5cc916da48a2
2025-07-02 13:16:30,901 INFO  - Fetched company for recruiterId=585999a5-de05-4b90-bbe4-5cc916da48a2
2025-07-02 13:16:31,596 INFO  - Fetched company for recruiterId=52f3dcc7-e7bb-4419-b8a9-9cfb2a6f8b9e
2025-07-02 13:16:31,597 INFO  - Fetched company for recruiterId=3dc93452-07a2-4843-a650-c7faed6fc07c
2025-07-02 13:16:31,631 INFO  - Fetched company for recruiterId=3dc93452-07a2-4843-a650-c7faed6fc07c
2025-07-02 13:16:31,634 INFO  - Fetched company for recruiterId=52f3dcc7-e7bb-4419-b8a9-9cfb2a6f8b9e
2025-07-02 13:16:31,646 INFO  - Fetched company for recruiterId=52f3dcc7-e7bb-4419-b8a9-9cfb2a6f8b9e
2025-07-02 13:16:31,682 INFO  - Fetched company for recruiterId=52f3dcc7-e7bb-4419-b8a9-9cfb2a6f8b9e
2025-07-02 13:16:31,737 INFO  - Fetched company for recruiterId=52f3dcc7-e7bb-4419-b8a9-9cfb2a6f8b9e
2025-07-02 13:16:31,749 INFO  - Fetched company for recruiterId=52f3dcc7-e7bb-4419-b8a9-9cfb2a6f8b9e
2025-07-02 13:16:31,775 INFO  - Fetched company for recruiterId=52f3dcc7-e7bb-4419-b8a9-9cfb2a6f8b9e
2025-07-02 13:16:31,803 INFO  - Fetched company for recruiterId=52f3dcc7-e7bb-4419-b8a9-9cfb2a6f8b9e
2025-07-02 13:16:31,828 INFO  - Fetched company for recruiterId=52f3dcc7-e7bb-4419-b8a9-9cfb2a6f8b9e
2025-07-02 13:16:31,839 INFO  - Fetched company for recruiterId=52f3dcc7-e7bb-4419-b8a9-9cfb2a6f8b9e
2025-07-02 13:16:31,850 INFO  - Fetched company for recruiterId=52f3dcc7-e7bb-4419-b8a9-9cfb2a6f8b9e
2025-07-02 13:16:31,859 INFO  - Fetched company for recruiterId=52f3dcc7-e7bb-4419-b8a9-9cfb2a6f8b9e
2025-07-02 13:16:31,878 INFO  - Fetched company for recruiterId=52f3dcc7-e7bb-4419-b8a9-9cfb2a6f8b9e
2025-07-02 13:16:33,576 INFO  - Fetched all company names.
2025-07-02 13:16:33,629 INFO  - Fetched company for recruiterId=585999a5-de05-4b90-bbe4-5cc916da48a2
2025-07-02 13:16:33,629 INFO  - Fetched company for recruiterId=3dc93452-07a2-4843-a650-c7faed6fc07c
2025-07-02 13:16:33,637 INFO  - Fetched company for recruiterId=585999a5-de05-4b90-bbe4-5cc916da48a2
2025-07-02 13:16:33,643 INFO  - Fetched company for recruiterId=3dc93452-07a2-4843-a650-c7faed6fc07c
2025-07-02 13:16:33,647 INFO  - Fetched company for recruiterId=52f3dcc7-e7bb-4419-b8a9-9cfb2a6f8b9e
2025-07-02 13:16:33,649 INFO  - Fetched company for recruiterId=585999a5-de05-4b90-bbe4-5cc916da48a2
2025-07-02 13:16:33,657 INFO  - Fetched company for recruiterId=52f3dcc7-e7bb-4419-b8a9-9cfb2a6f8b9e
2025-07-02 13:16:33,658 INFO  - Fetched company for recruiterId=585999a5-de05-4b90-bbe4-5cc916da48a2
2025-07-02 13:16:33,677 INFO  - Fetched company for recruiterId=585999a5-de05-4b90-bbe4-5cc916da48a2
2025-07-02 13:16:33,678 INFO  - Fetched company for recruiterId=52f3dcc7-e7bb-4419-b8a9-9cfb2a6f8b9e
2025-07-02 13:16:33,687 INFO  - Fetched company for recruiterId=52f3dcc7-e7bb-4419-b8a9-9cfb2a6f8b9e
2025-07-02 13:16:33,703 INFO  - Fetched company for recruiterId=52f3dcc7-e7bb-4419-b8a9-9cfb2a6f8b9e
2025-07-02 13:16:33,742 INFO  - Fetched company for recruiterId=3dc93452-07a2-4843-a650-c7faed6fc07c
2025-07-02 13:16:33,752 INFO  - Fetched company for recruiterId=52f3dcc7-e7bb-4419-b8a9-9cfb2a6f8b9e
2025-07-02 13:16:33,758 INFO  - Fetched company for recruiterId=3dc93452-07a2-4843-a650-c7faed6fc07c
2025-07-02 13:16:33,779 INFO  - Fetched company for recruiterId=52f3dcc7-e7bb-4419-b8a9-9cfb2a6f8b9e
2025-07-02 13:16:33,789 INFO  - Fetched company for recruiterId=52f3dcc7-e7bb-4419-b8a9-9cfb2a6f8b9e
2025-07-02 13:16:33,800 INFO  - Fetched company for recruiterId=52f3dcc7-e7bb-4419-b8a9-9cfb2a6f8b9e
2025-07-02 13:16:33,825 INFO  - Fetched company for recruiterId=52f3dcc7-e7bb-4419-b8a9-9cfb2a6f8b9e
2025-07-02 13:16:33,836 INFO  - Fetched company for recruiterId=52f3dcc7-e7bb-4419-b8a9-9cfb2a6f8b9e
2025-07-02 13:16:33,856 INFO  - Fetched company for recruiterId=52f3dcc7-e7bb-4419-b8a9-9cfb2a6f8b9e
2025-07-02 13:16:33,878 INFO  - Fetched company for recruiterId=52f3dcc7-e7bb-4419-b8a9-9cfb2a6f8b9e
2025-07-02 13:16:33,888 INFO  - Fetched company for recruiterId=52f3dcc7-e7bb-4419-b8a9-9cfb2a6f8b9e
2025-07-02 13:16:33,903 INFO  - Fetched company for recruiterId=52f3dcc7-e7bb-4419-b8a9-9cfb2a6f8b9e
2025-07-02 13:16:33,930 INFO  - Fetched company for recruiterId=52f3dcc7-e7bb-4419-b8a9-9cfb2a6f8b9e
2025-07-02 13:16:38,637 INFO  - Fetched all company names.
2025-07-02 13:16:38,694 INFO  - Fetched company for recruiterId=585999a5-de05-4b90-bbe4-5cc916da48a2
2025-07-02 13:16:38,702 INFO  - Fetched company for recruiterId=3dc93452-07a2-4843-a650-c7faed6fc07c
2025-07-02 13:16:38,706 INFO  - Fetched company for recruiterId=585999a5-de05-4b90-bbe4-5cc916da48a2
2025-07-02 13:16:38,728 INFO  - Fetched company for recruiterId=3dc93452-07a2-4843-a650-c7faed6fc07c
2025-07-02 13:16:38,729 INFO  - Fetched company for recruiterId=585999a5-de05-4b90-bbe4-5cc916da48a2
2025-07-02 13:16:38,730 INFO  - Fetched company for recruiterId=52f3dcc7-e7bb-4419-b8a9-9cfb2a6f8b9e
2025-07-02 13:16:38,741 INFO  - Fetched company for recruiterId=52f3dcc7-e7bb-4419-b8a9-9cfb2a6f8b9e
2025-07-02 13:16:38,744 INFO  - Fetched company for recruiterId=585999a5-de05-4b90-bbe4-5cc916da48a2
2025-07-02 13:16:38,751 INFO  - Fetched company for recruiterId=52f3dcc7-e7bb-4419-b8a9-9cfb2a6f8b9e
2025-07-02 13:16:38,758 INFO  - Fetched company for recruiterId=585999a5-de05-4b90-bbe4-5cc916da48a2
2025-07-02 13:16:38,780 INFO  - Fetched company for recruiterId=52f3dcc7-e7bb-4419-b8a9-9cfb2a6f8b9e
2025-07-02 13:16:38,782 INFO  - Fetched company for recruiterId=3dc93452-07a2-4843-a650-c7faed6fc07c
2025-07-02 13:16:38,800 INFO  - Fetched company for recruiterId=52f3dcc7-e7bb-4419-b8a9-9cfb2a6f8b9e
2025-07-02 13:16:38,801 INFO  - Fetched company for recruiterId=3dc93452-07a2-4843-a650-c7faed6fc07c
2025-07-02 13:16:38,811 INFO  - Fetched company for recruiterId=52f3dcc7-e7bb-4419-b8a9-9cfb2a6f8b9e
2025-07-02 13:16:38,831 INFO  - Fetched company for recruiterId=52f3dcc7-e7bb-4419-b8a9-9cfb2a6f8b9e
2025-07-02 13:16:38,840 INFO  - Fetched company for recruiterId=52f3dcc7-e7bb-4419-b8a9-9cfb2a6f8b9e
2025-07-02 13:16:38,857 INFO  - Fetched company for recruiterId=52f3dcc7-e7bb-4419-b8a9-9cfb2a6f8b9e
2025-07-02 13:16:38,878 INFO  - Fetched company for recruiterId=52f3dcc7-e7bb-4419-b8a9-9cfb2a6f8b9e
2025-07-02 13:16:38,887 INFO  - Fetched company for recruiterId=52f3dcc7-e7bb-4419-b8a9-9cfb2a6f8b9e
2025-07-02 13:16:38,896 INFO  - Fetched company for recruiterId=52f3dcc7-e7bb-4419-b8a9-9cfb2a6f8b9e
2025-07-02 13:16:38,904 INFO  - Fetched company for recruiterId=52f3dcc7-e7bb-4419-b8a9-9cfb2a6f8b9e
2025-07-02 13:16:38,931 INFO  - Fetched company for recruiterId=52f3dcc7-e7bb-4419-b8a9-9cfb2a6f8b9e
2025-07-02 13:16:38,938 INFO  - Fetched company for recruiterId=52f3dcc7-e7bb-4419-b8a9-9cfb2a6f8b9e
2025-07-02 13:16:38,951 INFO  - Fetched company for recruiterId=52f3dcc7-e7bb-4419-b8a9-9cfb2a6f8b9e
2025-07-02 13:16:39,487 INFO  - Fetched company for recruiterId=3dc93452-07a2-4843-a650-c7faed6fc07c
2025-07-02 13:16:39,490 INFO  - Fetched company for recruiterId=585999a5-de05-4b90-bbe4-5cc916da48a2
2025-07-02 13:16:39,502 INFO  - Fetched company for recruiterId=585999a5-de05-4b90-bbe4-5cc916da48a2
2025-07-02 13:16:39,503 INFO  - Fetched company for recruiterId=3dc93452-07a2-4843-a650-c7faed6fc07c
2025-07-02 13:16:39,508 INFO  - Fetched company for recruiterId=52f3dcc7-e7bb-4419-b8a9-9cfb2a6f8b9e
2025-07-02 13:16:39,538 INFO  - Fetched company for recruiterId=585999a5-de05-4b90-bbe4-5cc916da48a2
2025-07-02 13:16:39,538 INFO  - Fetched company for recruiterId=52f3dcc7-e7bb-4419-b8a9-9cfb2a6f8b9e
2025-07-02 13:16:39,545 INFO  - Fetched company for recruiterId=585999a5-de05-4b90-bbe4-5cc916da48a2
2025-07-02 13:16:39,546 INFO  - Fetched company for recruiterId=52f3dcc7-e7bb-4419-b8a9-9cfb2a6f8b9e
2025-07-02 13:16:39,553 INFO  - Fetched company for recruiterId=585999a5-de05-4b90-bbe4-5cc916da48a2
2025-07-02 13:16:40,327 INFO  - Fetched all company names.
2025-07-02 13:16:40,381 INFO  - Fetched company for recruiterId=585999a5-de05-4b90-bbe4-5cc916da48a2
2025-07-02 13:16:40,390 INFO  - Fetched company for recruiterId=3dc93452-07a2-4843-a650-c7faed6fc07c
2025-07-02 13:16:40,427 INFO  - Fetched company for recruiterId=52f3dcc7-e7bb-4419-b8a9-9cfb2a6f8b9e
2025-07-02 13:16:40,431 INFO  - Fetched company for recruiterId=585999a5-de05-4b90-bbe4-5cc916da48a2
2025-07-02 13:16:40,437 INFO  - Fetched company for recruiterId=3dc93452-07a2-4843-a650-c7faed6fc07c
2025-07-02 13:16:40,443 INFO  - Fetched company for recruiterId=52f3dcc7-e7bb-4419-b8a9-9cfb2a6f8b9e
2025-07-02 13:16:40,445 INFO  - Fetched company for recruiterId=585999a5-de05-4b90-bbe4-5cc916da48a2
2025-07-02 13:16:40,481 INFO  - Fetched company for recruiterId=52f3dcc7-e7bb-4419-b8a9-9cfb2a6f8b9e
2025-07-02 13:16:40,483 INFO  - Fetched company for recruiterId=585999a5-de05-4b90-bbe4-5cc916da48a2
2025-07-02 13:16:40,483 INFO  - Fetched company for recruiterId=3dc93452-07a2-4843-a650-c7faed6fc07c
2025-07-02 13:16:40,505 INFO  - Fetched company for recruiterId=3dc93452-07a2-4843-a650-c7faed6fc07c
2025-07-02 13:16:40,505 INFO  - Fetched company for recruiterId=585999a5-de05-4b90-bbe4-5cc916da48a2
2025-07-02 13:16:40,505 INFO  - Fetched company for recruiterId=52f3dcc7-e7bb-4419-b8a9-9cfb2a6f8b9e
2025-07-02 13:16:40,528 INFO  - Fetched company for recruiterId=52f3dcc7-e7bb-4419-b8a9-9cfb2a6f8b9e
2025-07-02 13:16:40,537 INFO  - Fetched company for recruiterId=52f3dcc7-e7bb-4419-b8a9-9cfb2a6f8b9e
2025-07-02 13:16:40,545 INFO  - Fetched company for recruiterId=52f3dcc7-e7bb-4419-b8a9-9cfb2a6f8b9e
2025-07-02 13:16:40,555 INFO  - Fetched company for recruiterId=52f3dcc7-e7bb-4419-b8a9-9cfb2a6f8b9e
2025-07-02 13:16:40,590 INFO  - Fetched company for recruiterId=52f3dcc7-e7bb-4419-b8a9-9cfb2a6f8b9e
2025-07-02 13:16:40,602 INFO  - Fetched company for recruiterId=52f3dcc7-e7bb-4419-b8a9-9cfb2a6f8b9e
2025-07-02 13:16:40,627 INFO  - Fetched company for recruiterId=52f3dcc7-e7bb-4419-b8a9-9cfb2a6f8b9e
2025-07-02 13:16:40,676 INFO  - Fetched company for recruiterId=52f3dcc7-e7bb-4419-b8a9-9cfb2a6f8b9e
2025-07-02 13:16:40,685 INFO  - Fetched company for recruiterId=52f3dcc7-e7bb-4419-b8a9-9cfb2a6f8b9e
2025-07-02 13:16:40,695 INFO  - Fetched company for recruiterId=52f3dcc7-e7bb-4419-b8a9-9cfb2a6f8b9e
2025-07-02 13:16:40,707 INFO  - Fetched company for recruiterId=52f3dcc7-e7bb-4419-b8a9-9cfb2a6f8b9e
2025-07-02 13:16:40,733 INFO  - Fetched company for recruiterId=52f3dcc7-e7bb-4419-b8a9-9cfb2a6f8b9e
2025-07-02 13:16:43,933 INFO  - Fetched company for recruiterId=585999a5-de05-4b90-bbe4-5cc916da48a2
2025-07-02 13:16:45,387 INFO  - Fetched all company names.
2025-07-02 13:16:45,442 INFO  - Fetched company for recruiterId=585999a5-de05-4b90-bbe4-5cc916da48a2
2025-07-02 13:16:45,443 INFO  - Fetched company for recruiterId=52f3dcc7-e7bb-4419-b8a9-9cfb2a6f8b9e
2025-07-02 13:16:45,443 INFO  - Fetched company for recruiterId=3dc93452-07a2-4843-a650-c7faed6fc07c
2025-07-02 13:16:45,453 INFO  - Fetched company for recruiterId=585999a5-de05-4b90-bbe4-5cc916da48a2
2025-07-02 13:16:45,455 INFO  - Fetched company for recruiterId=3dc93452-07a2-4843-a650-c7faed6fc07c
2025-07-02 13:16:45,456 INFO  - Fetched company for recruiterId=52f3dcc7-e7bb-4419-b8a9-9cfb2a6f8b9e
2025-07-02 13:16:45,478 INFO  - Fetched company for recruiterId=585999a5-de05-4b90-bbe4-5cc916da48a2
2025-07-02 13:16:45,478 INFO  - Fetched company for recruiterId=52f3dcc7-e7bb-4419-b8a9-9cfb2a6f8b9e
2025-07-02 13:16:45,478 INFO  - Fetched company for recruiterId=3dc93452-07a2-4843-a650-c7faed6fc07c
2025-07-02 13:16:45,489 INFO  - Fetched company for recruiterId=3dc93452-07a2-4843-a650-c7faed6fc07c
2025-07-02 13:16:45,489 INFO  - Fetched company for recruiterId=52f3dcc7-e7bb-4419-b8a9-9cfb2a6f8b9e
2025-07-02 13:16:45,490 INFO  - Fetched company for recruiterId=585999a5-de05-4b90-bbe4-5cc916da48a2
2025-07-02 13:16:45,498 INFO  - Fetched company for recruiterId=585999a5-de05-4b90-bbe4-5cc916da48a2
2025-07-02 13:16:45,498 INFO  - Fetched company for recruiterId=52f3dcc7-e7bb-4419-b8a9-9cfb2a6f8b9e
2025-07-02 13:16:45,508 INFO  - Fetched company for recruiterId=52f3dcc7-e7bb-4419-b8a9-9cfb2a6f8b9e
2025-07-02 13:16:45,528 INFO  - Fetched company for recruiterId=52f3dcc7-e7bb-4419-b8a9-9cfb2a6f8b9e
2025-07-02 13:16:45,535 INFO  - Fetched company for recruiterId=52f3dcc7-e7bb-4419-b8a9-9cfb2a6f8b9e
2025-07-02 13:16:45,543 INFO  - Fetched company for recruiterId=52f3dcc7-e7bb-4419-b8a9-9cfb2a6f8b9e
2025-07-02 13:16:45,551 INFO  - Fetched company for recruiterId=52f3dcc7-e7bb-4419-b8a9-9cfb2a6f8b9e
2025-07-02 13:16:45,577 INFO  - Fetched company for recruiterId=52f3dcc7-e7bb-4419-b8a9-9cfb2a6f8b9e
2025-07-02 13:16:45,585 INFO  - Fetched company for recruiterId=52f3dcc7-e7bb-4419-b8a9-9cfb2a6f8b9e
2025-07-02 13:16:45,593 INFO  - Fetched company for recruiterId=52f3dcc7-e7bb-4419-b8a9-9cfb2a6f8b9e
2025-07-02 13:16:45,602 INFO  - Fetched company for recruiterId=52f3dcc7-e7bb-4419-b8a9-9cfb2a6f8b9e
2025-07-02 13:16:45,628 INFO  - Fetched company for recruiterId=52f3dcc7-e7bb-4419-b8a9-9cfb2a6f8b9e
2025-07-02 13:16:45,635 INFO  - Fetched company for recruiterId=52f3dcc7-e7bb-4419-b8a9-9cfb2a6f8b9e
2025-07-02 13:21:50,632 INFO  - Fetched company for recruiterId=585999a5-de05-4b90-bbe4-5cc916da48a2
2025-07-02 13:32:03,262 INFO  - Fetched company for recruiterId=585999a5-de05-4b90-bbe4-5cc916da48a2
2025-07-02 13:32:25,215 INFO  - User logged out: muthu@gmail.com
2025-07-02 13:32:33,451 INFO  - User logged in: muthukaruppanaakash76@gmail.com
2025-07-02 13:32:36,400 INFO  - Fetched all skills.
2025-07-02 13:33:49,955 INFO  - Fetched company for recruiterId=3dc93452-07a2-4843-a650-c7faed6fc07c
2025-07-02 13:33:49,964 INFO  - Fetched company for recruiterId=3dc93452-07a2-4843-a650-c7faed6fc07c
2025-07-02 13:33:49,971 INFO  - Fetched company for recruiterId=3dc93452-07a2-4843-a650-c7faed6fc07c
2025-07-02 13:33:49,978 INFO  - Fetched company for recruiterId=3dc93452-07a2-4843-a650-c7faed6fc07c
2025-07-02 13:33:51,423 INFO  - Fetched all skills.
2025-07-02 13:33:53,453 INFO  - Fetched all skills.
2025-07-02 13:35:10,382 INFO  - JobPost added by recruiter: 3dc93452-07a2-4843-a650-c7faed6fc07c, Job Title: Frontend Developer
2025-07-02 13:35:13,075 INFO  - Fetched company for recruiterId=3dc93452-07a2-4843-a650-c7faed6fc07c
2025-07-02 13:35:13,082 INFO  - Fetched company for recruiterId=3dc93452-07a2-4843-a650-c7faed6fc07c
2025-07-02 13:35:13,090 INFO  - Fetched company for recruiterId=3dc93452-07a2-4843-a650-c7faed6fc07c
2025-07-02 13:35:13,099 INFO  - Fetched company for recruiterId=3dc93452-07a2-4843-a650-c7faed6fc07c
2025-07-02 13:35:13,110 INFO  - Fetched company for recruiterId=3dc93452-07a2-4843-a650-c7faed6fc07c
2025-07-02 13:35:20,824 INFO  - Fetched company for recruiterId=3dc93452-07a2-4843-a650-c7faed6fc07c
2025-07-02 13:35:20,832 INFO  - Fetched company for recruiterId=3dc93452-07a2-4843-a650-c7faed6fc07c
2025-07-02 13:35:20,840 INFO  - Fetched company for recruiterId=3dc93452-07a2-4843-a650-c7faed6fc07c
2025-07-02 13:35:20,845 INFO  - Fetched company for recruiterId=3dc93452-07a2-4843-a650-c7faed6fc07c
2025-07-02 13:35:20,854 INFO  - Fetched company for recruiterId=3dc93452-07a2-4843-a650-c7faed6fc07c
2025-07-02 13:36:21,202 INFO  - Fetched company for recruiterId=3dc93452-07a2-4843-a650-c7faed6fc07c
2025-07-02 13:36:21,210 INFO  - Fetched company for recruiterId=3dc93452-07a2-4843-a650-c7faed6fc07c
2025-07-02 13:36:21,216 INFO  - Fetched company for recruiterId=3dc93452-07a2-4843-a650-c7faed6fc07c
2025-07-02 13:36:21,223 INFO  - Fetched company for recruiterId=3dc93452-07a2-4843-a650-c7faed6fc07c
2025-07-02 13:36:21,231 INFO  - Fetched company for recruiterId=3dc93452-07a2-4843-a650-c7faed6fc07c
2025-07-02 13:36:33,107 INFO  - Fetched company for recruiterId=3dc93452-07a2-4843-a650-c7faed6fc07c
2025-07-02 13:36:33,113 INFO  - Fetched company for recruiterId=3dc93452-07a2-4843-a650-c7faed6fc07c
2025-07-02 13:36:33,119 INFO  - Fetched company for recruiterId=3dc93452-07a2-4843-a650-c7faed6fc07c
2025-07-02 13:36:33,125 INFO  - Fetched company for recruiterId=3dc93452-07a2-4843-a650-c7faed6fc07c
2025-07-02 13:36:33,130 INFO  - Fetched company for recruiterId=3dc93452-07a2-4843-a650-c7faed6fc07c
2025-07-02 13:36:37,105 INFO  - Fetched company for recruiterId=3dc93452-07a2-4843-a650-c7faed6fc07c
2025-07-02 13:36:37,115 INFO  - Fetched company for recruiterId=3dc93452-07a2-4843-a650-c7faed6fc07c
2025-07-02 13:36:37,122 INFO  - Fetched company for recruiterId=3dc93452-07a2-4843-a650-c7faed6fc07c
2025-07-02 13:36:37,129 INFO  - Fetched company for recruiterId=3dc93452-07a2-4843-a650-c7faed6fc07c
2025-07-02 13:36:37,138 INFO  - Fetched company for recruiterId=3dc93452-07a2-4843-a650-c7faed6fc07c
2025-07-02 13:36:41,025 INFO  - Fetched company for recruiterId=3dc93452-07a2-4843-a650-c7faed6fc07c
2025-07-02 13:36:41,036 INFO  - Fetched company for recruiterId=3dc93452-07a2-4843-a650-c7faed6fc07c
2025-07-02 13:36:41,043 INFO  - Fetched company for recruiterId=3dc93452-07a2-4843-a650-c7faed6fc07c
2025-07-02 13:36:41,049 INFO  - Fetched company for recruiterId=3dc93452-07a2-4843-a650-c7faed6fc07c
2025-07-02 13:36:41,056 INFO  - Fetched company for recruiterId=3dc93452-07a2-4843-a650-c7faed6fc07c
2025-07-02 13:36:51,456 INFO  - Fetched company for recruiterId=3dc93452-07a2-4843-a650-c7faed6fc07c
2025-07-02 13:36:51,465 INFO  - Fetched company for recruiterId=3dc93452-07a2-4843-a650-c7faed6fc07c
2025-07-02 13:36:51,472 INFO  - Fetched company for recruiterId=3dc93452-07a2-4843-a650-c7faed6fc07c
2025-07-02 13:36:51,479 INFO  - Fetched company for recruiterId=3dc93452-07a2-4843-a650-c7faed6fc07c
2025-07-02 13:36:51,488 INFO  - Fetched company for recruiterId=3dc93452-07a2-4843-a650-c7faed6fc07c
2025-07-02 13:36:57,613 INFO  - Fetched company for recruiterId=3dc93452-07a2-4843-a650-c7faed6fc07c
2025-07-02 13:36:57,626 INFO  - Fetched company for recruiterId=3dc93452-07a2-4843-a650-c7faed6fc07c
2025-07-02 13:36:57,636 INFO  - Fetched company for recruiterId=3dc93452-07a2-4843-a650-c7faed6fc07c
2025-07-02 13:36:57,645 INFO  - Fetched company for recruiterId=3dc93452-07a2-4843-a650-c7faed6fc07c
2025-07-02 13:36:57,657 INFO  - Fetched company for recruiterId=3dc93452-07a2-4843-a650-c7faed6fc07c
2025-07-02 13:36:59,156 INFO  - Fetched company for recruiterId=3dc93452-07a2-4843-a650-c7faed6fc07c
2025-07-02 13:36:59,171 INFO  - Fetched company for recruiterId=3dc93452-07a2-4843-a650-c7faed6fc07c
2025-07-02 13:36:59,180 INFO  - Fetched company for recruiterId=3dc93452-07a2-4843-a650-c7faed6fc07c
2025-07-02 13:36:59,196 INFO  - Fetched company for recruiterId=3dc93452-07a2-4843-a650-c7faed6fc07c
2025-07-02 13:36:59,213 INFO  - Fetched company for recruiterId=3dc93452-07a2-4843-a650-c7faed6fc07c
2025-07-02 13:37:17,247 INFO  - Fetched company for recruiterId=3dc93452-07a2-4843-a650-c7faed6fc07c
2025-07-02 13:37:17,255 INFO  - Fetched company for recruiterId=3dc93452-07a2-4843-a650-c7faed6fc07c
2025-07-02 13:37:17,263 INFO  - Fetched company for recruiterId=3dc93452-07a2-4843-a650-c7faed6fc07c
2025-07-02 13:37:17,272 INFO  - Fetched company for recruiterId=3dc93452-07a2-4843-a650-c7faed6fc07c
2025-07-02 13:37:17,285 INFO  - Fetched company for recruiterId=3dc93452-07a2-4843-a650-c7faed6fc07c
2025-07-02 13:37:57,353 INFO  - Fetched company for recruiterId=3dc93452-07a2-4843-a650-c7faed6fc07c
2025-07-02 13:37:57,359 INFO  - Fetched company for recruiterId=3dc93452-07a2-4843-a650-c7faed6fc07c
2025-07-02 13:37:57,368 INFO  - Fetched company for recruiterId=3dc93452-07a2-4843-a650-c7faed6fc07c
2025-07-02 13:37:57,376 INFO  - Fetched company for recruiterId=3dc93452-07a2-4843-a650-c7faed6fc07c
2025-07-02 13:37:57,382 INFO  - Fetched company for recruiterId=3dc93452-07a2-4843-a650-c7faed6fc07c
2025-07-02 13:38:19,253 INFO  - Fetched company for recruiterId=3dc93452-07a2-4843-a650-c7faed6fc07c
2025-07-02 13:38:19,259 INFO  - Fetched company for recruiterId=3dc93452-07a2-4843-a650-c7faed6fc07c
2025-07-02 13:38:19,265 INFO  - Fetched company for recruiterId=3dc93452-07a2-4843-a650-c7faed6fc07c
2025-07-02 13:38:19,272 INFO  - Fetched company for recruiterId=3dc93452-07a2-4843-a650-c7faed6fc07c
2025-07-02 13:38:19,278 INFO  - Fetched company for recruiterId=3dc93452-07a2-4843-a650-c7faed6fc07c
2025-07-02 13:38:21,394 INFO  - Fetched company for recruiterId=3dc93452-07a2-4843-a650-c7faed6fc07c
2025-07-02 13:38:21,402 INFO  - Fetched company for recruiterId=3dc93452-07a2-4843-a650-c7faed6fc07c
2025-07-02 13:38:21,409 INFO  - Fetched company for recruiterId=3dc93452-07a2-4843-a650-c7faed6fc07c
2025-07-02 13:38:21,415 INFO  - Fetched company for recruiterId=3dc93452-07a2-4843-a650-c7faed6fc07c
2025-07-02 13:38:21,421 INFO  - Fetched company for recruiterId=3dc93452-07a2-4843-a650-c7faed6fc07c
2025-07-02 13:38:23,737 INFO  - Fetched company for recruiterId=3dc93452-07a2-4843-a650-c7faed6fc07c
2025-07-02 13:38:23,743 INFO  - Fetched company for recruiterId=3dc93452-07a2-4843-a650-c7faed6fc07c
2025-07-02 13:38:23,748 INFO  - Fetched company for recruiterId=3dc93452-07a2-4843-a650-c7faed6fc07c
2025-07-02 13:38:23,756 INFO  - Fetched company for recruiterId=3dc93452-07a2-4843-a650-c7faed6fc07c
2025-07-02 13:38:23,765 INFO  - Fetched company for recruiterId=3dc93452-07a2-4843-a650-c7faed6fc07c
2025-07-02 13:38:51,388 INFO  - Fetched company for recruiterId=3dc93452-07a2-4843-a650-c7faed6fc07c
2025-07-02 13:38:51,395 INFO  - Fetched company for recruiterId=3dc93452-07a2-4843-a650-c7faed6fc07c
2025-07-02 13:38:51,403 INFO  - Fetched company for recruiterId=3dc93452-07a2-4843-a650-c7faed6fc07c
2025-07-02 13:38:51,409 INFO  - Fetched company for recruiterId=3dc93452-07a2-4843-a650-c7faed6fc07c
2025-07-02 13:38:51,415 INFO  - Fetched company for recruiterId=3dc93452-07a2-4843-a650-c7faed6fc07c
2025-07-02 13:39:07,478 INFO  - Fetched company for recruiterId=3dc93452-07a2-4843-a650-c7faed6fc07c
2025-07-02 13:39:07,484 INFO  - Fetched company for recruiterId=3dc93452-07a2-4843-a650-c7faed6fc07c
2025-07-02 13:39:07,494 INFO  - Fetched company for recruiterId=3dc93452-07a2-4843-a650-c7faed6fc07c
2025-07-02 13:39:07,503 INFO  - Fetched company for recruiterId=3dc93452-07a2-4843-a650-c7faed6fc07c
2025-07-02 13:39:07,515 INFO  - Fetched company for recruiterId=3dc93452-07a2-4843-a650-c7faed6fc07c
2025-07-02 13:39:10,811 INFO  - Fetched all skills.
2025-07-02 13:39:20,830 INFO  - User logged out: muthukaruppanaakash76@gmail.com
2025-07-02 13:39:33,369 INFO  - User logged in: muthu@gmail.com
2025-07-02 13:39:37,631 INFO  - Fetched company for recruiterId=585999a5-de05-4b90-bbe4-5cc916da48a2
2025-07-02 13:39:37,631 INFO  - Fetched company for recruiterId=3dc93452-07a2-4843-a650-c7faed6fc07c
2025-07-02 13:39:37,638 INFO  - Fetched company for recruiterId=3dc93452-07a2-4843-a650-c7faed6fc07c
2025-07-02 13:39:37,648 INFO  - Fetched company for recruiterId=3dc93452-07a2-4843-a650-c7faed6fc07c
2025-07-02 13:39:39,370 INFO  - Fetched all company names.
2025-07-02 13:39:39,430 INFO  - Fetched company for recruiterId=585999a5-de05-4b90-bbe4-5cc916da48a2
2025-07-02 13:39:39,430 INFO  - Fetched company for recruiterId=3dc93452-07a2-4843-a650-c7faed6fc07c
2025-07-02 13:39:39,440 INFO  - Fetched company for recruiterId=3dc93452-07a2-4843-a650-c7faed6fc07c
2025-07-02 13:39:39,440 INFO  - Fetched company for recruiterId=585999a5-de05-4b90-bbe4-5cc916da48a2
2025-07-02 13:39:39,449 INFO  - Fetched company for recruiterId=52f3dcc7-e7bb-4419-b8a9-9cfb2a6f8b9e
2025-07-02 13:39:39,452 INFO  - Fetched company for recruiterId=3dc93452-07a2-4843-a650-c7faed6fc07c
2025-07-02 13:39:39,452 INFO  - Fetched company for recruiterId=585999a5-de05-4b90-bbe4-5cc916da48a2
2025-07-02 13:39:39,465 INFO  - Fetched company for recruiterId=585999a5-de05-4b90-bbe4-5cc916da48a2
2025-07-02 13:39:39,465 INFO  - Fetched company for recruiterId=3dc93452-07a2-4843-a650-c7faed6fc07c
2025-07-02 13:39:39,466 INFO  - Fetched company for recruiterId=52f3dcc7-e7bb-4419-b8a9-9cfb2a6f8b9e
2025-07-02 13:39:39,478 INFO  - Fetched company for recruiterId=585999a5-de05-4b90-bbe4-5cc916da48a2
2025-07-02 13:39:39,480 INFO  - Fetched company for recruiterId=3dc93452-07a2-4843-a650-c7faed6fc07c
2025-07-02 13:39:39,481 INFO  - Fetched company for recruiterId=52f3dcc7-e7bb-4419-b8a9-9cfb2a6f8b9e
2025-07-02 13:39:39,491 INFO  - Fetched company for recruiterId=52f3dcc7-e7bb-4419-b8a9-9cfb2a6f8b9e
2025-07-02 13:39:39,513 INFO  - Fetched company for recruiterId=52f3dcc7-e7bb-4419-b8a9-9cfb2a6f8b9e
2025-07-02 13:39:39,520 INFO  - Fetched company for recruiterId=52f3dcc7-e7bb-4419-b8a9-9cfb2a6f8b9e
2025-07-02 13:39:39,529 INFO  - Fetched company for recruiterId=52f3dcc7-e7bb-4419-b8a9-9cfb2a6f8b9e
2025-07-02 13:39:39,538 INFO  - Fetched company for recruiterId=52f3dcc7-e7bb-4419-b8a9-9cfb2a6f8b9e
2025-07-02 13:39:39,547 INFO  - Fetched company for recruiterId=52f3dcc7-e7bb-4419-b8a9-9cfb2a6f8b9e
2025-07-02 13:39:39,556 INFO  - Fetched company for recruiterId=52f3dcc7-e7bb-4419-b8a9-9cfb2a6f8b9e
2025-07-02 13:39:39,563 INFO  - Fetched company for recruiterId=52f3dcc7-e7bb-4419-b8a9-9cfb2a6f8b9e
2025-07-02 13:39:39,573 INFO  - Fetched company for recruiterId=52f3dcc7-e7bb-4419-b8a9-9cfb2a6f8b9e
2025-07-02 13:39:39,581 INFO  - Fetched company for recruiterId=52f3dcc7-e7bb-4419-b8a9-9cfb2a6f8b9e
2025-07-02 13:39:39,591 INFO  - Fetched company for recruiterId=52f3dcc7-e7bb-4419-b8a9-9cfb2a6f8b9e
2025-07-02 13:39:39,599 INFO  - Fetched company for recruiterId=52f3dcc7-e7bb-4419-b8a9-9cfb2a6f8b9e
2025-07-02 13:39:39,611 INFO  - Fetched company for recruiterId=52f3dcc7-e7bb-4419-b8a9-9cfb2a6f8b9e
2025-07-02 13:39:41,477 INFO  - Fetched company for recruiterId=585999a5-de05-4b90-bbe4-5cc916da48a2
2025-07-02 13:39:41,479 INFO  - Fetched company for recruiterId=3dc93452-07a2-4843-a650-c7faed6fc07c
2025-07-02 13:39:41,487 INFO  - Fetched company for recruiterId=3dc93452-07a2-4843-a650-c7faed6fc07c
2025-07-02 13:39:41,495 INFO  - Fetched company for recruiterId=3dc93452-07a2-4843-a650-c7faed6fc07c
2025-07-02 13:39:44,672 INFO  - Fetched company for recruiterId=585999a5-de05-4b90-bbe4-5cc916da48a2
2025-07-02 13:39:44,672 INFO  - Fetched company for recruiterId=3dc93452-07a2-4843-a650-c7faed6fc07c
2025-07-02 13:39:44,679 INFO  - Fetched company for recruiterId=3dc93452-07a2-4843-a650-c7faed6fc07c
2025-07-02 13:39:44,688 INFO  - Fetched company for recruiterId=3dc93452-07a2-4843-a650-c7faed6fc07c
2025-07-02 13:39:45,367 INFO  - Fetched company for recruiterId=585999a5-de05-4b90-bbe4-5cc916da48a2
2025-07-02 13:39:45,375 INFO  - Fetched company for recruiterId=3dc93452-07a2-4843-a650-c7faed6fc07c
2025-07-02 13:39:45,388 INFO  - Fetched company for recruiterId=3dc93452-07a2-4843-a650-c7faed6fc07c
2025-07-02 13:39:45,406 INFO  - Fetched company for recruiterId=3dc93452-07a2-4843-a650-c7faed6fc07c
2025-07-02 13:39:46,436 INFO  - Fetched all company names.
2025-07-02 13:39:46,485 INFO  - Fetched company for recruiterId=585999a5-de05-4b90-bbe4-5cc916da48a2
2025-07-02 13:39:46,486 INFO  - Fetched company for recruiterId=3dc93452-07a2-4843-a650-c7faed6fc07c
2025-07-02 13:39:46,489 INFO  - Fetched company for recruiterId=52f3dcc7-e7bb-4419-b8a9-9cfb2a6f8b9e
2025-07-02 13:39:46,497 INFO  - Fetched company for recruiterId=585999a5-de05-4b90-bbe4-5cc916da48a2
2025-07-02 13:39:46,497 INFO  - Fetched company for recruiterId=3dc93452-07a2-4843-a650-c7faed6fc07c
2025-07-02 13:39:46,499 INFO  - Fetched company for recruiterId=52f3dcc7-e7bb-4419-b8a9-9cfb2a6f8b9e
2025-07-02 13:39:46,505 INFO  - Fetched company for recruiterId=3dc93452-07a2-4843-a650-c7faed6fc07c
2025-07-02 13:39:46,505 INFO  - Fetched company for recruiterId=585999a5-de05-4b90-bbe4-5cc916da48a2
2025-07-02 13:39:46,507 INFO  - Fetched company for recruiterId=52f3dcc7-e7bb-4419-b8a9-9cfb2a6f8b9e
2025-07-02 13:39:46,516 INFO  - Fetched company for recruiterId=3dc93452-07a2-4843-a650-c7faed6fc07c
2025-07-02 13:39:46,516 INFO  - Fetched company for recruiterId=585999a5-de05-4b90-bbe4-5cc916da48a2
2025-07-02 13:39:46,520 INFO  - Fetched company for recruiterId=52f3dcc7-e7bb-4419-b8a9-9cfb2a6f8b9e
2025-07-02 13:39:46,528 INFO  - Fetched company for recruiterId=585999a5-de05-4b90-bbe4-5cc916da48a2
2025-07-02 13:39:46,528 INFO  - Fetched company for recruiterId=3dc93452-07a2-4843-a650-c7faed6fc07c
2025-07-02 13:39:46,531 INFO  - Fetched company for recruiterId=52f3dcc7-e7bb-4419-b8a9-9cfb2a6f8b9e
2025-07-02 13:39:46,541 INFO  - Fetched company for recruiterId=52f3dcc7-e7bb-4419-b8a9-9cfb2a6f8b9e
2025-07-02 13:39:46,552 INFO  - Fetched company for recruiterId=52f3dcc7-e7bb-4419-b8a9-9cfb2a6f8b9e
2025-07-02 13:39:46,562 INFO  - Fetched company for recruiterId=52f3dcc7-e7bb-4419-b8a9-9cfb2a6f8b9e
2025-07-02 13:39:46,572 INFO  - Fetched company for recruiterId=52f3dcc7-e7bb-4419-b8a9-9cfb2a6f8b9e
2025-07-02 13:39:46,582 INFO  - Fetched company for recruiterId=52f3dcc7-e7bb-4419-b8a9-9cfb2a6f8b9e
2025-07-02 13:39:46,592 INFO  - Fetched company for recruiterId=52f3dcc7-e7bb-4419-b8a9-9cfb2a6f8b9e
2025-07-02 13:39:46,601 INFO  - Fetched company for recruiterId=52f3dcc7-e7bb-4419-b8a9-9cfb2a6f8b9e
2025-07-02 13:39:46,611 INFO  - Fetched company for recruiterId=52f3dcc7-e7bb-4419-b8a9-9cfb2a6f8b9e
2025-07-02 13:39:46,622 INFO  - Fetched company for recruiterId=52f3dcc7-e7bb-4419-b8a9-9cfb2a6f8b9e
2025-07-02 13:39:46,633 INFO  - Fetched company for recruiterId=52f3dcc7-e7bb-4419-b8a9-9cfb2a6f8b9e
2025-07-02 13:39:46,644 INFO  - Fetched company for recruiterId=52f3dcc7-e7bb-4419-b8a9-9cfb2a6f8b9e
2025-07-02 13:39:54,420 INFO  - Fetched company for recruiterId=52f3dcc7-e7bb-4419-b8a9-9cfb2a6f8b9e
2025-07-02 13:39:54,420 INFO  - Fetched company for recruiterId=3dc93452-07a2-4843-a650-c7faed6fc07c
2025-07-02 13:39:54,423 INFO  - Fetched company for recruiterId=585999a5-de05-4b90-bbe4-5cc916da48a2
2025-07-02 13:39:54,431 INFO  - Fetched company for recruiterId=585999a5-de05-4b90-bbe4-5cc916da48a2
2025-07-02 13:39:54,431 INFO  - Fetched company for recruiterId=3dc93452-07a2-4843-a650-c7faed6fc07c
2025-07-02 13:39:54,432 INFO  - Fetched company for recruiterId=52f3dcc7-e7bb-4419-b8a9-9cfb2a6f8b9e
2025-07-02 13:39:54,441 INFO  - Fetched company for recruiterId=585999a5-de05-4b90-bbe4-5cc916da48a2
2025-07-02 13:39:54,441 INFO  - Fetched company for recruiterId=3dc93452-07a2-4843-a650-c7faed6fc07c
2025-07-02 13:39:54,442 INFO  - Fetched company for recruiterId=52f3dcc7-e7bb-4419-b8a9-9cfb2a6f8b9e
2025-07-02 13:39:54,452 INFO  - Fetched company for recruiterId=585999a5-de05-4b90-bbe4-5cc916da48a2
2025-07-02 13:39:54,453 INFO  - Fetched company for recruiterId=3dc93452-07a2-4843-a650-c7faed6fc07c
2025-07-02 13:39:54,455 INFO  - Fetched company for recruiterId=52f3dcc7-e7bb-4419-b8a9-9cfb2a6f8b9e
2025-07-02 13:39:54,464 INFO  - Fetched company for recruiterId=585999a5-de05-4b90-bbe4-5cc916da48a2
2025-07-02 13:39:54,468 INFO  - Fetched company for recruiterId=3dc93452-07a2-4843-a650-c7faed6fc07c
2025-07-02 13:39:54,468 INFO  - Fetched company for recruiterId=52f3dcc7-e7bb-4419-b8a9-9cfb2a6f8b9e
2025-07-02 13:39:54,478 INFO  - Fetched company for recruiterId=52f3dcc7-e7bb-4419-b8a9-9cfb2a6f8b9e
2025-07-02 13:39:54,488 INFO  - Fetched company for recruiterId=52f3dcc7-e7bb-4419-b8a9-9cfb2a6f8b9e
2025-07-02 13:39:54,496 INFO  - Fetched company for recruiterId=52f3dcc7-e7bb-4419-b8a9-9cfb2a6f8b9e
2025-07-02 13:40:10,074 INFO  - Fetched company for recruiterId=52f3dcc7-e7bb-4419-b8a9-9cfb2a6f8b9e
2025-07-02 13:40:10,075 INFO  - Fetched company for recruiterId=585999a5-de05-4b90-bbe4-5cc916da48a2
2025-07-02 13:40:10,075 INFO  - Fetched company for recruiterId=3dc93452-07a2-4843-a650-c7faed6fc07c
2025-07-02 13:40:10,086 INFO  - Fetched company for recruiterId=585999a5-de05-4b90-bbe4-5cc916da48a2
2025-07-02 13:40:10,086 INFO  - Fetched company for recruiterId=52f3dcc7-e7bb-4419-b8a9-9cfb2a6f8b9e
2025-07-02 13:40:10,086 INFO  - Fetched company for recruiterId=3dc93452-07a2-4843-a650-c7faed6fc07c
2025-07-02 13:40:10,101 INFO  - Fetched company for recruiterId=585999a5-de05-4b90-bbe4-5cc916da48a2
2025-07-02 13:40:10,102 INFO  - Fetched company for recruiterId=52f3dcc7-e7bb-4419-b8a9-9cfb2a6f8b9e
2025-07-02 13:40:10,103 INFO  - Fetched company for recruiterId=3dc93452-07a2-4843-a650-c7faed6fc07c
2025-07-02 13:40:10,116 INFO  - Fetched company for recruiterId=585999a5-de05-4b90-bbe4-5cc916da48a2
2025-07-02 13:40:10,117 INFO  - Fetched company for recruiterId=3dc93452-07a2-4843-a650-c7faed6fc07c
2025-07-02 13:40:10,117 INFO  - Fetched company for recruiterId=52f3dcc7-e7bb-4419-b8a9-9cfb2a6f8b9e
2025-07-02 13:40:10,129 INFO  - Fetched company for recruiterId=585999a5-de05-4b90-bbe4-5cc916da48a2
2025-07-02 13:40:10,130 INFO  - Fetched company for recruiterId=52f3dcc7-e7bb-4419-b8a9-9cfb2a6f8b9e
2025-07-02 13:40:10,139 INFO  - Fetched company for recruiterId=52f3dcc7-e7bb-4419-b8a9-9cfb2a6f8b9e
2025-07-02 13:40:10,149 INFO  - Fetched company for recruiterId=52f3dcc7-e7bb-4419-b8a9-9cfb2a6f8b9e
2025-07-02 13:40:10,162 INFO  - Fetched company for recruiterId=52f3dcc7-e7bb-4419-b8a9-9cfb2a6f8b9e
2025-07-02 13:40:14,980 INFO  - Fetched company for recruiterId=585999a5-de05-4b90-bbe4-5cc916da48a2
2025-07-02 13:40:14,980 INFO  - Fetched company for recruiterId=3dc93452-07a2-4843-a650-c7faed6fc07c
2025-07-02 13:40:14,982 INFO  - Fetched company for recruiterId=52f3dcc7-e7bb-4419-b8a9-9cfb2a6f8b9e
2025-07-02 13:40:14,990 INFO  - Fetched company for recruiterId=585999a5-de05-4b90-bbe4-5cc916da48a2
2025-07-02 13:40:14,991 INFO  - Fetched company for recruiterId=3dc93452-07a2-4843-a650-c7faed6fc07c
2025-07-02 13:40:14,991 INFO  - Fetched company for recruiterId=52f3dcc7-e7bb-4419-b8a9-9cfb2a6f8b9e
2025-07-02 13:40:15,000 INFO  - Fetched company for recruiterId=3dc93452-07a2-4843-a650-c7faed6fc07c
2025-07-02 13:40:15,001 INFO  - Fetched company for recruiterId=585999a5-de05-4b90-bbe4-5cc916da48a2
2025-07-02 13:40:15,010 INFO  - Fetched company for recruiterId=585999a5-de05-4b90-bbe4-5cc916da48a2
2025-07-02 13:40:15,015 INFO  - Fetched company for recruiterId=585999a5-de05-4b90-bbe4-5cc916da48a2
2025-07-02 13:40:15,419 INFO  - Fetched company for recruiterId=585999a5-de05-4b90-bbe4-5cc916da48a2
2025-07-02 13:40:15,420 INFO  - Fetched company for recruiterId=3dc93452-07a2-4843-a650-c7faed6fc07c
2025-07-02 13:40:15,428 INFO  - Fetched company for recruiterId=3dc93452-07a2-4843-a650-c7faed6fc07c
2025-07-02 13:40:15,434 INFO  - Fetched company for recruiterId=3dc93452-07a2-4843-a650-c7faed6fc07c
2025-07-02 13:40:17,492 INFO  - Fetched all company names.
2025-07-02 13:40:17,530 INFO  - Fetched company for recruiterId=585999a5-de05-4b90-bbe4-5cc916da48a2
2025-07-02 13:40:17,530 INFO  - Fetched company for recruiterId=3dc93452-07a2-4843-a650-c7faed6fc07c
2025-07-02 13:40:17,535 INFO  - Fetched company for recruiterId=52f3dcc7-e7bb-4419-b8a9-9cfb2a6f8b9e
2025-07-02 13:40:17,541 INFO  - Fetched company for recruiterId=585999a5-de05-4b90-bbe4-5cc916da48a2
2025-07-02 13:40:17,541 INFO  - Fetched company for recruiterId=3dc93452-07a2-4843-a650-c7faed6fc07c
2025-07-02 13:40:17,546 INFO  - Fetched company for recruiterId=52f3dcc7-e7bb-4419-b8a9-9cfb2a6f8b9e
2025-07-02 13:40:17,552 INFO  - Fetched company for recruiterId=585999a5-de05-4b90-bbe4-5cc916da48a2
2025-07-02 13:40:17,552 INFO  - Fetched company for recruiterId=3dc93452-07a2-4843-a650-c7faed6fc07c
2025-07-02 13:40:17,555 INFO  - Fetched company for recruiterId=52f3dcc7-e7bb-4419-b8a9-9cfb2a6f8b9e
2025-07-02 13:40:17,563 INFO  - Fetched company for recruiterId=585999a5-de05-4b90-bbe4-5cc916da48a2
2025-07-02 13:40:17,563 INFO  - Fetched company for recruiterId=3dc93452-07a2-4843-a650-c7faed6fc07c
2025-07-02 13:40:17,568 INFO  - Fetched company for recruiterId=52f3dcc7-e7bb-4419-b8a9-9cfb2a6f8b9e
2025-07-02 13:40:17,574 INFO  - Fetched company for recruiterId=585999a5-de05-4b90-bbe4-5cc916da48a2
2025-07-02 13:40:17,574 INFO  - Fetched company for recruiterId=3dc93452-07a2-4843-a650-c7faed6fc07c
2025-07-02 13:40:17,581 INFO  - Fetched company for recruiterId=52f3dcc7-e7bb-4419-b8a9-9cfb2a6f8b9e
2025-07-02 13:40:17,588 INFO  - Fetched company for recruiterId=52f3dcc7-e7bb-4419-b8a9-9cfb2a6f8b9e
2025-07-02 13:40:17,595 INFO  - Fetched company for recruiterId=52f3dcc7-e7bb-4419-b8a9-9cfb2a6f8b9e
2025-07-02 13:40:17,603 INFO  - Fetched company for recruiterId=52f3dcc7-e7bb-4419-b8a9-9cfb2a6f8b9e
2025-07-02 13:40:17,612 INFO  - Fetched company for recruiterId=52f3dcc7-e7bb-4419-b8a9-9cfb2a6f8b9e
2025-07-02 13:40:17,618 INFO  - Fetched company for recruiterId=52f3dcc7-e7bb-4419-b8a9-9cfb2a6f8b9e
2025-07-02 13:40:17,625 INFO  - Fetched company for recruiterId=52f3dcc7-e7bb-4419-b8a9-9cfb2a6f8b9e
2025-07-02 13:40:17,633 INFO  - Fetched company for recruiterId=52f3dcc7-e7bb-4419-b8a9-9cfb2a6f8b9e
2025-07-02 13:40:17,639 INFO  - Fetched company for recruiterId=52f3dcc7-e7bb-4419-b8a9-9cfb2a6f8b9e
2025-07-02 13:40:17,649 INFO  - Fetched company for recruiterId=52f3dcc7-e7bb-4419-b8a9-9cfb2a6f8b9e
2025-07-02 13:40:17,661 INFO  - Fetched company for recruiterId=52f3dcc7-e7bb-4419-b8a9-9cfb2a6f8b9e
2025-07-02 13:40:17,669 INFO  - Fetched company for recruiterId=52f3dcc7-e7bb-4419-b8a9-9cfb2a6f8b9e
2025-07-02 13:40:18,032 INFO  - Fetched company for recruiterId=585999a5-de05-4b90-bbe4-5cc916da48a2
2025-07-02 13:40:18,035 INFO  - Fetched company for recruiterId=3dc93452-07a2-4843-a650-c7faed6fc07c
2025-07-02 13:40:18,042 INFO  - Fetched company for recruiterId=3dc93452-07a2-4843-a650-c7faed6fc07c
2025-07-02 13:40:18,049 INFO  - Fetched company for recruiterId=3dc93452-07a2-4843-a650-c7faed6fc07c
2025-07-02 13:40:44,104 INFO  - Fetched all company names.
2025-07-02 13:40:44,143 INFO  - Fetched company for recruiterId=3dc93452-07a2-4843-a650-c7faed6fc07c
2025-07-02 13:40:44,150 INFO  - Fetched company for recruiterId=585999a5-de05-4b90-bbe4-5cc916da48a2
2025-07-02 13:40:44,156 INFO  - Fetched company for recruiterId=3dc93452-07a2-4843-a650-c7faed6fc07c
2025-07-02 13:40:44,162 INFO  - Fetched company for recruiterId=585999a5-de05-4b90-bbe4-5cc916da48a2
2025-07-02 13:40:44,175 INFO  - Fetched company for recruiterId=52f3dcc7-e7bb-4419-b8a9-9cfb2a6f8b9e
2025-07-02 13:40:44,175 INFO  - Fetched company for recruiterId=3dc93452-07a2-4843-a650-c7faed6fc07c
2025-07-02 13:40:44,175 INFO  - Fetched company for recruiterId=585999a5-de05-4b90-bbe4-5cc916da48a2
2025-07-02 13:40:44,190 INFO  - Fetched company for recruiterId=52f3dcc7-e7bb-4419-b8a9-9cfb2a6f8b9e
2025-07-02 13:40:44,191 INFO  - Fetched company for recruiterId=585999a5-de05-4b90-bbe4-5cc916da48a2
2025-07-02 13:40:44,205 INFO  - Fetched company for recruiterId=585999a5-de05-4b90-bbe4-5cc916da48a2
2025-07-02 13:40:44,206 INFO  - Fetched company for recruiterId=52f3dcc7-e7bb-4419-b8a9-9cfb2a6f8b9e
2025-07-02 13:40:44,213 INFO  - Fetched company for recruiterId=52f3dcc7-e7bb-4419-b8a9-9cfb2a6f8b9e
2025-07-02 13:40:44,223 INFO  - Fetched company for recruiterId=52f3dcc7-e7bb-4419-b8a9-9cfb2a6f8b9e
2025-07-02 13:40:44,228 INFO  - Fetched company for recruiterId=3dc93452-07a2-4843-a650-c7faed6fc07c
2025-07-02 13:40:44,236 INFO  - Fetched company for recruiterId=52f3dcc7-e7bb-4419-b8a9-9cfb2a6f8b9e
2025-07-02 13:40:44,245 INFO  - Fetched company for recruiterId=3dc93452-07a2-4843-a650-c7faed6fc07c
2025-07-02 13:40:44,253 INFO  - Fetched company for recruiterId=52f3dcc7-e7bb-4419-b8a9-9cfb2a6f8b9e
2025-07-02 13:40:44,266 INFO  - Fetched company for recruiterId=52f3dcc7-e7bb-4419-b8a9-9cfb2a6f8b9e
2025-07-02 13:40:44,275 INFO  - Fetched company for recruiterId=52f3dcc7-e7bb-4419-b8a9-9cfb2a6f8b9e
2025-07-02 13:40:44,286 INFO  - Fetched company for recruiterId=52f3dcc7-e7bb-4419-b8a9-9cfb2a6f8b9e
2025-07-02 13:40:44,295 INFO  - Fetched company for recruiterId=52f3dcc7-e7bb-4419-b8a9-9cfb2a6f8b9e
2025-07-02 13:40:44,307 INFO  - Fetched company for recruiterId=52f3dcc7-e7bb-4419-b8a9-9cfb2a6f8b9e
2025-07-02 13:40:44,317 INFO  - Fetched company for recruiterId=52f3dcc7-e7bb-4419-b8a9-9cfb2a6f8b9e
2025-07-02 13:40:44,328 INFO  - Fetched company for recruiterId=52f3dcc7-e7bb-4419-b8a9-9cfb2a6f8b9e
2025-07-02 13:40:44,340 INFO  - Fetched company for recruiterId=52f3dcc7-e7bb-4419-b8a9-9cfb2a6f8b9e
2025-07-02 13:40:44,351 INFO  - Fetched company for recruiterId=52f3dcc7-e7bb-4419-b8a9-9cfb2a6f8b9e
2025-07-02 13:40:46,819 INFO  - Fetched all skills.
2025-07-02 13:40:51,365 INFO  - Fetched company for recruiterId=3dc93452-07a2-4843-a650-c7faed6fc07c
2025-07-02 13:40:51,365 INFO  - Fetched company for recruiterId=585999a5-de05-4b90-bbe4-5cc916da48a2
2025-07-02 13:40:51,374 INFO  - Fetched company for recruiterId=3dc93452-07a2-4843-a650-c7faed6fc07c
2025-07-02 13:40:51,375 INFO  - Fetched company for recruiterId=585999a5-de05-4b90-bbe4-5cc916da48a2
2025-07-02 13:40:51,385 INFO  - Fetched company for recruiterId=585999a5-de05-4b90-bbe4-5cc916da48a2
2025-07-02 13:40:54,350 INFO  - Fetched company for recruiterId=3dc93452-07a2-4843-a650-c7faed6fc07c
2025-07-02 13:40:54,351 INFO  - Fetched company for recruiterId=585999a5-de05-4b90-bbe4-5cc916da48a2
2025-07-02 13:40:54,358 INFO  - Fetched company for recruiterId=585999a5-de05-4b90-bbe4-5cc916da48a2
2025-07-02 13:40:54,358 INFO  - Fetched company for recruiterId=3dc93452-07a2-4843-a650-c7faed6fc07c
2025-07-02 13:40:54,365 INFO  - Fetched company for recruiterId=585999a5-de05-4b90-bbe4-5cc916da48a2
2025-07-02 13:51:11,406 INFO  - Fetched company for recruiterId=3dc93452-07a2-4843-a650-c7faed6fc07c
2025-07-02 13:51:11,406 INFO  - Fetched company for recruiterId=585999a5-de05-4b90-bbe4-5cc916da48a2
2025-07-02 13:51:11,423 INFO  - Fetched company for recruiterId=3dc93452-07a2-4843-a650-c7faed6fc07c
2025-07-02 13:51:11,424 INFO  - Fetched company for recruiterId=585999a5-de05-4b90-bbe4-5cc916da48a2
2025-07-02 13:51:11,436 INFO  - Fetched company for recruiterId=585999a5-de05-4b90-bbe4-5cc916da48a2
2025-07-02 14:34:10,976 INFO  - User logged out: muthu@gmail.com
2025-07-02 14:34:54,044 INFO  - User logged in: muthukaruppanaakash76@gmail.com
2025-07-02 14:34:57,657 INFO  - Fetched company for recruiterId=3dc93452-07a2-4843-a650-c7faed6fc07c
2025-07-02 14:34:57,666 INFO  - Fetched company for recruiterId=3dc93452-07a2-4843-a650-c7faed6fc07c
2025-07-02 14:34:57,676 INFO  - Fetched company for recruiterId=3dc93452-07a2-4843-a650-c7faed6fc07c
2025-07-02 14:34:57,684 INFO  - Fetched company for recruiterId=3dc93452-07a2-4843-a650-c7faed6fc07c
2025-07-02 14:34:57,699 INFO  - Fetched company for recruiterId=3dc93452-07a2-4843-a650-c7faed6fc07c
2025-07-02 14:35:08,882 INFO  - Resume downloaded: SeekerId = 1a09fe0c-e924-498f-815b-43a70a24e5c8, JobPostId = 4e6a8c17-fed2-4c37-a515-a19df84f1eb8
2025-07-02 14:35:13,904 INFO  - Resume downloaded: SeekerId = 637f3638-b296-4f0d-bb3c-5a65a7f8baed, JobPostId = 4e6a8c17-fed2-4c37-a515-a19df84f1eb8
2025-07-02 14:36:25,410 INFO  - Resume downloaded: SeekerId = 1a09fe0c-e924-498f-815b-43a70a24e5c8, JobPostId = 4e6a8c17-fed2-4c37-a515-a19df84f1eb8
2025-07-02 14:36:30,001 INFO  - Resume downloaded: SeekerId = b4801585-8098-402a-816b-fdee869e970a, JobPostId = 4e6a8c17-fed2-4c37-a515-a19df84f1eb8
2025-07-02 14:36:33,012 INFO  - Resume downloaded: SeekerId = 637f3638-b296-4f0d-bb3c-5a65a7f8baed, JobPostId = 4e6a8c17-fed2-4c37-a515-a19df84f1eb8
2025-07-02 14:36:38,754 INFO  - Fetched company for recruiterId=3dc93452-07a2-4843-a650-c7faed6fc07c
2025-07-02 14:36:38,765 INFO  - Fetched company for recruiterId=3dc93452-07a2-4843-a650-c7faed6fc07c
2025-07-02 14:36:38,779 INFO  - Fetched company for recruiterId=3dc93452-07a2-4843-a650-c7faed6fc07c
2025-07-02 14:36:38,789 INFO  - Fetched company for recruiterId=3dc93452-07a2-4843-a650-c7faed6fc07c
2025-07-02 14:36:38,800 INFO  - Fetched company for recruiterId=3dc93452-07a2-4843-a650-c7faed6fc07c
2025-07-02 14:37:05,588 INFO  - Fetched all skills.
2025-07-02 14:37:06,244 INFO  - Fetched company for recruiterId=3dc93452-07a2-4843-a650-c7faed6fc07c
2025-07-02 14:37:06,254 INFO  - Fetched company for recruiterId=3dc93452-07a2-4843-a650-c7faed6fc07c
2025-07-02 14:37:06,268 INFO  - Fetched company for recruiterId=3dc93452-07a2-4843-a650-c7faed6fc07c
2025-07-02 14:37:06,277 INFO  - Fetched company for recruiterId=3dc93452-07a2-4843-a650-c7faed6fc07c
2025-07-02 14:37:06,293 INFO  - Fetched company for recruiterId=3dc93452-07a2-4843-a650-c7faed6fc07c
2025-07-02 14:41:58,693 INFO  - Fetched company for recruiterId=3dc93452-07a2-4843-a650-c7faed6fc07c
2025-07-02 14:41:58,709 INFO  - Fetched company for recruiterId=3dc93452-07a2-4843-a650-c7faed6fc07c
2025-07-02 14:41:58,723 INFO  - Fetched company for recruiterId=3dc93452-07a2-4843-a650-c7faed6fc07c
2025-07-02 14:41:58,735 INFO  - Fetched company for recruiterId=3dc93452-07a2-4843-a650-c7faed6fc07c
2025-07-02 14:41:58,752 INFO  - Fetched company for recruiterId=3dc93452-07a2-4843-a650-c7faed6fc07c
2025-07-02 14:42:06,924 INFO  - Fetched company for recruiterId=3dc93452-07a2-4843-a650-c7faed6fc07c
2025-07-02 14:42:06,942 INFO  - Fetched company for recruiterId=3dc93452-07a2-4843-a650-c7faed6fc07c
2025-07-02 14:42:06,971 INFO  - Fetched company for recruiterId=3dc93452-07a2-4843-a650-c7faed6fc07c
2025-07-02 14:42:06,984 INFO  - Fetched company for recruiterId=3dc93452-07a2-4843-a650-c7faed6fc07c
2025-07-02 14:42:06,995 INFO  - Fetched company for recruiterId=3dc93452-07a2-4843-a650-c7faed6fc07c
2025-07-02 14:42:47,756 INFO  - Fetched company for recruiterId=3dc93452-07a2-4843-a650-c7faed6fc07c
2025-07-02 14:42:47,764 INFO  - Fetched company for recruiterId=3dc93452-07a2-4843-a650-c7faed6fc07c
2025-07-02 14:42:47,772 INFO  - Fetched company for recruiterId=3dc93452-07a2-4843-a650-c7faed6fc07c
2025-07-02 14:42:47,781 INFO  - Fetched company for recruiterId=3dc93452-07a2-4843-a650-c7faed6fc07c
2025-07-02 14:42:47,807 INFO  - Fetched company for recruiterId=3dc93452-07a2-4843-a650-c7faed6fc07c
2025-07-02 14:42:50,722 INFO  - Fetched company for recruiterId=3dc93452-07a2-4843-a650-c7faed6fc07c
2025-07-02 14:42:50,730 INFO  - Fetched company for recruiterId=3dc93452-07a2-4843-a650-c7faed6fc07c
2025-07-02 14:42:50,758 INFO  - Fetched company for recruiterId=3dc93452-07a2-4843-a650-c7faed6fc07c
2025-07-02 14:42:50,768 INFO  - Fetched company for recruiterId=3dc93452-07a2-4843-a650-c7faed6fc07c
2025-07-02 14:42:50,781 INFO  - Fetched company for recruiterId=3dc93452-07a2-4843-a650-c7faed6fc07c
2025-07-02 14:42:55,427 INFO  - Fetched company for recruiterId=3dc93452-07a2-4843-a650-c7faed6fc07c
2025-07-02 14:42:55,435 INFO  - Fetched company for recruiterId=3dc93452-07a2-4843-a650-c7faed6fc07c
2025-07-02 14:42:55,456 INFO  - Fetched company for recruiterId=3dc93452-07a2-4843-a650-c7faed6fc07c
2025-07-02 14:42:55,464 INFO  - Fetched company for recruiterId=3dc93452-07a2-4843-a650-c7faed6fc07c
2025-07-02 14:42:55,473 INFO  - Fetched company for recruiterId=3dc93452-07a2-4843-a650-c7faed6fc07c
2025-07-02 14:42:57,584 INFO  - Fetched company for recruiterId=3dc93452-07a2-4843-a650-c7faed6fc07c
2025-07-02 14:42:57,605 INFO  - Fetched company for recruiterId=3dc93452-07a2-4843-a650-c7faed6fc07c
2025-07-02 14:42:57,614 INFO  - Fetched company for recruiterId=3dc93452-07a2-4843-a650-c7faed6fc07c
2025-07-02 14:42:57,624 INFO  - Fetched company for recruiterId=3dc93452-07a2-4843-a650-c7faed6fc07c
2025-07-02 14:42:57,636 INFO  - Fetched company for recruiterId=3dc93452-07a2-4843-a650-c7faed6fc07c
2025-07-02 14:44:34,735 INFO  - Fetched company for recruiterId=3dc93452-07a2-4843-a650-c7faed6fc07c
2025-07-02 14:44:34,757 INFO  - Fetched company for recruiterId=3dc93452-07a2-4843-a650-c7faed6fc07c
2025-07-02 14:44:34,766 INFO  - Fetched company for recruiterId=3dc93452-07a2-4843-a650-c7faed6fc07c
2025-07-02 14:44:34,777 INFO  - Fetched company for recruiterId=3dc93452-07a2-4843-a650-c7faed6fc07c
2025-07-02 14:44:34,786 INFO  - Fetched company for recruiterId=3dc93452-07a2-4843-a650-c7faed6fc07c
2025-07-02 14:44:36,508 INFO  - Fetched company for recruiterId=3dc93452-07a2-4843-a650-c7faed6fc07c
2025-07-02 14:44:36,517 INFO  - Fetched company for recruiterId=3dc93452-07a2-4843-a650-c7faed6fc07c
2025-07-02 14:44:36,523 INFO  - Fetched company for recruiterId=3dc93452-07a2-4843-a650-c7faed6fc07c
2025-07-02 14:44:36,531 INFO  - Fetched company for recruiterId=3dc93452-07a2-4843-a650-c7faed6fc07c
2025-07-02 14:44:36,538 INFO  - Fetched company for recruiterId=3dc93452-07a2-4843-a650-c7faed6fc07c
2025-07-02 14:44:43,158 INFO  - Fetched company for recruiterId=3dc93452-07a2-4843-a650-c7faed6fc07c
2025-07-02 14:44:43,164 INFO  - Fetched company for recruiterId=3dc93452-07a2-4843-a650-c7faed6fc07c
2025-07-02 14:44:43,170 INFO  - Fetched company for recruiterId=3dc93452-07a2-4843-a650-c7faed6fc07c
2025-07-02 14:44:43,176 INFO  - Fetched company for recruiterId=3dc93452-07a2-4843-a650-c7faed6fc07c
2025-07-02 14:44:43,184 INFO  - Fetched company for recruiterId=3dc93452-07a2-4843-a650-c7faed6fc07c
2025-07-02 14:44:45,908 INFO  - Fetched company for recruiterId=3dc93452-07a2-4843-a650-c7faed6fc07c
2025-07-02 14:44:45,914 INFO  - Fetched company for recruiterId=3dc93452-07a2-4843-a650-c7faed6fc07c
2025-07-02 14:44:45,919 INFO  - Fetched company for recruiterId=3dc93452-07a2-4843-a650-c7faed6fc07c
2025-07-02 14:44:45,925 INFO  - Fetched company for recruiterId=3dc93452-07a2-4843-a650-c7faed6fc07c
2025-07-02 14:44:45,932 INFO  - Fetched company for recruiterId=3dc93452-07a2-4843-a650-c7faed6fc07c
2025-07-02 14:45:28,771 INFO  - Resume downloaded: SeekerId = 1a09fe0c-e924-498f-815b-43a70a24e5c8, JobPostId = 4e6a8c17-fed2-4c37-a515-a19df84f1eb8
2025-07-02 14:48:27,662 INFO  - Fetched all skills.
2025-07-02 16:44:53,772 INFO  - Token refreshed for user: muthukaruppanaakash76@gmail.com
2025-07-02 16:44:53,801 INFO  - Fetched all skills.
2025-07-02 16:50:49,956 INFO  - Fetched all skills.
2025-07-02 16:50:51,700 INFO  - Fetched all skills.
2025-07-02 16:52:17,660 INFO  - Fetched all skills.
2025-07-02 16:56:42,841 INFO  - Fetched all skills.
2025-07-02 16:56:44,699 INFO  - Fetched all skills.
2025-07-02 16:57:13,924 INFO  - Fetched all skills.
2025-07-02 16:58:15,949 INFO  - Fetched all skills.
2025-07-02 16:58:17,708 INFO  - Fetched all skills.
2025-07-02 16:58:26,717 INFO  - Fetched all skills.
2025-07-02 16:58:29,666 INFO  - Fetched all skills.
2025-07-02 16:58:45,734 INFO  - Fetched all company names.
2025-07-02 16:58:45,833 INFO  - Fetched company for recruiterId=3dc93452-07a2-4843-a650-c7faed6fc07c
2025-07-02 16:58:45,845 INFO  - Fetched company for recruiterId=585999a5-de05-4b90-bbe4-5cc916da48a2
2025-07-02 16:58:45,851 INFO  - Fetched company for recruiterId=3dc93452-07a2-4843-a650-c7faed6fc07c
2025-07-02 16:58:45,859 INFO  - Fetched company for recruiterId=585999a5-de05-4b90-bbe4-5cc916da48a2
2025-07-02 16:58:45,863 INFO  - Fetched company for recruiterId=3dc93452-07a2-4843-a650-c7faed6fc07c
2025-07-02 16:58:45,870 INFO  - Fetched company for recruiterId=585999a5-de05-4b90-bbe4-5cc916da48a2
2025-07-02 16:58:45,875 INFO  - Fetched company for recruiterId=3dc93452-07a2-4843-a650-c7faed6fc07c
2025-07-02 16:58:45,882 INFO  - Fetched company for recruiterId=52f3dcc7-e7bb-4419-b8a9-9cfb2a6f8b9e
2025-07-02 16:58:45,888 INFO  - Fetched company for recruiterId=585999a5-de05-4b90-bbe4-5cc916da48a2
2025-07-02 16:58:45,894 INFO  - Fetched company for recruiterId=3dc93452-07a2-4843-a650-c7faed6fc07c
2025-07-02 16:58:45,897 INFO  - Fetched company for recruiterId=52f3dcc7-e7bb-4419-b8a9-9cfb2a6f8b9e
2025-07-02 16:58:45,898 INFO  - Fetched company for recruiterId=585999a5-de05-4b90-bbe4-5cc916da48a2
2025-07-02 16:58:45,919 INFO  - Fetched company for recruiterId=52f3dcc7-e7bb-4419-b8a9-9cfb2a6f8b9e
2025-07-02 16:58:45,929 INFO  - Fetched company for recruiterId=52f3dcc7-e7bb-4419-b8a9-9cfb2a6f8b9e
2025-07-02 16:58:45,942 INFO  - Fetched company for recruiterId=52f3dcc7-e7bb-4419-b8a9-9cfb2a6f8b9e
2025-07-02 16:58:45,954 INFO  - Fetched company for recruiterId=52f3dcc7-e7bb-4419-b8a9-9cfb2a6f8b9e
2025-07-02 16:58:45,977 INFO  - Fetched company for recruiterId=52f3dcc7-e7bb-4419-b8a9-9cfb2a6f8b9e
2025-07-02 16:58:45,990 INFO  - Fetched company for recruiterId=52f3dcc7-e7bb-4419-b8a9-9cfb2a6f8b9e
2025-07-02 16:58:46,009 INFO  - Fetched company for recruiterId=52f3dcc7-e7bb-4419-b8a9-9cfb2a6f8b9e
2025-07-02 16:58:46,035 INFO  - Fetched company for recruiterId=52f3dcc7-e7bb-4419-b8a9-9cfb2a6f8b9e
2025-07-02 16:58:46,058 INFO  - Fetched company for recruiterId=52f3dcc7-e7bb-4419-b8a9-9cfb2a6f8b9e
2025-07-02 16:58:46,082 INFO  - Fetched company for recruiterId=52f3dcc7-e7bb-4419-b8a9-9cfb2a6f8b9e
2025-07-02 16:58:46,101 INFO  - Fetched company for recruiterId=52f3dcc7-e7bb-4419-b8a9-9cfb2a6f8b9e
2025-07-02 16:58:46,127 INFO  - Fetched company for recruiterId=52f3dcc7-e7bb-4419-b8a9-9cfb2a6f8b9e
2025-07-02 16:58:46,149 INFO  - Fetched company for recruiterId=52f3dcc7-e7bb-4419-b8a9-9cfb2a6f8b9e
2025-07-02 16:58:46,177 INFO  - Fetched company for recruiterId=52f3dcc7-e7bb-4419-b8a9-9cfb2a6f8b9e
2025-07-02 16:58:48,292 INFO  - Fetched all skills.
2025-07-02 16:59:01,640 INFO  - Fetched all skills.
2025-07-02 16:59:02,561 INFO  - Fetched all skills.
2025-07-02 16:59:04,264 INFO  - Fetched all skills.
2025-07-02 16:59:18,866 INFO  - Fetched all skills.
2025-07-02 16:59:18,944 INFO  - Fetched all skills.
2025-07-02 16:59:20,828 INFO  - Fetched all skills.
2025-07-02 16:59:21,225 INFO  - Fetched all skills.
2025-07-02 16:59:37,771 INFO  - Fetched all skills.
2025-07-02 16:59:37,790 INFO  - Fetched all skills.
2025-07-02 17:09:31,670 INFO  - Fetched all skills.
2025-07-02 17:09:32,106 INFO  - Fetched all skills.
2025-07-02 17:10:13,298 INFO  - Fetched all skills.
2025-07-02 17:10:13,492 INFO  - Fetched all skills.
2025-07-02 17:10:21,454 INFO  - Fetched all skills.
2025-07-02 17:10:21,487 INFO  - Fetched all skills.
2025-07-02 17:12:46,382 INFO  - Fetched company for recruiterId=3dc93452-07a2-4843-a650-c7faed6fc07c
2025-07-02 17:12:46,393 INFO  - Fetched company for recruiterId=3dc93452-07a2-4843-a650-c7faed6fc07c
2025-07-02 17:12:46,401 INFO  - Fetched company for recruiterId=3dc93452-07a2-4843-a650-c7faed6fc07c
2025-07-02 17:12:46,409 INFO  - Fetched company for recruiterId=3dc93452-07a2-4843-a650-c7faed6fc07c
2025-07-02 17:12:46,420 INFO  - Fetched company for recruiterId=3dc93452-07a2-4843-a650-c7faed6fc07c
2025-07-02 17:13:16,881 INFO  - Fetched company for recruiterId=3dc93452-07a2-4843-a650-c7faed6fc07c
2025-07-02 17:13:18,464 INFO  - Fetched company for recruiterId=3dc93452-07a2-4843-a650-c7faed6fc07c
2025-07-02 17:13:18,472 INFO  - Fetched company for recruiterId=3dc93452-07a2-4843-a650-c7faed6fc07c
2025-07-02 17:13:18,481 INFO  - Fetched company for recruiterId=3dc93452-07a2-4843-a650-c7faed6fc07c
2025-07-02 17:13:18,490 INFO  - Fetched company for recruiterId=3dc93452-07a2-4843-a650-c7faed6fc07c
2025-07-02 17:13:18,498 INFO  - Fetched company for recruiterId=3dc93452-07a2-4843-a650-c7faed6fc07c
2025-07-02 17:13:21,204 INFO  - Fetched company for recruiterId=3dc93452-07a2-4843-a650-c7faed6fc07c
2025-07-02 17:13:21,214 INFO  - Fetched company for recruiterId=3dc93452-07a2-4843-a650-c7faed6fc07c
2025-07-02 17:13:21,220 INFO  - Fetched company for recruiterId=3dc93452-07a2-4843-a650-c7faed6fc07c
2025-07-02 17:13:21,227 INFO  - Fetched company for recruiterId=3dc93452-07a2-4843-a650-c7faed6fc07c
2025-07-02 17:13:21,236 INFO  - Fetched company for recruiterId=3dc93452-07a2-4843-a650-c7faed6fc07c
2025-07-02 17:14:20,892 INFO  - Resume downloaded: SeekerId = 637f3638-b296-4f0d-bb3c-5a65a7f8baed, JobPostId = 4e6a8c17-fed2-4c37-a515-a19df84f1eb8
2025-07-02 17:15:08,822 INFO  - Token refreshed for user: muthukaruppanaakash76@gmail.com
2025-07-02 17:15:08,849 INFO  - Fetched all skills.
2025-07-02 17:15:39,352 INFO  - Fetched company for recruiterId=3dc93452-07a2-4843-a650-c7faed6fc07c
2025-07-02 17:15:39,360 INFO  - Fetched company for recruiterId=3dc93452-07a2-4843-a650-c7faed6fc07c
2025-07-02 17:15:39,367 INFO  - Fetched company for recruiterId=3dc93452-07a2-4843-a650-c7faed6fc07c
2025-07-02 17:15:39,374 INFO  - Fetched company for recruiterId=3dc93452-07a2-4843-a650-c7faed6fc07c
2025-07-02 17:15:39,383 INFO  - Fetched company for recruiterId=3dc93452-07a2-4843-a650-c7faed6fc07c
2025-07-02 17:15:48,904 INFO  - Fetched all skills.
2025-07-02 17:23:10,466 INFO  - Fetched company for recruiterId=3dc93452-07a2-4843-a650-c7faed6fc07c
2025-07-02 17:23:10,471 INFO  - Fetched company for recruiterId=3dc93452-07a2-4843-a650-c7faed6fc07c
2025-07-02 17:23:10,479 INFO  - Fetched company for recruiterId=3dc93452-07a2-4843-a650-c7faed6fc07c
2025-07-02 17:23:10,489 INFO  - Fetched company for recruiterId=3dc93452-07a2-4843-a650-c7faed6fc07c
2025-07-02 17:23:10,499 INFO  - Fetched company for recruiterId=3dc93452-07a2-4843-a650-c7faed6fc07c
2025-07-02 17:23:11,529 INFO  - Fetched all skills.
2025-07-02 17:24:34,751 INFO  - Fetched company for recruiterId=3dc93452-07a2-4843-a650-c7faed6fc07c
2025-07-02 17:24:34,762 INFO  - Fetched company for recruiterId=3dc93452-07a2-4843-a650-c7faed6fc07c
2025-07-02 17:24:34,769 INFO  - Fetched company for recruiterId=3dc93452-07a2-4843-a650-c7faed6fc07c
2025-07-02 17:24:34,775 INFO  - Fetched company for recruiterId=3dc93452-07a2-4843-a650-c7faed6fc07c
2025-07-02 17:24:34,785 INFO  - Fetched company for recruiterId=3dc93452-07a2-4843-a650-c7faed6fc07c
2025-07-02 17:24:36,142 INFO  - Fetched all skills.
2025-07-02 17:29:45,812 INFO  - Fetched all skills.
2025-07-02 17:29:45,815 INFO  - Fetched all skills.
2025-07-02 17:29:51,704 INFO  - Fetched company for recruiterId=3dc93452-07a2-4843-a650-c7faed6fc07c
2025-07-02 17:29:51,712 INFO  - Fetched company for recruiterId=3dc93452-07a2-4843-a650-c7faed6fc07c
2025-07-02 17:29:51,720 INFO  - Fetched company for recruiterId=3dc93452-07a2-4843-a650-c7faed6fc07c
2025-07-02 17:29:51,726 INFO  - Fetched company for recruiterId=3dc93452-07a2-4843-a650-c7faed6fc07c
2025-07-02 17:29:51,733 INFO  - Fetched company for recruiterId=3dc93452-07a2-4843-a650-c7faed6fc07c
2025-07-02 17:29:52,792 INFO  - Fetched all skills.
2025-07-02 17:29:56,494 INFO  - Updated job post: 5282b902-e39c-4098-97e2-56a9fd3c7c93
2025-07-02 17:29:56,603 INFO  - Updated responsibilities for postId: 5282b902-e39c-4098-97e2-56a9fd3c7c93
2025-07-02 17:29:56,635 INFO  - Updated requirements for postId: 5282b902-e39c-4098-97e2-56a9fd3c7c93
2025-07-02 17:29:56,674 INFO  - Updated post skills for job post: 5282b902-e39c-4098-97e2-56a9fd3c7c93
2025-07-02 17:29:57,021 INFO  - Updated job post: 5282b902-e39c-4098-97e2-56a9fd3c7c93
2025-07-02 17:29:57,039 INFO  - Updated responsibilities for postId: 5282b902-e39c-4098-97e2-56a9fd3c7c93
2025-07-02 17:29:57,055 INFO  - Updated requirements for postId: 5282b902-e39c-4098-97e2-56a9fd3c7c93
2025-07-02 17:29:57,073 INFO  - Updated post skills for job post: 5282b902-e39c-4098-97e2-56a9fd3c7c93
2025-07-02 17:29:59,998 INFO  - Fetched company for recruiterId=3dc93452-07a2-4843-a650-c7faed6fc07c
2025-07-02 17:30:00,007 INFO  - Fetched company for recruiterId=3dc93452-07a2-4843-a650-c7faed6fc07c
2025-07-02 17:30:00,014 INFO  - Fetched company for recruiterId=3dc93452-07a2-4843-a650-c7faed6fc07c
2025-07-02 17:30:00,022 INFO  - Fetched company for recruiterId=3dc93452-07a2-4843-a650-c7faed6fc07c
2025-07-02 17:30:00,030 INFO  - Fetched company for recruiterId=3dc93452-07a2-4843-a650-c7faed6fc07c
2025-07-02 17:30:01,741 INFO  - Fetched all skills.
2025-07-02 17:30:08,996 INFO  - Updated job post: 5282b902-e39c-4098-97e2-56a9fd3c7c93
2025-07-02 17:30:09,014 INFO  - Updated responsibilities for postId: 5282b902-e39c-4098-97e2-56a9fd3c7c93
2025-07-02 17:30:09,027 INFO  - Updated requirements for postId: 5282b902-e39c-4098-97e2-56a9fd3c7c93
2025-07-02 17:30:09,047 INFO  - Updated post skills for job post: 5282b902-e39c-4098-97e2-56a9fd3c7c93
2025-07-02 17:30:12,725 INFO  - Fetched all skills.
2025-07-02 17:30:13,337 INFO  - Fetched company for recruiterId=3dc93452-07a2-4843-a650-c7faed6fc07c
2025-07-02 17:30:13,343 INFO  - Fetched company for recruiterId=3dc93452-07a2-4843-a650-c7faed6fc07c
2025-07-02 17:30:13,349 INFO  - Fetched company for recruiterId=3dc93452-07a2-4843-a650-c7faed6fc07c
2025-07-02 17:30:13,355 INFO  - Fetched company for recruiterId=3dc93452-07a2-4843-a650-c7faed6fc07c
2025-07-02 17:30:13,361 INFO  - Fetched company for recruiterId=3dc93452-07a2-4843-a650-c7faed6fc07c
2025-07-02 17:31:16,851 INFO  - Fetched all skills.
2025-07-02 17:31:56,879 INFO  - Fetched all skills.
2025-07-02 17:31:56,907 INFO  - Fetched all skills.
2025-07-02 17:32:31,170 INFO  - Fetched all skills.
2025-07-02 17:32:31,216 INFO  - Fetched all skills.
2025-07-02 17:36:59,919 INFO  - Fetched company for recruiterId=3dc93452-07a2-4843-a650-c7faed6fc07c
2025-07-02 17:36:59,929 INFO  - Fetched company for recruiterId=3dc93452-07a2-4843-a650-c7faed6fc07c
2025-07-02 17:36:59,938 INFO  - Fetched company for recruiterId=3dc93452-07a2-4843-a650-c7faed6fc07c
2025-07-02 17:36:59,948 INFO  - Fetched company for recruiterId=3dc93452-07a2-4843-a650-c7faed6fc07c
2025-07-02 17:36:59,956 INFO  - Fetched company for recruiterId=3dc93452-07a2-4843-a650-c7faed6fc07c
2025-07-02 17:37:41,942 INFO  - Fetched company for recruiterId=3dc93452-07a2-4843-a650-c7faed6fc07c
2025-07-02 17:37:48,692 INFO  - Fetched all skills.
2025-07-02 17:37:49,638 INFO  - Fetched company for recruiterId=3dc93452-07a2-4843-a650-c7faed6fc07c
2025-07-02 17:37:49,645 INFO  - Fetched company for recruiterId=3dc93452-07a2-4843-a650-c7faed6fc07c
2025-07-02 17:37:49,650 INFO  - Fetched company for recruiterId=3dc93452-07a2-4843-a650-c7faed6fc07c
2025-07-02 17:37:49,657 INFO  - Fetched company for recruiterId=3dc93452-07a2-4843-a650-c7faed6fc07c
2025-07-02 17:37:49,662 INFO  - Fetched company for recruiterId=3dc93452-07a2-4843-a650-c7faed6fc07c
2025-07-02 18:37:28,853 INFO  - Token refreshed for user: muthukaruppanaakash76@gmail.com
2025-07-02 18:37:28,854 INFO  - Token refreshed for user: muthukaruppanaakash76@gmail.com
2025-07-02 18:37:28,891 INFO  - Fetched all skills.
2025-07-02 18:37:28,942 INFO  - Fetched company for recruiterId=3dc93452-07a2-4843-a650-c7faed6fc07c
2025-07-02 18:37:28,948 INFO  - Fetched company for recruiterId=3dc93452-07a2-4843-a650-c7faed6fc07c
2025-07-02 18:37:28,955 INFO  - Fetched company for recruiterId=3dc93452-07a2-4843-a650-c7faed6fc07c
2025-07-02 18:37:28,959 INFO  - Fetched company for recruiterId=3dc93452-07a2-4843-a650-c7faed6fc07c
2025-07-02 18:37:28,975 INFO  - Fetched company for recruiterId=3dc93452-07a2-4843-a650-c7faed6fc07c
2025-07-02 19:05:24,820 INFO  - Fetched company for recruiterId=3dc93452-07a2-4843-a650-c7faed6fc07c
2025-07-02 19:05:25,572 INFO  - Fetched company for recruiterId=3dc93452-07a2-4843-a650-c7faed6fc07c
2025-07-02 19:05:25,579 INFO  - Fetched company for recruiterId=3dc93452-07a2-4843-a650-c7faed6fc07c
2025-07-02 19:05:25,586 INFO  - Fetched company for recruiterId=3dc93452-07a2-4843-a650-c7faed6fc07c
2025-07-02 19:05:25,593 INFO  - Fetched company for recruiterId=3dc93452-07a2-4843-a650-c7faed6fc07c
2025-07-02 19:05:25,602 INFO  - Fetched company for recruiterId=3dc93452-07a2-4843-a650-c7faed6fc07c
2025-07-02 19:06:35,588 INFO  - Fetched company for recruiterId=3dc93452-07a2-4843-a650-c7faed6fc07c
2025-07-02 19:06:35,595 INFO  - Fetched company for recruiterId=3dc93452-07a2-4843-a650-c7faed6fc07c
2025-07-02 19:06:35,604 INFO  - Fetched company for recruiterId=3dc93452-07a2-4843-a650-c7faed6fc07c
2025-07-02 19:06:35,612 INFO  - Fetched company for recruiterId=3dc93452-07a2-4843-a650-c7faed6fc07c
2025-07-02 19:06:35,624 INFO  - Fetched company for recruiterId=3dc93452-07a2-4843-a650-c7faed6fc07c
2025-07-02 19:06:35,674 INFO  - Fetched all skills.
2025-07-02 19:13:10,522 INFO  - Token refreshed for user: muthukaruppanaakash76@gmail.com
2025-07-02 19:13:10,547 INFO  - Fetched company for recruiterId=3dc93452-07a2-4843-a650-c7faed6fc07c
2025-07-02 19:13:11,763 INFO  - Fetched company for recruiterId=3dc93452-07a2-4843-a650-c7faed6fc07c
2025-07-02 19:13:11,768 INFO  - Fetched company for recruiterId=3dc93452-07a2-4843-a650-c7faed6fc07c
2025-07-02 19:13:11,775 INFO  - Fetched company for recruiterId=3dc93452-07a2-4843-a650-c7faed6fc07c
2025-07-02 19:13:11,780 INFO  - Fetched company for recruiterId=3dc93452-07a2-4843-a650-c7faed6fc07c
2025-07-02 19:13:11,787 INFO  - Fetched company for recruiterId=3dc93452-07a2-4843-a650-c7faed6fc07c
2025-07-02 19:13:12,187 INFO  - Fetched all skills.
2025-07-02 19:13:14,228 INFO  - Fetched all skills.
2025-07-02 19:13:18,129 INFO  - Fetched all skills.
2025-07-02 19:15:54,888 INFO  - Fetched company for recruiterId=3dc93452-07a2-4843-a650-c7faed6fc07c
2025-07-02 19:15:55,751 INFO  - Fetched company for recruiterId=3dc93452-07a2-4843-a650-c7faed6fc07c
2025-07-02 19:15:55,756 INFO  - Fetched company for recruiterId=3dc93452-07a2-4843-a650-c7faed6fc07c
2025-07-02 19:15:55,762 INFO  - Fetched company for recruiterId=3dc93452-07a2-4843-a650-c7faed6fc07c
2025-07-02 19:15:55,769 INFO  - Fetched company for recruiterId=3dc93452-07a2-4843-a650-c7faed6fc07c
2025-07-02 19:15:55,774 INFO  - Fetched company for recruiterId=3dc93452-07a2-4843-a650-c7faed6fc07c
2025-07-02 19:15:56,942 INFO  - Fetched company for recruiterId=3dc93452-07a2-4843-a650-c7faed6fc07c
2025-07-02 19:15:59,146 INFO  - Fetched company for recruiterId=3dc93452-07a2-4843-a650-c7faed6fc07c
2025-07-02 19:15:59,151 INFO  - Fetched company for recruiterId=3dc93452-07a2-4843-a650-c7faed6fc07c
2025-07-02 19:15:59,157 INFO  - Fetched company for recruiterId=3dc93452-07a2-4843-a650-c7faed6fc07c
2025-07-02 19:15:59,164 INFO  - Fetched company for recruiterId=3dc93452-07a2-4843-a650-c7faed6fc07c
2025-07-02 19:15:59,171 INFO  - Fetched company for recruiterId=3dc93452-07a2-4843-a650-c7faed6fc07c
2025-07-02 19:16:00,367 INFO  - Fetched all skills.
2025-07-02 19:16:07,434 INFO  - Fetched all skills.
2025-07-02 19:16:07,972 INFO  - Fetched company for recruiterId=3dc93452-07a2-4843-a650-c7faed6fc07c
2025-07-02 19:16:07,979 INFO  - Fetched company for recruiterId=3dc93452-07a2-4843-a650-c7faed6fc07c
2025-07-02 19:16:07,985 INFO  - Fetched company for recruiterId=3dc93452-07a2-4843-a650-c7faed6fc07c
2025-07-02 19:16:07,992 INFO  - Fetched company for recruiterId=3dc93452-07a2-4843-a650-c7faed6fc07c
2025-07-02 19:16:08,000 INFO  - Fetched company for recruiterId=3dc93452-07a2-4843-a650-c7faed6fc07c
2025-07-02 19:16:09,602 INFO  - Fetched company for recruiterId=3dc93452-07a2-4843-a650-c7faed6fc07c
2025-07-02 19:16:10,274 INFO  - Fetched company for recruiterId=3dc93452-07a2-4843-a650-c7faed6fc07c
2025-07-02 19:16:10,281 INFO  - Fetched company for recruiterId=3dc93452-07a2-4843-a650-c7faed6fc07c
2025-07-02 19:16:10,287 INFO  - Fetched company for recruiterId=3dc93452-07a2-4843-a650-c7faed6fc07c
2025-07-02 19:16:10,294 INFO  - Fetched company for recruiterId=3dc93452-07a2-4843-a650-c7faed6fc07c
2025-07-02 19:16:10,301 INFO  - Fetched company for recruiterId=3dc93452-07a2-4843-a650-c7faed6fc07c
2025-07-02 19:16:12,598 INFO  - Fetched all skills.
2025-07-02 19:16:14,072 INFO  - Fetched all skills.
2025-07-02 19:21:31,416 INFO  - Fetched all skills.
2025-07-02 19:21:31,566 INFO  - Fetched all skills.
2025-07-02 19:21:49,153 INFO  - Fetched all skills.
2025-07-02 19:21:49,165 INFO  - Fetched all skills.
2025-07-02 19:22:35,820 INFO  - Fetched all skills.
2025-07-02 19:22:35,854 INFO  - Fetched all skills.
2025-07-02 19:22:55,221 INFO  - Fetched all skills.
2025-07-02 19:22:55,244 INFO  - Fetched all skills.
2025-07-02 19:23:21,592 INFO  - Fetched all skills.
2025-07-02 19:23:21,641 INFO  - Fetched all skills.
2025-07-02 19:23:45,650 INFO  - Fetched all skills.
2025-07-02 19:23:45,659 INFO  - Fetched all skills.
2025-07-02 19:24:02,872 INFO  - Fetched all skills.
2025-07-02 19:24:02,933 INFO  - Fetched all skills.
2025-07-02 19:28:08,627 INFO  - Fetched all skills.
2025-07-02 19:28:08,636 INFO  - Fetched all skills.
2025-07-02 19:28:58,992 INFO  - Fetched company for recruiterId=3dc93452-07a2-4843-a650-c7faed6fc07c
2025-07-02 19:28:58,997 INFO  - Fetched company for recruiterId=3dc93452-07a2-4843-a650-c7faed6fc07c
2025-07-02 19:28:59,003 INFO  - Fetched company for recruiterId=3dc93452-07a2-4843-a650-c7faed6fc07c
2025-07-02 19:28:59,008 INFO  - Fetched company for recruiterId=3dc93452-07a2-4843-a650-c7faed6fc07c
2025-07-02 19:28:59,015 INFO  - Fetched company for recruiterId=3dc93452-07a2-4843-a650-c7faed6fc07c
2025-07-02 19:29:00,915 INFO  - Fetched company for recruiterId=3dc93452-07a2-4843-a650-c7faed6fc07c
2025-07-02 19:29:01,651 INFO  - User logged out: muthukaruppanaakash76@gmail.com
2025-07-02 19:29:15,939 INFO  - User logged in: muthu@gmail.com
2025-07-02 19:29:19,609 INFO  - Fetched all company names.
2025-07-02 19:29:19,657 INFO  - Fetched company for recruiterId=3dc93452-07a2-4843-a650-c7faed6fc07c
2025-07-02 19:29:19,666 INFO  - Fetched company for recruiterId=3dc93452-07a2-4843-a650-c7faed6fc07c
2025-07-02 19:29:19,671 INFO  - Fetched company for recruiterId=585999a5-de05-4b90-bbe4-5cc916da48a2
2025-07-02 19:29:19,675 INFO  - Fetched company for recruiterId=3dc93452-07a2-4843-a650-c7faed6fc07c
2025-07-02 19:29:19,676 INFO  - Fetched company for recruiterId=52f3dcc7-e7bb-4419-b8a9-9cfb2a6f8b9e
2025-07-02 19:29:19,680 INFO  - Fetched company for recruiterId=585999a5-de05-4b90-bbe4-5cc916da48a2
2025-07-02 19:29:19,685 INFO  - Fetched company for recruiterId=3dc93452-07a2-4843-a650-c7faed6fc07c
2025-07-02 19:29:19,686 INFO  - Fetched company for recruiterId=52f3dcc7-e7bb-4419-b8a9-9cfb2a6f8b9e
2025-07-02 19:29:19,690 INFO  - Fetched company for recruiterId=585999a5-de05-4b90-bbe4-5cc916da48a2
2025-07-02 19:29:19,696 INFO  - Fetched company for recruiterId=3dc93452-07a2-4843-a650-c7faed6fc07c
2025-07-02 19:29:19,698 INFO  - Fetched company for recruiterId=585999a5-de05-4b90-bbe4-5cc916da48a2
2025-07-02 19:29:19,700 INFO  - Fetched company for recruiterId=52f3dcc7-e7bb-4419-b8a9-9cfb2a6f8b9e
2025-07-02 19:29:19,708 INFO  - Fetched company for recruiterId=585999a5-de05-4b90-bbe4-5cc916da48a2
2025-07-02 19:29:19,709 INFO  - Fetched company for recruiterId=52f3dcc7-e7bb-4419-b8a9-9cfb2a6f8b9e
2025-07-02 19:29:19,718 INFO  - Fetched company for recruiterId=52f3dcc7-e7bb-4419-b8a9-9cfb2a6f8b9e
2025-07-02 19:29:19,728 INFO  - Fetched company for recruiterId=52f3dcc7-e7bb-4419-b8a9-9cfb2a6f8b9e
2025-07-02 19:29:19,745 INFO  - Fetched company for recruiterId=52f3dcc7-e7bb-4419-b8a9-9cfb2a6f8b9e
2025-07-02 19:29:19,756 INFO  - Fetched company for recruiterId=52f3dcc7-e7bb-4419-b8a9-9cfb2a6f8b9e
2025-07-02 19:29:19,771 INFO  - Fetched company for recruiterId=52f3dcc7-e7bb-4419-b8a9-9cfb2a6f8b9e
2025-07-02 19:29:19,783 INFO  - Fetched company for recruiterId=52f3dcc7-e7bb-4419-b8a9-9cfb2a6f8b9e
2025-07-02 19:29:19,803 INFO  - Fetched company for recruiterId=52f3dcc7-e7bb-4419-b8a9-9cfb2a6f8b9e
2025-07-02 19:29:19,812 INFO  - Fetched company for recruiterId=52f3dcc7-e7bb-4419-b8a9-9cfb2a6f8b9e
2025-07-02 19:29:19,827 INFO  - Fetched company for recruiterId=52f3dcc7-e7bb-4419-b8a9-9cfb2a6f8b9e
2025-07-02 19:29:19,837 INFO  - Fetched company for recruiterId=52f3dcc7-e7bb-4419-b8a9-9cfb2a6f8b9e
2025-07-02 19:29:19,849 INFO  - Fetched company for recruiterId=52f3dcc7-e7bb-4419-b8a9-9cfb2a6f8b9e
2025-07-02 19:29:19,898 INFO  - Fetched company for recruiterId=52f3dcc7-e7bb-4419-b8a9-9cfb2a6f8b9e
2025-07-02 19:29:26,915 INFO  - Fetched company for recruiterId=52f3dcc7-e7bb-4419-b8a9-9cfb2a6f8b9e
2025-07-02 19:29:26,917 INFO  - Fetched company for recruiterId=3dc93452-07a2-4843-a650-c7faed6fc07c
2025-07-02 19:29:26,923 INFO  - Fetched company for recruiterId=52f3dcc7-e7bb-4419-b8a9-9cfb2a6f8b9e
2025-07-02 19:29:26,927 INFO  - Fetched company for recruiterId=3dc93452-07a2-4843-a650-c7faed6fc07c
2025-07-02 19:29:26,934 INFO  - Fetched company for recruiterId=3dc93452-07a2-4843-a650-c7faed6fc07c
2025-07-02 19:29:26,936 INFO  - Fetched company for recruiterId=52f3dcc7-e7bb-4419-b8a9-9cfb2a6f8b9e
2025-07-02 19:29:26,943 INFO  - Fetched company for recruiterId=52f3dcc7-e7bb-4419-b8a9-9cfb2a6f8b9e
2025-07-02 19:29:26,946 INFO  - Fetched company for recruiterId=3dc93452-07a2-4843-a650-c7faed6fc07c
2025-07-02 19:29:26,953 INFO  - Fetched company for recruiterId=52f3dcc7-e7bb-4419-b8a9-9cfb2a6f8b9e
2025-07-02 19:29:26,957 INFO  - Fetched company for recruiterId=3dc93452-07a2-4843-a650-c7faed6fc07c
2025-07-02 19:29:26,966 INFO  - Fetched company for recruiterId=52f3dcc7-e7bb-4419-b8a9-9cfb2a6f8b9e
2025-07-02 19:29:26,973 INFO  - Fetched company for recruiterId=52f3dcc7-e7bb-4419-b8a9-9cfb2a6f8b9e
2025-07-02 19:29:26,979 INFO  - Fetched company for recruiterId=52f3dcc7-e7bb-4419-b8a9-9cfb2a6f8b9e
2025-07-02 19:29:26,987 INFO  - Fetched company for recruiterId=52f3dcc7-e7bb-4419-b8a9-9cfb2a6f8b9e
2025-07-02 19:29:26,994 INFO  - Fetched company for recruiterId=52f3dcc7-e7bb-4419-b8a9-9cfb2a6f8b9e
2025-07-02 19:29:26,999 INFO  - Fetched company for recruiterId=52f3dcc7-e7bb-4419-b8a9-9cfb2a6f8b9e
2025-07-02 19:29:27,017 INFO  - Fetched company for recruiterId=52f3dcc7-e7bb-4419-b8a9-9cfb2a6f8b9e
2025-07-02 19:29:27,025 INFO  - Fetched company for recruiterId=52f3dcc7-e7bb-4419-b8a9-9cfb2a6f8b9e
2025-07-02 19:29:27,031 INFO  - Fetched company for recruiterId=52f3dcc7-e7bb-4419-b8a9-9cfb2a6f8b9e
2025-07-02 19:29:27,036 INFO  - Fetched company for recruiterId=52f3dcc7-e7bb-4419-b8a9-9cfb2a6f8b9e
2025-07-02 19:29:27,051 INFO  - Fetched company for recruiterId=52f3dcc7-e7bb-4419-b8a9-9cfb2a6f8b9e
2025-07-02 19:29:34,006 INFO  - Fetched company for recruiterId=585999a5-de05-4b90-bbe4-5cc916da48a2
2025-07-02 19:29:34,014 INFO  - Fetched company for recruiterId=585999a5-de05-4b90-bbe4-5cc916da48a2
2025-07-02 19:29:34,023 INFO  - Fetched company for recruiterId=585999a5-de05-4b90-bbe4-5cc916da48a2
2025-07-02 19:29:34,030 INFO  - Fetched company for recruiterId=585999a5-de05-4b90-bbe4-5cc916da48a2
2025-07-02 19:29:34,038 INFO  - Fetched company for recruiterId=585999a5-de05-4b90-bbe4-5cc916da48a2
2025-07-02 19:29:48,570 INFO  - Fetched company for recruiterId=585999a5-de05-4b90-bbe4-5cc916da48a2
2025-07-02 19:29:48,576 INFO  - Fetched company for recruiterId=585999a5-de05-4b90-bbe4-5cc916da48a2
2025-07-02 19:29:48,586 INFO  - Fetched company for recruiterId=585999a5-de05-4b90-bbe4-5cc916da48a2
2025-07-02 19:29:48,594 INFO  - Fetched company for recruiterId=585999a5-de05-4b90-bbe4-5cc916da48a2
2025-07-02 19:29:48,601 INFO  - Fetched company for recruiterId=585999a5-de05-4b90-bbe4-5cc916da48a2
2025-07-02 19:30:44,665 INFO  - Fetched company for recruiterId=585999a5-de05-4b90-bbe4-5cc916da48a2
2025-07-02 19:30:44,672 INFO  - Fetched company for recruiterId=585999a5-de05-4b90-bbe4-5cc916da48a2
2025-07-02 19:30:44,679 INFO  - Fetched company for recruiterId=585999a5-de05-4b90-bbe4-5cc916da48a2
2025-07-02 19:30:44,685 INFO  - Fetched company for recruiterId=585999a5-de05-4b90-bbe4-5cc916da48a2
2025-07-02 19:30:44,692 INFO  - Fetched company for recruiterId=585999a5-de05-4b90-bbe4-5cc916da48a2
2025-07-02 19:32:44,593 INFO  - Fetched all company names.
2025-07-02 19:32:44,641 INFO  - Fetched company for recruiterId=585999a5-de05-4b90-bbe4-5cc916da48a2
2025-07-02 19:32:44,644 INFO  - Fetched company for recruiterId=52f3dcc7-e7bb-4419-b8a9-9cfb2a6f8b9e
2025-07-02 19:32:44,646 INFO  - Fetched company for recruiterId=585999a5-de05-4b90-bbe4-5cc916da48a2
2025-07-02 19:32:44,649 INFO  - Fetched company for recruiterId=3dc93452-07a2-4843-a650-c7faed6fc07c
2025-07-02 19:32:44,654 INFO  - Fetched company for recruiterId=52f3dcc7-e7bb-4419-b8a9-9cfb2a6f8b9e
2025-07-02 19:32:44,656 INFO  - Fetched company for recruiterId=585999a5-de05-4b90-bbe4-5cc916da48a2
2025-07-02 19:32:44,657 INFO  - Fetched company for recruiterId=3dc93452-07a2-4843-a650-c7faed6fc07c
2025-07-02 19:32:44,665 INFO  - Fetched company for recruiterId=585999a5-de05-4b90-bbe4-5cc916da48a2
2025-07-02 19:32:44,666 INFO  - Fetched company for recruiterId=3dc93452-07a2-4843-a650-c7faed6fc07c
2025-07-02 19:32:44,669 INFO  - Fetched company for recruiterId=52f3dcc7-e7bb-4419-b8a9-9cfb2a6f8b9e
2025-07-02 19:32:44,687 INFO  - Fetched company for recruiterId=585999a5-de05-4b90-bbe4-5cc916da48a2
2025-07-02 19:32:44,687 INFO  - Fetched company for recruiterId=52f3dcc7-e7bb-4419-b8a9-9cfb2a6f8b9e
2025-07-02 19:32:44,687 INFO  - Fetched company for recruiterId=3dc93452-07a2-4843-a650-c7faed6fc07c
2025-07-02 19:32:44,701 INFO  - Fetched company for recruiterId=3dc93452-07a2-4843-a650-c7faed6fc07c
2025-07-02 19:32:44,703 INFO  - Fetched company for recruiterId=52f3dcc7-e7bb-4419-b8a9-9cfb2a6f8b9e
2025-07-02 19:32:44,713 INFO  - Fetched company for recruiterId=52f3dcc7-e7bb-4419-b8a9-9cfb2a6f8b9e
2025-07-02 19:32:44,721 INFO  - Fetched company for recruiterId=52f3dcc7-e7bb-4419-b8a9-9cfb2a6f8b9e
2025-07-02 19:32:44,729 INFO  - Fetched company for recruiterId=52f3dcc7-e7bb-4419-b8a9-9cfb2a6f8b9e
2025-07-02 19:32:44,738 INFO  - Fetched company for recruiterId=52f3dcc7-e7bb-4419-b8a9-9cfb2a6f8b9e
2025-07-02 19:32:44,749 INFO  - Fetched company for recruiterId=52f3dcc7-e7bb-4419-b8a9-9cfb2a6f8b9e
2025-07-02 19:32:44,759 INFO  - Fetched company for recruiterId=52f3dcc7-e7bb-4419-b8a9-9cfb2a6f8b9e
2025-07-02 19:32:44,766 INFO  - Fetched company for recruiterId=52f3dcc7-e7bb-4419-b8a9-9cfb2a6f8b9e
2025-07-02 19:32:44,776 INFO  - Fetched company for recruiterId=52f3dcc7-e7bb-4419-b8a9-9cfb2a6f8b9e
2025-07-02 19:32:44,787 INFO  - Fetched company for recruiterId=52f3dcc7-e7bb-4419-b8a9-9cfb2a6f8b9e
2025-07-02 19:32:44,794 INFO  - Fetched company for recruiterId=52f3dcc7-e7bb-4419-b8a9-9cfb2a6f8b9e
2025-07-02 19:32:44,801 INFO  - Fetched company for recruiterId=52f3dcc7-e7bb-4419-b8a9-9cfb2a6f8b9e
2025-07-02 19:33:24,113 INFO  - Fetched all company names.
2025-07-02 19:33:28,225 INFO  - Fetched all company names.
2025-07-02 19:33:36,610 INFO  - Fetched all company names.
2025-07-02 19:33:38,178 INFO  - Fetched all company names.
2025-07-02 19:33:39,909 INFO  - Fetched all company names.
2025-07-02 19:33:43,112 INFO  - Fetched all company names.
2025-07-02 19:33:52,129 INFO  - Fetched all company names.
2025-07-02 19:34:00,185 INFO  - Fetched all company names.
2025-07-02 19:34:07,940 INFO  - Fetched all company names.
2025-07-02 19:34:14,034 INFO  - Fetched all company names.
2025-07-02 19:34:22,481 INFO  - Fetched company for recruiterId=3dc93452-07a2-4843-a650-c7faed6fc07c
2025-07-02 19:34:22,496 INFO  - Fetched company for recruiterId=3dc93452-07a2-4843-a650-c7faed6fc07c
2025-07-02 19:34:22,506 INFO  - Fetched company for recruiterId=52f3dcc7-e7bb-4419-b8a9-9cfb2a6f8b9e
2025-07-02 19:34:22,520 INFO  - Fetched company for recruiterId=52f3dcc7-e7bb-4419-b8a9-9cfb2a6f8b9e
2025-07-02 19:34:22,529 INFO  - Fetched company for recruiterId=585999a5-de05-4b90-bbe4-5cc916da48a2
2025-07-02 19:34:22,542 INFO  - Fetched company for recruiterId=3dc93452-07a2-4843-a650-c7faed6fc07c
2025-07-02 19:34:22,542 INFO  - Fetched company for recruiterId=52f3dcc7-e7bb-4419-b8a9-9cfb2a6f8b9e
2025-07-02 19:34:22,555 INFO  - Fetched company for recruiterId=585999a5-de05-4b90-bbe4-5cc916da48a2
2025-07-02 19:34:22,570 INFO  - Fetched company for recruiterId=52f3dcc7-e7bb-4419-b8a9-9cfb2a6f8b9e
2025-07-02 19:34:22,570 INFO  - Fetched company for recruiterId=3dc93452-07a2-4843-a650-c7faed6fc07c
2025-07-02 19:34:22,581 INFO  - Fetched company for recruiterId=585999a5-de05-4b90-bbe4-5cc916da48a2
2025-07-02 19:34:22,604 INFO  - Fetched company for recruiterId=52f3dcc7-e7bb-4419-b8a9-9cfb2a6f8b9e
2025-07-02 19:34:22,607 INFO  - Fetched company for recruiterId=3dc93452-07a2-4843-a650-c7faed6fc07c
2025-07-02 19:34:22,616 INFO  - Fetched company for recruiterId=585999a5-de05-4b90-bbe4-5cc916da48a2
2025-07-02 19:34:22,624 INFO  - Fetched company for recruiterId=52f3dcc7-e7bb-4419-b8a9-9cfb2a6f8b9e
2025-07-02 19:34:22,632 INFO  - Fetched company for recruiterId=585999a5-de05-4b90-bbe4-5cc916da48a2
2025-07-02 19:34:22,642 INFO  - Fetched company for recruiterId=52f3dcc7-e7bb-4419-b8a9-9cfb2a6f8b9e
2025-07-02 19:34:22,667 INFO  - Fetched company for recruiterId=52f3dcc7-e7bb-4419-b8a9-9cfb2a6f8b9e
2025-07-02 19:34:22,681 INFO  - Fetched company for recruiterId=52f3dcc7-e7bb-4419-b8a9-9cfb2a6f8b9e
2025-07-02 19:34:22,699 INFO  - Fetched company for recruiterId=52f3dcc7-e7bb-4419-b8a9-9cfb2a6f8b9e
2025-07-02 19:34:22,713 INFO  - Fetched company for recruiterId=52f3dcc7-e7bb-4419-b8a9-9cfb2a6f8b9e
2025-07-02 19:34:22,729 INFO  - Fetched company for recruiterId=52f3dcc7-e7bb-4419-b8a9-9cfb2a6f8b9e
2025-07-02 19:34:22,751 INFO  - Fetched company for recruiterId=52f3dcc7-e7bb-4419-b8a9-9cfb2a6f8b9e
2025-07-02 19:34:22,767 INFO  - Fetched company for recruiterId=52f3dcc7-e7bb-4419-b8a9-9cfb2a6f8b9e
2025-07-02 19:34:22,782 INFO  - Fetched company for recruiterId=52f3dcc7-e7bb-4419-b8a9-9cfb2a6f8b9e
2025-07-02 19:34:22,795 INFO  - Fetched company for recruiterId=52f3dcc7-e7bb-4419-b8a9-9cfb2a6f8b9e
2025-07-02 19:34:38,646 INFO  - Fetched company for recruiterId=3dc93452-07a2-4843-a650-c7faed6fc07c
2025-07-02 19:34:38,651 INFO  - Fetched company for recruiterId=52f3dcc7-e7bb-4419-b8a9-9cfb2a6f8b9e
2025-07-02 19:34:38,656 INFO  - Fetched company for recruiterId=3dc93452-07a2-4843-a650-c7faed6fc07c
2025-07-02 19:34:38,658 INFO  - Fetched company for recruiterId=52f3dcc7-e7bb-4419-b8a9-9cfb2a6f8b9e
2025-07-02 19:34:38,668 INFO  - Fetched company for recruiterId=3dc93452-07a2-4843-a650-c7faed6fc07c
2025-07-02 19:34:38,670 INFO  - Fetched company for recruiterId=52f3dcc7-e7bb-4419-b8a9-9cfb2a6f8b9e
2025-07-02 19:34:38,682 INFO  - Fetched company for recruiterId=52f3dcc7-e7bb-4419-b8a9-9cfb2a6f8b9e
2025-07-02 19:34:38,692 INFO  - Fetched company for recruiterId=52f3dcc7-e7bb-4419-b8a9-9cfb2a6f8b9e
2025-07-02 19:34:38,705 INFO  - Fetched company for recruiterId=52f3dcc7-e7bb-4419-b8a9-9cfb2a6f8b9e
2025-07-02 19:34:38,713 INFO  - Fetched company for recruiterId=52f3dcc7-e7bb-4419-b8a9-9cfb2a6f8b9e
2025-07-02 19:34:38,720 INFO  - Fetched company for recruiterId=52f3dcc7-e7bb-4419-b8a9-9cfb2a6f8b9e
2025-07-02 19:34:38,731 INFO  - Fetched company for recruiterId=52f3dcc7-e7bb-4419-b8a9-9cfb2a6f8b9e
2025-07-02 19:34:38,739 INFO  - Fetched company for recruiterId=52f3dcc7-e7bb-4419-b8a9-9cfb2a6f8b9e
2025-07-02 19:34:38,747 INFO  - Fetched company for recruiterId=52f3dcc7-e7bb-4419-b8a9-9cfb2a6f8b9e
2025-07-02 19:34:38,754 INFO  - Fetched company for recruiterId=52f3dcc7-e7bb-4419-b8a9-9cfb2a6f8b9e
2025-07-02 19:34:38,760 INFO  - Fetched company for recruiterId=52f3dcc7-e7bb-4419-b8a9-9cfb2a6f8b9e
2025-07-02 19:34:38,768 INFO  - Fetched company for recruiterId=52f3dcc7-e7bb-4419-b8a9-9cfb2a6f8b9e
2025-07-02 19:34:38,785 INFO  - Fetched company for recruiterId=52f3dcc7-e7bb-4419-b8a9-9cfb2a6f8b9e
2025-07-02 19:34:38,792 INFO  - Fetched company for recruiterId=52f3dcc7-e7bb-4419-b8a9-9cfb2a6f8b9e
2025-07-02 19:34:45,589 INFO  - Fetched company for recruiterId=3dc93452-07a2-4843-a650-c7faed6fc07c
2025-07-02 19:34:45,598 INFO  - Fetched company for recruiterId=3dc93452-07a2-4843-a650-c7faed6fc07c
2025-07-02 19:34:45,606 INFO  - Fetched company for recruiterId=3dc93452-07a2-4843-a650-c7faed6fc07c
2025-07-02 19:34:49,528 INFO  - Fetched all company names.
2025-07-02 19:34:49,576 INFO  - Fetched company for recruiterId=585999a5-de05-4b90-bbe4-5cc916da48a2
2025-07-02 19:34:49,576 INFO  - Fetched company for recruiterId=3dc93452-07a2-4843-a650-c7faed6fc07c
2025-07-02 19:34:49,580 INFO  - Fetched company for recruiterId=52f3dcc7-e7bb-4419-b8a9-9cfb2a6f8b9e
2025-07-02 19:34:49,584 INFO  - Fetched company for recruiterId=585999a5-de05-4b90-bbe4-5cc916da48a2
2025-07-02 19:34:49,587 INFO  - Fetched company for recruiterId=3dc93452-07a2-4843-a650-c7faed6fc07c
2025-07-02 19:34:49,587 INFO  - Fetched company for recruiterId=52f3dcc7-e7bb-4419-b8a9-9cfb2a6f8b9e
2025-07-02 19:34:49,592 INFO  - Fetched company for recruiterId=585999a5-de05-4b90-bbe4-5cc916da48a2
2025-07-02 19:34:49,594 INFO  - Fetched company for recruiterId=3dc93452-07a2-4843-a650-c7faed6fc07c
2025-07-02 19:34:49,595 INFO  - Fetched company for recruiterId=52f3dcc7-e7bb-4419-b8a9-9cfb2a6f8b9e
2025-07-02 19:34:49,604 INFO  - Fetched company for recruiterId=585999a5-de05-4b90-bbe4-5cc916da48a2
2025-07-02 19:34:49,607 INFO  - Fetched company for recruiterId=3dc93452-07a2-4843-a650-c7faed6fc07c
2025-07-02 19:34:49,610 INFO  - Fetched company for recruiterId=52f3dcc7-e7bb-4419-b8a9-9cfb2a6f8b9e
2025-07-02 19:34:49,617 INFO  - Fetched company for recruiterId=585999a5-de05-4b90-bbe4-5cc916da48a2
2025-07-02 19:34:49,619 INFO  - Fetched company for recruiterId=3dc93452-07a2-4843-a650-c7faed6fc07c
2025-07-02 19:34:49,623 INFO  - Fetched company for recruiterId=52f3dcc7-e7bb-4419-b8a9-9cfb2a6f8b9e
2025-07-02 19:34:49,631 INFO  - Fetched company for recruiterId=52f3dcc7-e7bb-4419-b8a9-9cfb2a6f8b9e
2025-07-02 19:34:49,639 INFO  - Fetched company for recruiterId=52f3dcc7-e7bb-4419-b8a9-9cfb2a6f8b9e
2025-07-02 19:34:49,649 INFO  - Fetched company for recruiterId=52f3dcc7-e7bb-4419-b8a9-9cfb2a6f8b9e
2025-07-02 19:34:49,657 INFO  - Fetched company for recruiterId=52f3dcc7-e7bb-4419-b8a9-9cfb2a6f8b9e
2025-07-02 19:34:49,667 INFO  - Fetched company for recruiterId=52f3dcc7-e7bb-4419-b8a9-9cfb2a6f8b9e
2025-07-02 19:34:49,676 INFO  - Fetched company for recruiterId=52f3dcc7-e7bb-4419-b8a9-9cfb2a6f8b9e
2025-07-02 19:34:49,686 INFO  - Fetched company for recruiterId=52f3dcc7-e7bb-4419-b8a9-9cfb2a6f8b9e
2025-07-02 19:34:49,695 INFO  - Fetched company for recruiterId=52f3dcc7-e7bb-4419-b8a9-9cfb2a6f8b9e
2025-07-02 19:34:49,702 INFO  - Fetched company for recruiterId=52f3dcc7-e7bb-4419-b8a9-9cfb2a6f8b9e
2025-07-02 19:34:49,714 INFO  - Fetched company for recruiterId=52f3dcc7-e7bb-4419-b8a9-9cfb2a6f8b9e
2025-07-02 19:34:49,723 INFO  - Fetched company for recruiterId=52f3dcc7-e7bb-4419-b8a9-9cfb2a6f8b9e
2025-07-02 19:35:03,652 INFO  - Fetched all company names.
2025-07-02 19:35:03,706 INFO  - Fetched company for recruiterId=585999a5-de05-4b90-bbe4-5cc916da48a2
2025-07-02 19:35:03,706 INFO  - Fetched company for recruiterId=3dc93452-07a2-4843-a650-c7faed6fc07c
2025-07-02 19:35:03,708 INFO  - Fetched company for recruiterId=52f3dcc7-e7bb-4419-b8a9-9cfb2a6f8b9e
2025-07-02 19:35:03,715 INFO  - Fetched company for recruiterId=585999a5-de05-4b90-bbe4-5cc916da48a2
2025-07-02 19:35:03,719 INFO  - Fetched company for recruiterId=52f3dcc7-e7bb-4419-b8a9-9cfb2a6f8b9e
2025-07-02 19:35:03,719 INFO  - Fetched company for recruiterId=3dc93452-07a2-4843-a650-c7faed6fc07c
2025-07-02 19:35:03,723 INFO  - Fetched company for recruiterId=585999a5-de05-4b90-bbe4-5cc916da48a2
2025-07-02 19:35:03,730 INFO  - Fetched company for recruiterId=3dc93452-07a2-4843-a650-c7faed6fc07c
2025-07-02 19:35:03,730 INFO  - Fetched company for recruiterId=585999a5-de05-4b90-bbe4-5cc916da48a2
2025-07-02 19:35:03,732 INFO  - Fetched company for recruiterId=52f3dcc7-e7bb-4419-b8a9-9cfb2a6f8b9e
2025-07-02 19:35:03,740 INFO  - Fetched company for recruiterId=3dc93452-07a2-4843-a650-c7faed6fc07c
2025-07-02 19:35:03,743 INFO  - Fetched company for recruiterId=585999a5-de05-4b90-bbe4-5cc916da48a2
2025-07-02 19:35:03,744 INFO  - Fetched company for recruiterId=52f3dcc7-e7bb-4419-b8a9-9cfb2a6f8b9e
2025-07-02 19:35:03,752 INFO  - Fetched company for recruiterId=3dc93452-07a2-4843-a650-c7faed6fc07c
2025-07-02 19:35:03,757 INFO  - Fetched company for recruiterId=52f3dcc7-e7bb-4419-b8a9-9cfb2a6f8b9e
2025-07-02 19:35:03,766 INFO  - Fetched company for recruiterId=52f3dcc7-e7bb-4419-b8a9-9cfb2a6f8b9e
2025-07-02 19:35:03,775 INFO  - Fetched company for recruiterId=52f3dcc7-e7bb-4419-b8a9-9cfb2a6f8b9e
2025-07-02 19:35:03,782 INFO  - Fetched company for recruiterId=52f3dcc7-e7bb-4419-b8a9-9cfb2a6f8b9e
2025-07-02 19:35:03,790 INFO  - Fetched company for recruiterId=52f3dcc7-e7bb-4419-b8a9-9cfb2a6f8b9e
2025-07-02 19:35:03,797 INFO  - Fetched company for recruiterId=52f3dcc7-e7bb-4419-b8a9-9cfb2a6f8b9e
2025-07-02 19:35:03,804 INFO  - Fetched company for recruiterId=52f3dcc7-e7bb-4419-b8a9-9cfb2a6f8b9e
2025-07-02 19:35:03,812 INFO  - Fetched company for recruiterId=52f3dcc7-e7bb-4419-b8a9-9cfb2a6f8b9e
2025-07-02 19:35:03,819 INFO  - Fetched company for recruiterId=52f3dcc7-e7bb-4419-b8a9-9cfb2a6f8b9e
2025-07-02 19:35:03,825 INFO  - Fetched company for recruiterId=52f3dcc7-e7bb-4419-b8a9-9cfb2a6f8b9e
2025-07-02 19:35:03,832 INFO  - Fetched company for recruiterId=52f3dcc7-e7bb-4419-b8a9-9cfb2a6f8b9e
2025-07-02 19:35:03,843 INFO  - Fetched company for recruiterId=52f3dcc7-e7bb-4419-b8a9-9cfb2a6f8b9e
2025-07-02 19:35:08,846 INFO  - Fetched company for recruiterId=585999a5-de05-4b90-bbe4-5cc916da48a2
2025-07-02 19:35:08,846 INFO  - Fetched company for recruiterId=3dc93452-07a2-4843-a650-c7faed6fc07c
2025-07-02 19:35:08,847 INFO  - Fetched company for recruiterId=52f3dcc7-e7bb-4419-b8a9-9cfb2a6f8b9e
2025-07-02 19:35:08,852 INFO  - Fetched company for recruiterId=585999a5-de05-4b90-bbe4-5cc916da48a2
2025-07-02 19:35:08,852 INFO  - Fetched company for recruiterId=3dc93452-07a2-4843-a650-c7faed6fc07c
2025-07-02 19:35:08,852 INFO  - Fetched company for recruiterId=52f3dcc7-e7bb-4419-b8a9-9cfb2a6f8b9e
2025-07-02 19:35:08,858 INFO  - Fetched company for recruiterId=585999a5-de05-4b90-bbe4-5cc916da48a2
2025-07-02 19:35:08,859 INFO  - Fetched company for recruiterId=3dc93452-07a2-4843-a650-c7faed6fc07c
2025-07-02 19:35:08,864 INFO  - Fetched company for recruiterId=585999a5-de05-4b90-bbe4-5cc916da48a2
2025-07-02 19:35:08,869 INFO  - Fetched company for recruiterId=585999a5-de05-4b90-bbe4-5cc916da48a2
2025-07-02 19:35:10,220 INFO  - Fetched all company names.
2025-07-02 19:35:10,258 INFO  - Fetched company for recruiterId=585999a5-de05-4b90-bbe4-5cc916da48a2
2025-07-02 19:35:10,258 INFO  - Fetched company for recruiterId=3dc93452-07a2-4843-a650-c7faed6fc07c
2025-07-02 19:35:10,265 INFO  - Fetched company for recruiterId=52f3dcc7-e7bb-4419-b8a9-9cfb2a6f8b9e
2025-07-02 19:35:10,269 INFO  - Fetched company for recruiterId=585999a5-de05-4b90-bbe4-5cc916da48a2
2025-07-02 19:35:10,270 INFO  - Fetched company for recruiterId=3dc93452-07a2-4843-a650-c7faed6fc07c
2025-07-02 19:35:10,273 INFO  - Fetched company for recruiterId=52f3dcc7-e7bb-4419-b8a9-9cfb2a6f8b9e
2025-07-02 19:35:10,276 INFO  - Fetched company for recruiterId=3dc93452-07a2-4843-a650-c7faed6fc07c
2025-07-02 19:35:10,277 INFO  - Fetched company for recruiterId=585999a5-de05-4b90-bbe4-5cc916da48a2
2025-07-02 19:35:10,284 INFO  - Fetched company for recruiterId=52f3dcc7-e7bb-4419-b8a9-9cfb2a6f8b9e
2025-07-02 19:35:10,287 INFO  - Fetched company for recruiterId=585999a5-de05-4b90-bbe4-5cc916da48a2
2025-07-02 19:35:10,287 INFO  - Fetched company for recruiterId=3dc93452-07a2-4843-a650-c7faed6fc07c
2025-07-02 19:35:10,296 INFO  - Fetched company for recruiterId=52f3dcc7-e7bb-4419-b8a9-9cfb2a6f8b9e
2025-07-02 19:35:10,298 INFO  - Fetched company for recruiterId=585999a5-de05-4b90-bbe4-5cc916da48a2
2025-07-02 19:35:10,298 INFO  - Fetched company for recruiterId=3dc93452-07a2-4843-a650-c7faed6fc07c
2025-07-02 19:35:10,305 INFO  - Fetched company for recruiterId=52f3dcc7-e7bb-4419-b8a9-9cfb2a6f8b9e
2025-07-02 19:35:10,313 INFO  - Fetched company for recruiterId=52f3dcc7-e7bb-4419-b8a9-9cfb2a6f8b9e
2025-07-02 19:35:10,319 INFO  - Fetched company for recruiterId=52f3dcc7-e7bb-4419-b8a9-9cfb2a6f8b9e
2025-07-02 19:35:10,325 INFO  - Fetched company for recruiterId=52f3dcc7-e7bb-4419-b8a9-9cfb2a6f8b9e
2025-07-02 19:35:10,332 INFO  - Fetched company for recruiterId=52f3dcc7-e7bb-4419-b8a9-9cfb2a6f8b9e
2025-07-02 19:35:10,340 INFO  - Fetched company for recruiterId=52f3dcc7-e7bb-4419-b8a9-9cfb2a6f8b9e
2025-07-02 19:35:10,347 INFO  - Fetched company for recruiterId=52f3dcc7-e7bb-4419-b8a9-9cfb2a6f8b9e
2025-07-02 19:35:10,353 INFO  - Fetched company for recruiterId=52f3dcc7-e7bb-4419-b8a9-9cfb2a6f8b9e
2025-07-02 19:35:10,372 INFO  - Fetched company for recruiterId=52f3dcc7-e7bb-4419-b8a9-9cfb2a6f8b9e
2025-07-02 19:35:10,380 INFO  - Fetched company for recruiterId=52f3dcc7-e7bb-4419-b8a9-9cfb2a6f8b9e
2025-07-02 19:35:10,386 INFO  - Fetched company for recruiterId=52f3dcc7-e7bb-4419-b8a9-9cfb2a6f8b9e
2025-07-02 19:35:10,392 INFO  - Fetched company for recruiterId=52f3dcc7-e7bb-4419-b8a9-9cfb2a6f8b9e
2025-07-02 19:35:13,032 INFO  - Fetched all company names.
2025-07-02 19:35:13,070 INFO  - Fetched company for recruiterId=585999a5-de05-4b90-bbe4-5cc916da48a2
2025-07-02 19:35:13,071 INFO  - Fetched company for recruiterId=3dc93452-07a2-4843-a650-c7faed6fc07c
2025-07-02 19:35:13,074 INFO  - Fetched company for recruiterId=52f3dcc7-e7bb-4419-b8a9-9cfb2a6f8b9e
2025-07-02 19:35:13,081 INFO  - Fetched company for recruiterId=585999a5-de05-4b90-bbe4-5cc916da48a2
2025-07-02 19:35:13,081 INFO  - Fetched company for recruiterId=3dc93452-07a2-4843-a650-c7faed6fc07c
2025-07-02 19:35:13,081 INFO  - Fetched company for recruiterId=52f3dcc7-e7bb-4419-b8a9-9cfb2a6f8b9e
2025-07-02 19:35:13,090 INFO  - Fetched company for recruiterId=52f3dcc7-e7bb-4419-b8a9-9cfb2a6f8b9e
2025-07-02 19:35:13,090 INFO  - Fetched company for recruiterId=585999a5-de05-4b90-bbe4-5cc916da48a2
2025-07-02 19:35:13,090 INFO  - Fetched company for recruiterId=3dc93452-07a2-4843-a650-c7faed6fc07c
2025-07-02 19:35:13,099 INFO  - Fetched company for recruiterId=585999a5-de05-4b90-bbe4-5cc916da48a2
2025-07-02 19:35:13,100 INFO  - Fetched company for recruiterId=3dc93452-07a2-4843-a650-c7faed6fc07c
2025-07-02 19:35:13,102 INFO  - Fetched company for recruiterId=52f3dcc7-e7bb-4419-b8a9-9cfb2a6f8b9e
2025-07-02 19:35:13,108 INFO  - Fetched company for recruiterId=585999a5-de05-4b90-bbe4-5cc916da48a2
2025-07-02 19:35:13,109 INFO  - Fetched company for recruiterId=52f3dcc7-e7bb-4419-b8a9-9cfb2a6f8b9e
2025-07-02 19:35:13,109 INFO  - Fetched company for recruiterId=3dc93452-07a2-4843-a650-c7faed6fc07c
2025-07-02 19:35:13,121 INFO  - Fetched company for recruiterId=52f3dcc7-e7bb-4419-b8a9-9cfb2a6f8b9e
2025-07-02 19:35:13,129 INFO  - Fetched company for recruiterId=52f3dcc7-e7bb-4419-b8a9-9cfb2a6f8b9e
2025-07-02 19:35:13,137 INFO  - Fetched company for recruiterId=52f3dcc7-e7bb-4419-b8a9-9cfb2a6f8b9e
2025-07-02 19:35:13,144 INFO  - Fetched company for recruiterId=52f3dcc7-e7bb-4419-b8a9-9cfb2a6f8b9e
2025-07-02 19:35:13,152 INFO  - Fetched company for recruiterId=52f3dcc7-e7bb-4419-b8a9-9cfb2a6f8b9e
2025-07-02 19:35:13,159 INFO  - Fetched company for recruiterId=52f3dcc7-e7bb-4419-b8a9-9cfb2a6f8b9e
2025-07-02 19:35:13,165 INFO  - Fetched company for recruiterId=52f3dcc7-e7bb-4419-b8a9-9cfb2a6f8b9e
2025-07-02 19:35:13,172 INFO  - Fetched company for recruiterId=52f3dcc7-e7bb-4419-b8a9-9cfb2a6f8b9e
2025-07-02 19:35:13,180 INFO  - Fetched company for recruiterId=52f3dcc7-e7bb-4419-b8a9-9cfb2a6f8b9e
2025-07-02 19:35:13,187 INFO  - Fetched company for recruiterId=52f3dcc7-e7bb-4419-b8a9-9cfb2a6f8b9e
2025-07-02 19:35:13,193 INFO  - Fetched company for recruiterId=52f3dcc7-e7bb-4419-b8a9-9cfb2a6f8b9e
2025-07-02 19:35:15,334 INFO  - Fetched all company names.
2025-07-02 19:35:15,372 INFO  - Fetched company for recruiterId=3dc93452-07a2-4843-a650-c7faed6fc07c
2025-07-02 19:35:15,373 INFO  - Fetched company for recruiterId=585999a5-de05-4b90-bbe4-5cc916da48a2
2025-07-02 19:35:15,375 INFO  - Fetched company for recruiterId=52f3dcc7-e7bb-4419-b8a9-9cfb2a6f8b9e
2025-07-02 19:35:15,380 INFO  - Fetched company for recruiterId=3dc93452-07a2-4843-a650-c7faed6fc07c
2025-07-02 19:35:15,380 INFO  - Fetched company for recruiterId=585999a5-de05-4b90-bbe4-5cc916da48a2
2025-07-02 19:35:15,384 INFO  - Fetched company for recruiterId=52f3dcc7-e7bb-4419-b8a9-9cfb2a6f8b9e
2025-07-02 19:35:15,390 INFO  - Fetched company for recruiterId=585999a5-de05-4b90-bbe4-5cc916da48a2
2025-07-02 19:35:15,390 INFO  - Fetched company for recruiterId=3dc93452-07a2-4843-a650-c7faed6fc07c
2025-07-02 19:35:15,394 INFO  - Fetched company for recruiterId=52f3dcc7-e7bb-4419-b8a9-9cfb2a6f8b9e
2025-07-02 19:35:15,397 INFO  - Fetched company for recruiterId=585999a5-de05-4b90-bbe4-5cc916da48a2
2025-07-02 19:35:15,399 INFO  - Fetched company for recruiterId=3dc93452-07a2-4843-a650-c7faed6fc07c
2025-07-02 19:35:15,405 INFO  - Fetched company for recruiterId=52f3dcc7-e7bb-4419-b8a9-9cfb2a6f8b9e
2025-07-02 19:35:15,407 INFO  - Fetched company for recruiterId=585999a5-de05-4b90-bbe4-5cc916da48a2
2025-07-02 19:35:15,409 INFO  - Fetched company for recruiterId=3dc93452-07a2-4843-a650-c7faed6fc07c
2025-07-02 19:35:15,416 INFO  - Fetched company for recruiterId=52f3dcc7-e7bb-4419-b8a9-9cfb2a6f8b9e
2025-07-02 19:35:15,435 INFO  - Fetched company for recruiterId=52f3dcc7-e7bb-4419-b8a9-9cfb2a6f8b9e
2025-07-02 19:35:15,442 INFO  - Fetched company for recruiterId=52f3dcc7-e7bb-4419-b8a9-9cfb2a6f8b9e
2025-07-02 19:35:15,449 INFO  - Fetched company for recruiterId=52f3dcc7-e7bb-4419-b8a9-9cfb2a6f8b9e
2025-07-02 19:35:15,455 INFO  - Fetched company for recruiterId=52f3dcc7-e7bb-4419-b8a9-9cfb2a6f8b9e
2025-07-02 19:35:15,461 INFO  - Fetched company for recruiterId=52f3dcc7-e7bb-4419-b8a9-9cfb2a6f8b9e
2025-07-02 19:35:15,467 INFO  - Fetched company for recruiterId=52f3dcc7-e7bb-4419-b8a9-9cfb2a6f8b9e
2025-07-02 19:35:15,473 INFO  - Fetched company for recruiterId=52f3dcc7-e7bb-4419-b8a9-9cfb2a6f8b9e
2025-07-02 19:35:15,482 INFO  - Fetched company for recruiterId=52f3dcc7-e7bb-4419-b8a9-9cfb2a6f8b9e
2025-07-02 19:35:15,488 INFO  - Fetched company for recruiterId=52f3dcc7-e7bb-4419-b8a9-9cfb2a6f8b9e
2025-07-02 19:35:15,494 INFO  - Fetched company for recruiterId=52f3dcc7-e7bb-4419-b8a9-9cfb2a6f8b9e
2025-07-02 19:35:15,500 INFO  - Fetched company for recruiterId=52f3dcc7-e7bb-4419-b8a9-9cfb2a6f8b9e
2025-07-02 19:35:19,548 INFO  - Fetched company for recruiterId=3dc93452-07a2-4843-a650-c7faed6fc07c
2025-07-02 19:35:19,548 INFO  - Fetched company for recruiterId=585999a5-de05-4b90-bbe4-5cc916da48a2
2025-07-02 19:35:19,550 INFO  - Fetched company for recruiterId=52f3dcc7-e7bb-4419-b8a9-9cfb2a6f8b9e
2025-07-02 19:35:19,556 INFO  - Fetched company for recruiterId=585999a5-de05-4b90-bbe4-5cc916da48a2
2025-07-02 19:35:19,557 INFO  - Fetched company for recruiterId=3dc93452-07a2-4843-a650-c7faed6fc07c
2025-07-02 19:35:19,557 INFO  - Fetched company for recruiterId=52f3dcc7-e7bb-4419-b8a9-9cfb2a6f8b9e
2025-07-02 19:35:19,564 INFO  - Fetched company for recruiterId=585999a5-de05-4b90-bbe4-5cc916da48a2
2025-07-02 19:35:19,564 INFO  - Fetched company for recruiterId=3dc93452-07a2-4843-a650-c7faed6fc07c
2025-07-02 19:35:19,572 INFO  - Fetched company for recruiterId=585999a5-de05-4b90-bbe4-5cc916da48a2
2025-07-02 19:35:19,578 INFO  - Fetched company for recruiterId=585999a5-de05-4b90-bbe4-5cc916da48a2
2025-07-02 19:35:21,124 INFO  - Fetched company for recruiterId=52f3dcc7-e7bb-4419-b8a9-9cfb2a6f8b9e
2025-07-02 19:35:21,134 INFO  - Fetched company for recruiterId=52f3dcc7-e7bb-4419-b8a9-9cfb2a6f8b9e
2025-07-02 19:35:21,144 INFO  - Fetched company for recruiterId=52f3dcc7-e7bb-4419-b8a9-9cfb2a6f8b9e
2025-07-02 19:35:21,157 INFO  - Fetched company for recruiterId=52f3dcc7-e7bb-4419-b8a9-9cfb2a6f8b9e
2025-07-02 19:35:21,164 INFO  - Fetched company for recruiterId=3dc93452-07a2-4843-a650-c7faed6fc07c
2025-07-02 19:35:21,172 INFO  - Fetched company for recruiterId=3dc93452-07a2-4843-a650-c7faed6fc07c
2025-07-02 19:35:21,182 INFO  - Fetched company for recruiterId=52f3dcc7-e7bb-4419-b8a9-9cfb2a6f8b9e
2025-07-02 19:35:21,189 INFO  - Fetched company for recruiterId=52f3dcc7-e7bb-4419-b8a9-9cfb2a6f8b9e
2025-07-02 19:35:21,195 INFO  - Fetched company for recruiterId=52f3dcc7-e7bb-4419-b8a9-9cfb2a6f8b9e
2025-07-02 19:35:21,201 INFO  - Fetched company for recruiterId=52f3dcc7-e7bb-4419-b8a9-9cfb2a6f8b9e
2025-07-02 19:35:21,210 INFO  - Fetched company for recruiterId=52f3dcc7-e7bb-4419-b8a9-9cfb2a6f8b9e
2025-07-02 19:35:21,220 INFO  - Fetched company for recruiterId=52f3dcc7-e7bb-4419-b8a9-9cfb2a6f8b9e
2025-07-02 19:35:21,228 INFO  - Fetched company for recruiterId=52f3dcc7-e7bb-4419-b8a9-9cfb2a6f8b9e
2025-07-02 19:35:21,234 INFO  - Fetched company for recruiterId=52f3dcc7-e7bb-4419-b8a9-9cfb2a6f8b9e
2025-07-02 19:35:21,240 INFO  - Fetched company for recruiterId=52f3dcc7-e7bb-4419-b8a9-9cfb2a6f8b9e
2025-07-02 19:35:21,248 INFO  - Fetched company for recruiterId=52f3dcc7-e7bb-4419-b8a9-9cfb2a6f8b9e
2025-07-02 19:36:35,271 INFO  - Fetched all company names.
2025-07-02 19:36:35,312 INFO  - Fetched company for recruiterId=3dc93452-07a2-4843-a650-c7faed6fc07c
2025-07-02 19:36:35,312 INFO  - Fetched company for recruiterId=585999a5-de05-4b90-bbe4-5cc916da48a2
2025-07-02 19:36:35,314 INFO  - Fetched company for recruiterId=52f3dcc7-e7bb-4419-b8a9-9cfb2a6f8b9e
2025-07-02 19:36:35,320 INFO  - Fetched company for recruiterId=585999a5-de05-4b90-bbe4-5cc916da48a2
2025-07-02 19:36:35,320 INFO  - Fetched company for recruiterId=3dc93452-07a2-4843-a650-c7faed6fc07c
2025-07-02 19:36:35,322 INFO  - Fetched company for recruiterId=52f3dcc7-e7bb-4419-b8a9-9cfb2a6f8b9e
2025-07-02 19:36:35,328 INFO  - Fetched company for recruiterId=585999a5-de05-4b90-bbe4-5cc916da48a2
2025-07-02 19:36:35,328 INFO  - Fetched company for recruiterId=3dc93452-07a2-4843-a650-c7faed6fc07c
2025-07-02 19:36:35,331 INFO  - Fetched company for recruiterId=52f3dcc7-e7bb-4419-b8a9-9cfb2a6f8b9e
2025-07-02 19:36:35,337 INFO  - Fetched company for recruiterId=585999a5-de05-4b90-bbe4-5cc916da48a2
2025-07-02 19:36:35,339 INFO  - Fetched company for recruiterId=3dc93452-07a2-4843-a650-c7faed6fc07c
2025-07-02 19:36:35,339 INFO  - Fetched company for recruiterId=52f3dcc7-e7bb-4419-b8a9-9cfb2a6f8b9e
2025-07-02 19:36:35,349 INFO  - Fetched company for recruiterId=585999a5-de05-4b90-bbe4-5cc916da48a2
2025-07-02 19:36:35,351 INFO  - Fetched company for recruiterId=52f3dcc7-e7bb-4419-b8a9-9cfb2a6f8b9e
2025-07-02 19:36:35,353 INFO  - Fetched company for recruiterId=3dc93452-07a2-4843-a650-c7faed6fc07c
2025-07-02 19:36:35,363 INFO  - Fetched company for recruiterId=52f3dcc7-e7bb-4419-b8a9-9cfb2a6f8b9e
2025-07-02 19:36:35,371 INFO  - Fetched company for recruiterId=52f3dcc7-e7bb-4419-b8a9-9cfb2a6f8b9e
2025-07-02 19:36:35,378 INFO  - Fetched company for recruiterId=52f3dcc7-e7bb-4419-b8a9-9cfb2a6f8b9e
2025-07-02 19:36:35,386 INFO  - Fetched company for recruiterId=52f3dcc7-e7bb-4419-b8a9-9cfb2a6f8b9e
2025-07-02 19:36:35,394 INFO  - Fetched company for recruiterId=52f3dcc7-e7bb-4419-b8a9-9cfb2a6f8b9e
2025-07-02 19:36:35,401 INFO  - Fetched company for recruiterId=52f3dcc7-e7bb-4419-b8a9-9cfb2a6f8b9e
2025-07-02 19:36:35,410 INFO  - Fetched company for recruiterId=52f3dcc7-e7bb-4419-b8a9-9cfb2a6f8b9e
2025-07-02 19:36:35,417 INFO  - Fetched company for recruiterId=52f3dcc7-e7bb-4419-b8a9-9cfb2a6f8b9e
2025-07-02 19:36:35,426 INFO  - Fetched company for recruiterId=52f3dcc7-e7bb-4419-b8a9-9cfb2a6f8b9e
2025-07-02 19:36:35,432 INFO  - Fetched company for recruiterId=52f3dcc7-e7bb-4419-b8a9-9cfb2a6f8b9e
2025-07-02 19:36:35,440 INFO  - Fetched company for recruiterId=52f3dcc7-e7bb-4419-b8a9-9cfb2a6f8b9e
2025-07-02 19:37:01,318 INFO  - Fetched all company names.
2025-07-02 19:37:01,354 INFO  - Fetched company for recruiterId=585999a5-de05-4b90-bbe4-5cc916da48a2
2025-07-02 19:37:01,354 INFO  - Fetched company for recruiterId=3dc93452-07a2-4843-a650-c7faed6fc07c
2025-07-02 19:37:01,356 INFO  - Fetched company for recruiterId=52f3dcc7-e7bb-4419-b8a9-9cfb2a6f8b9e
2025-07-02 19:37:01,364 INFO  - Fetched company for recruiterId=585999a5-de05-4b90-bbe4-5cc916da48a2
2025-07-02 19:37:01,364 INFO  - Fetched company for recruiterId=52f3dcc7-e7bb-4419-b8a9-9cfb2a6f8b9e
2025-07-02 19:37:01,364 INFO  - Fetched company for recruiterId=3dc93452-07a2-4843-a650-c7faed6fc07c
2025-07-02 19:37:01,374 INFO  - Fetched company for recruiterId=585999a5-de05-4b90-bbe4-5cc916da48a2
2025-07-02 19:37:01,374 INFO  - Fetched company for recruiterId=52f3dcc7-e7bb-4419-b8a9-9cfb2a6f8b9e
2025-07-02 19:37:01,375 INFO  - Fetched company for recruiterId=3dc93452-07a2-4843-a650-c7faed6fc07c
2025-07-02 19:37:01,383 INFO  - Fetched company for recruiterId=3dc93452-07a2-4843-a650-c7faed6fc07c
2025-07-02 19:37:01,383 INFO  - Fetched company for recruiterId=52f3dcc7-e7bb-4419-b8a9-9cfb2a6f8b9e
2025-07-02 19:37:01,384 INFO  - Fetched company for recruiterId=585999a5-de05-4b90-bbe4-5cc916da48a2
2025-07-02 19:37:01,393 INFO  - Fetched company for recruiterId=585999a5-de05-4b90-bbe4-5cc916da48a2
2025-07-02 19:37:01,393 INFO  - Fetched company for recruiterId=52f3dcc7-e7bb-4419-b8a9-9cfb2a6f8b9e
2025-07-02 19:37:01,395 INFO  - Fetched company for recruiterId=3dc93452-07a2-4843-a650-c7faed6fc07c
2025-07-02 19:37:01,404 INFO  - Fetched company for recruiterId=52f3dcc7-e7bb-4419-b8a9-9cfb2a6f8b9e
2025-07-02 19:37:01,420 INFO  - Fetched company for recruiterId=52f3dcc7-e7bb-4419-b8a9-9cfb2a6f8b9e
2025-07-02 19:37:01,430 INFO  - Fetched company for recruiterId=52f3dcc7-e7bb-4419-b8a9-9cfb2a6f8b9e
2025-07-02 19:37:01,437 INFO  - Fetched company for recruiterId=52f3dcc7-e7bb-4419-b8a9-9cfb2a6f8b9e
2025-07-02 19:37:01,444 INFO  - Fetched company for recruiterId=52f3dcc7-e7bb-4419-b8a9-9cfb2a6f8b9e
2025-07-02 19:37:01,453 INFO  - Fetched company for recruiterId=52f3dcc7-e7bb-4419-b8a9-9cfb2a6f8b9e
2025-07-02 19:37:01,459 INFO  - Fetched company for recruiterId=52f3dcc7-e7bb-4419-b8a9-9cfb2a6f8b9e
2025-07-02 19:37:01,466 INFO  - Fetched company for recruiterId=52f3dcc7-e7bb-4419-b8a9-9cfb2a6f8b9e
2025-07-02 19:37:01,473 INFO  - Fetched company for recruiterId=52f3dcc7-e7bb-4419-b8a9-9cfb2a6f8b9e
2025-07-02 19:37:01,481 INFO  - Fetched company for recruiterId=52f3dcc7-e7bb-4419-b8a9-9cfb2a6f8b9e
2025-07-02 19:37:01,487 INFO  - Fetched company for recruiterId=52f3dcc7-e7bb-4419-b8a9-9cfb2a6f8b9e
2025-07-02 19:37:11,353 INFO  - Fetched all company names.
2025-07-02 19:37:11,389 INFO  - Fetched company for recruiterId=3dc93452-07a2-4843-a650-c7faed6fc07c
2025-07-02 19:37:11,389 INFO  - Fetched company for recruiterId=585999a5-de05-4b90-bbe4-5cc916da48a2
2025-07-02 19:37:11,392 INFO  - Fetched company for recruiterId=52f3dcc7-e7bb-4419-b8a9-9cfb2a6f8b9e
2025-07-02 19:37:11,400 INFO  - Fetched company for recruiterId=3dc93452-07a2-4843-a650-c7faed6fc07c
2025-07-02 19:37:11,400 INFO  - Fetched company for recruiterId=585999a5-de05-4b90-bbe4-5cc916da48a2
2025-07-02 19:37:11,400 INFO  - Fetched company for recruiterId=52f3dcc7-e7bb-4419-b8a9-9cfb2a6f8b9e
2025-07-02 19:37:11,409 INFO  - Fetched company for recruiterId=3dc93452-07a2-4843-a650-c7faed6fc07c
2025-07-02 19:37:11,410 INFO  - Fetched company for recruiterId=52f3dcc7-e7bb-4419-b8a9-9cfb2a6f8b9e
2025-07-02 19:37:11,410 INFO  - Fetched company for recruiterId=585999a5-de05-4b90-bbe4-5cc916da48a2
2025-07-02 19:37:11,419 INFO  - Fetched company for recruiterId=585999a5-de05-4b90-bbe4-5cc916da48a2
2025-07-02 19:37:11,420 INFO  - Fetched company for recruiterId=3dc93452-07a2-4843-a650-c7faed6fc07c
2025-07-02 19:37:11,420 INFO  - Fetched company for recruiterId=52f3dcc7-e7bb-4419-b8a9-9cfb2a6f8b9e
2025-07-02 19:37:11,429 INFO  - Fetched company for recruiterId=52f3dcc7-e7bb-4419-b8a9-9cfb2a6f8b9e
2025-07-02 19:37:11,429 INFO  - Fetched company for recruiterId=585999a5-de05-4b90-bbe4-5cc916da48a2
2025-07-02 19:37:11,430 INFO  - Fetched company for recruiterId=3dc93452-07a2-4843-a650-c7faed6fc07c
2025-07-02 19:37:11,440 INFO  - Fetched company for recruiterId=52f3dcc7-e7bb-4419-b8a9-9cfb2a6f8b9e
2025-07-02 19:37:11,446 INFO  - Fetched company for recruiterId=52f3dcc7-e7bb-4419-b8a9-9cfb2a6f8b9e
2025-07-02 19:37:11,452 INFO  - Fetched company for recruiterId=52f3dcc7-e7bb-4419-b8a9-9cfb2a6f8b9e
2025-07-02 19:37:11,458 INFO  - Fetched company for recruiterId=52f3dcc7-e7bb-4419-b8a9-9cfb2a6f8b9e
2025-07-02 19:37:11,468 INFO  - Fetched company for recruiterId=52f3dcc7-e7bb-4419-b8a9-9cfb2a6f8b9e
2025-07-02 19:37:11,475 INFO  - Fetched company for recruiterId=52f3dcc7-e7bb-4419-b8a9-9cfb2a6f8b9e
2025-07-02 19:37:11,481 INFO  - Fetched company for recruiterId=52f3dcc7-e7bb-4419-b8a9-9cfb2a6f8b9e
2025-07-02 19:37:11,489 INFO  - Fetched company for recruiterId=52f3dcc7-e7bb-4419-b8a9-9cfb2a6f8b9e
2025-07-02 19:37:11,497 INFO  - Fetched company for recruiterId=52f3dcc7-e7bb-4419-b8a9-9cfb2a6f8b9e
2025-07-02 19:37:11,503 INFO  - Fetched company for recruiterId=52f3dcc7-e7bb-4419-b8a9-9cfb2a6f8b9e
2025-07-02 19:37:11,509 INFO  - Fetched company for recruiterId=52f3dcc7-e7bb-4419-b8a9-9cfb2a6f8b9e
2025-07-02 19:43:30,946 INFO  - Fetched all company names.
2025-07-02 19:43:31,121 INFO  - Fetched all skills.
2025-07-02 19:43:31,133 INFO  - Fetched company for recruiterId=3dc93452-07a2-4843-a650-c7faed6fc07c
2025-07-02 19:43:31,146 INFO  - Fetched company for recruiterId=3dc93452-07a2-4843-a650-c7faed6fc07c
2025-07-02 19:43:31,146 INFO  - Fetched company for recruiterId=585999a5-de05-4b90-bbe4-5cc916da48a2
2025-07-02 19:43:31,166 INFO  - Fetched company for recruiterId=585999a5-de05-4b90-bbe4-5cc916da48a2
2025-07-02 19:43:31,167 INFO  - Fetched company for recruiterId=3dc93452-07a2-4843-a650-c7faed6fc07c
2025-07-02 19:43:31,172 INFO  - Fetched company for recruiterId=52f3dcc7-e7bb-4419-b8a9-9cfb2a6f8b9e
2025-07-02 19:43:31,180 INFO  - Fetched company for recruiterId=585999a5-de05-4b90-bbe4-5cc916da48a2
2025-07-02 19:43:31,181 INFO  - Fetched company for recruiterId=52f3dcc7-e7bb-4419-b8a9-9cfb2a6f8b9e
2025-07-02 19:43:31,283 INFO  - Fetched company for recruiterId=52f3dcc7-e7bb-4419-b8a9-9cfb2a6f8b9e
2025-07-02 19:43:31,286 INFO  - Fetched company for recruiterId=585999a5-de05-4b90-bbe4-5cc916da48a2
2025-07-02 19:43:31,291 INFO  - Fetched company for recruiterId=3dc93452-07a2-4843-a650-c7faed6fc07c
2025-07-02 19:43:31,316 INFO  - Fetched company for recruiterId=585999a5-de05-4b90-bbe4-5cc916da48a2
2025-07-02 19:43:31,327 INFO  - Fetched company for recruiterId=52f3dcc7-e7bb-4419-b8a9-9cfb2a6f8b9e
2025-07-02 19:43:31,337 INFO  - Fetched company for recruiterId=3dc93452-07a2-4843-a650-c7faed6fc07c
2025-07-02 19:43:31,357 INFO  - Fetched company for recruiterId=52f3dcc7-e7bb-4419-b8a9-9cfb2a6f8b9e
2025-07-02 19:43:31,376 INFO  - Fetched company for recruiterId=52f3dcc7-e7bb-4419-b8a9-9cfb2a6f8b9e
2025-07-02 19:43:31,384 INFO  - Fetched company for recruiterId=52f3dcc7-e7bb-4419-b8a9-9cfb2a6f8b9e
2025-07-02 19:43:31,402 INFO  - Fetched company for recruiterId=52f3dcc7-e7bb-4419-b8a9-9cfb2a6f8b9e
2025-07-02 19:43:31,424 INFO  - Fetched company for recruiterId=52f3dcc7-e7bb-4419-b8a9-9cfb2a6f8b9e
2025-07-02 19:43:31,432 INFO  - Fetched company for recruiterId=52f3dcc7-e7bb-4419-b8a9-9cfb2a6f8b9e
2025-07-02 19:43:31,439 INFO  - Fetched company for recruiterId=52f3dcc7-e7bb-4419-b8a9-9cfb2a6f8b9e
2025-07-02 19:43:31,453 INFO  - Fetched company for recruiterId=52f3dcc7-e7bb-4419-b8a9-9cfb2a6f8b9e
2025-07-02 19:43:31,469 INFO  - Fetched company for recruiterId=52f3dcc7-e7bb-4419-b8a9-9cfb2a6f8b9e
2025-07-02 19:43:31,479 INFO  - Fetched company for recruiterId=52f3dcc7-e7bb-4419-b8a9-9cfb2a6f8b9e
2025-07-02 19:43:31,489 INFO  - Fetched company for recruiterId=52f3dcc7-e7bb-4419-b8a9-9cfb2a6f8b9e
2025-07-02 19:43:31,504 INFO  - Fetched company for recruiterId=52f3dcc7-e7bb-4419-b8a9-9cfb2a6f8b9e
2025-07-02 19:46:23,643 INFO  - Fetched all company names.
2025-07-02 19:46:23,694 INFO  - Fetched all skills.
2025-07-02 19:46:23,780 INFO  - Fetched company for recruiterId=3dc93452-07a2-4843-a650-c7faed6fc07c
2025-07-02 19:46:23,785 INFO  - Fetched company for recruiterId=585999a5-de05-4b90-bbe4-5cc916da48a2
2025-07-02 19:46:23,796 INFO  - Fetched company for recruiterId=3dc93452-07a2-4843-a650-c7faed6fc07c
2025-07-02 19:46:23,800 INFO  - Fetched company for recruiterId=585999a5-de05-4b90-bbe4-5cc916da48a2
2025-07-02 19:46:23,802 INFO  - Fetched company for recruiterId=52f3dcc7-e7bb-4419-b8a9-9cfb2a6f8b9e
2025-07-02 19:46:23,813 INFO  - Fetched company for recruiterId=3dc93452-07a2-4843-a650-c7faed6fc07c
2025-07-02 19:46:23,815 INFO  - Fetched company for recruiterId=585999a5-de05-4b90-bbe4-5cc916da48a2
2025-07-02 19:46:23,817 INFO  - Fetched company for recruiterId=52f3dcc7-e7bb-4419-b8a9-9cfb2a6f8b9e
2025-07-02 19:46:23,829 INFO  - Fetched company for recruiterId=585999a5-de05-4b90-bbe4-5cc916da48a2
2025-07-02 19:46:23,832 INFO  - Fetched company for recruiterId=52f3dcc7-e7bb-4419-b8a9-9cfb2a6f8b9e
2025-07-02 19:46:23,848 INFO  - Fetched company for recruiterId=585999a5-de05-4b90-bbe4-5cc916da48a2
2025-07-02 19:46:23,857 INFO  - Fetched company for recruiterId=52f3dcc7-e7bb-4419-b8a9-9cfb2a6f8b9e
2025-07-02 19:46:23,870 INFO  - Fetched company for recruiterId=3dc93452-07a2-4843-a650-c7faed6fc07c
2025-07-02 19:46:23,884 INFO  - Fetched company for recruiterId=52f3dcc7-e7bb-4419-b8a9-9cfb2a6f8b9e
2025-07-02 19:46:23,899 INFO  - Fetched company for recruiterId=3dc93452-07a2-4843-a650-c7faed6fc07c
2025-07-02 19:46:23,909 INFO  - Fetched company for recruiterId=52f3dcc7-e7bb-4419-b8a9-9cfb2a6f8b9e
2025-07-02 19:46:23,930 INFO  - Fetched company for recruiterId=52f3dcc7-e7bb-4419-b8a9-9cfb2a6f8b9e
2025-07-02 19:46:23,964 INFO  - Fetched company for recruiterId=52f3dcc7-e7bb-4419-b8a9-9cfb2a6f8b9e
2025-07-02 19:46:23,975 INFO  - Fetched company for recruiterId=52f3dcc7-e7bb-4419-b8a9-9cfb2a6f8b9e
2025-07-02 19:46:24,000 INFO  - Fetched company for recruiterId=52f3dcc7-e7bb-4419-b8a9-9cfb2a6f8b9e
2025-07-02 19:46:24,016 INFO  - Fetched company for recruiterId=52f3dcc7-e7bb-4419-b8a9-9cfb2a6f8b9e
2025-07-02 19:46:24,036 INFO  - Fetched company for recruiterId=52f3dcc7-e7bb-4419-b8a9-9cfb2a6f8b9e
2025-07-02 19:46:24,051 INFO  - Fetched company for recruiterId=52f3dcc7-e7bb-4419-b8a9-9cfb2a6f8b9e
2025-07-02 19:46:24,067 INFO  - Fetched company for recruiterId=52f3dcc7-e7bb-4419-b8a9-9cfb2a6f8b9e
2025-07-02 19:46:24,087 INFO  - Fetched company for recruiterId=52f3dcc7-e7bb-4419-b8a9-9cfb2a6f8b9e
2025-07-02 19:46:24,102 INFO  - Fetched company for recruiterId=52f3dcc7-e7bb-4419-b8a9-9cfb2a6f8b9e
2025-07-02 19:48:06,815 INFO  - Fetched all skills.
2025-07-02 19:48:06,826 INFO  - Fetched all company names.
2025-07-02 19:48:07,063 INFO  - Fetched company for recruiterId=3dc93452-07a2-4843-a650-c7faed6fc07c
2025-07-02 19:48:07,064 INFO  - Fetched company for recruiterId=585999a5-de05-4b90-bbe4-5cc916da48a2
2025-07-02 19:48:07,068 INFO  - Fetched company for recruiterId=52f3dcc7-e7bb-4419-b8a9-9cfb2a6f8b9e
2025-07-02 19:48:07,083 INFO  - Fetched company for recruiterId=3dc93452-07a2-4843-a650-c7faed6fc07c
2025-07-02 19:48:07,084 INFO  - Fetched company for recruiterId=52f3dcc7-e7bb-4419-b8a9-9cfb2a6f8b9e
2025-07-02 19:48:07,084 INFO  - Fetched company for recruiterId=585999a5-de05-4b90-bbe4-5cc916da48a2
2025-07-02 19:48:07,098 INFO  - Fetched company for recruiterId=585999a5-de05-4b90-bbe4-5cc916da48a2
2025-07-02 19:48:07,098 INFO  - Fetched company for recruiterId=3dc93452-07a2-4843-a650-c7faed6fc07c
2025-07-02 19:48:07,099 INFO  - Fetched company for recruiterId=52f3dcc7-e7bb-4419-b8a9-9cfb2a6f8b9e
2025-07-02 19:48:07,110 INFO  - Fetched company for recruiterId=3dc93452-07a2-4843-a650-c7faed6fc07c
2025-07-02 19:48:07,110 INFO  - Fetched company for recruiterId=585999a5-de05-4b90-bbe4-5cc916da48a2
2025-07-02 19:48:07,110 INFO  - Fetched company for recruiterId=52f3dcc7-e7bb-4419-b8a9-9cfb2a6f8b9e
2025-07-02 19:48:07,127 INFO  - Fetched company for recruiterId=585999a5-de05-4b90-bbe4-5cc916da48a2
2025-07-02 19:48:07,128 INFO  - Fetched company for recruiterId=3dc93452-07a2-4843-a650-c7faed6fc07c
2025-07-02 19:48:07,130 INFO  - Fetched company for recruiterId=52f3dcc7-e7bb-4419-b8a9-9cfb2a6f8b9e
2025-07-02 19:48:07,137 INFO  - Fetched company for recruiterId=52f3dcc7-e7bb-4419-b8a9-9cfb2a6f8b9e
2025-07-02 19:48:07,146 INFO  - Fetched company for recruiterId=52f3dcc7-e7bb-4419-b8a9-9cfb2a6f8b9e
2025-07-02 19:48:07,155 INFO  - Fetched company for recruiterId=52f3dcc7-e7bb-4419-b8a9-9cfb2a6f8b9e
2025-07-02 19:48:07,171 INFO  - Fetched company for recruiterId=52f3dcc7-e7bb-4419-b8a9-9cfb2a6f8b9e
2025-07-02 19:48:07,184 INFO  - Fetched company for recruiterId=52f3dcc7-e7bb-4419-b8a9-9cfb2a6f8b9e
2025-07-02 19:48:07,191 INFO  - Fetched company for recruiterId=52f3dcc7-e7bb-4419-b8a9-9cfb2a6f8b9e
2025-07-02 19:48:07,200 INFO  - Fetched company for recruiterId=52f3dcc7-e7bb-4419-b8a9-9cfb2a6f8b9e
2025-07-02 19:48:07,217 INFO  - Fetched company for recruiterId=52f3dcc7-e7bb-4419-b8a9-9cfb2a6f8b9e
2025-07-02 19:48:07,231 INFO  - Fetched company for recruiterId=52f3dcc7-e7bb-4419-b8a9-9cfb2a6f8b9e
2025-07-02 19:48:07,239 INFO  - Fetched company for recruiterId=52f3dcc7-e7bb-4419-b8a9-9cfb2a6f8b9e
2025-07-02 19:48:07,246 INFO  - Fetched company for recruiterId=52f3dcc7-e7bb-4419-b8a9-9cfb2a6f8b9e
2025-07-02 19:48:11,090 INFO  - Fetched all skills.
2025-07-02 19:48:11,123 INFO  - Fetched all company names.
2025-07-02 19:48:11,169 INFO  - Fetched company for recruiterId=3dc93452-07a2-4843-a650-c7faed6fc07c
2025-07-02 19:48:11,171 INFO  - Fetched company for recruiterId=585999a5-de05-4b90-bbe4-5cc916da48a2
2025-07-02 19:48:11,182 INFO  - Fetched company for recruiterId=52f3dcc7-e7bb-4419-b8a9-9cfb2a6f8b9e
2025-07-02 19:48:11,185 INFO  - Fetched company for recruiterId=585999a5-de05-4b90-bbe4-5cc916da48a2
2025-07-02 19:48:11,185 INFO  - Fetched company for recruiterId=3dc93452-07a2-4843-a650-c7faed6fc07c
2025-07-02 19:48:11,194 INFO  - Fetched company for recruiterId=52f3dcc7-e7bb-4419-b8a9-9cfb2a6f8b9e
2025-07-02 19:48:11,194 INFO  - Fetched company for recruiterId=585999a5-de05-4b90-bbe4-5cc916da48a2
2025-07-02 19:48:11,194 INFO  - Fetched company for recruiterId=3dc93452-07a2-4843-a650-c7faed6fc07c
2025-07-02 19:48:11,206 INFO  - Fetched company for recruiterId=3dc93452-07a2-4843-a650-c7faed6fc07c
2025-07-02 19:48:11,206 INFO  - Fetched company for recruiterId=585999a5-de05-4b90-bbe4-5cc916da48a2
2025-07-02 19:48:11,207 INFO  - Fetched company for recruiterId=52f3dcc7-e7bb-4419-b8a9-9cfb2a6f8b9e
2025-07-02 19:48:11,224 INFO  - Fetched company for recruiterId=3dc93452-07a2-4843-a650-c7faed6fc07c
2025-07-02 19:48:11,224 INFO  - Fetched company for recruiterId=585999a5-de05-4b90-bbe4-5cc916da48a2
2025-07-02 19:48:11,224 INFO  - Fetched company for recruiterId=52f3dcc7-e7bb-4419-b8a9-9cfb2a6f8b9e
2025-07-02 19:48:11,235 INFO  - Fetched company for recruiterId=52f3dcc7-e7bb-4419-b8a9-9cfb2a6f8b9e
2025-07-02 19:48:11,245 INFO  - Fetched company for recruiterId=52f3dcc7-e7bb-4419-b8a9-9cfb2a6f8b9e
2025-07-02 19:48:11,252 INFO  - Fetched company for recruiterId=52f3dcc7-e7bb-4419-b8a9-9cfb2a6f8b9e
2025-07-02 19:48:11,260 INFO  - Fetched company for recruiterId=52f3dcc7-e7bb-4419-b8a9-9cfb2a6f8b9e
2025-07-02 19:48:11,274 INFO  - Fetched company for recruiterId=52f3dcc7-e7bb-4419-b8a9-9cfb2a6f8b9e
2025-07-02 19:48:11,283 INFO  - Fetched company for recruiterId=52f3dcc7-e7bb-4419-b8a9-9cfb2a6f8b9e
2025-07-02 19:48:11,292 INFO  - Fetched company for recruiterId=52f3dcc7-e7bb-4419-b8a9-9cfb2a6f8b9e
2025-07-02 19:48:11,298 INFO  - Fetched company for recruiterId=52f3dcc7-e7bb-4419-b8a9-9cfb2a6f8b9e
2025-07-02 19:48:11,306 INFO  - Fetched company for recruiterId=52f3dcc7-e7bb-4419-b8a9-9cfb2a6f8b9e
2025-07-02 19:48:11,311 INFO  - Fetched company for recruiterId=52f3dcc7-e7bb-4419-b8a9-9cfb2a6f8b9e
2025-07-02 19:48:11,329 INFO  - Fetched company for recruiterId=52f3dcc7-e7bb-4419-b8a9-9cfb2a6f8b9e
2025-07-02 19:48:11,334 INFO  - Fetched company for recruiterId=52f3dcc7-e7bb-4419-b8a9-9cfb2a6f8b9e
2025-07-02 19:48:39,279 INFO  - Fetched all company names.
2025-07-02 19:48:39,308 INFO  - Fetched company for recruiterId=585999a5-de05-4b90-bbe4-5cc916da48a2
2025-07-02 19:48:39,308 INFO  - Fetched company for recruiterId=3dc93452-07a2-4843-a650-c7faed6fc07c
2025-07-02 19:48:39,316 INFO  - Fetched company for recruiterId=52f3dcc7-e7bb-4419-b8a9-9cfb2a6f8b9e
2025-07-02 19:48:39,318 INFO  - Fetched company for recruiterId=3dc93452-07a2-4843-a650-c7faed6fc07c
2025-07-02 19:48:39,318 INFO  - Fetched company for recruiterId=585999a5-de05-4b90-bbe4-5cc916da48a2
2025-07-02 19:48:39,325 INFO  - Fetched company for recruiterId=52f3dcc7-e7bb-4419-b8a9-9cfb2a6f8b9e
2025-07-02 19:48:39,329 INFO  - Fetched company for recruiterId=585999a5-de05-4b90-bbe4-5cc916da48a2
2025-07-02 19:48:39,329 INFO  - Fetched company for recruiterId=3dc93452-07a2-4843-a650-c7faed6fc07c
2025-07-02 19:48:39,340 INFO  - Fetched company for recruiterId=585999a5-de05-4b90-bbe4-5cc916da48a2
2025-07-02 19:48:39,345 INFO  - Fetched company for recruiterId=585999a5-de05-4b90-bbe4-5cc916da48a2
2025-07-02 19:48:40,240 INFO  - Fetched company for recruiterId=52f3dcc7-e7bb-4419-b8a9-9cfb2a6f8b9e
2025-07-02 19:48:40,247 INFO  - Fetched company for recruiterId=52f3dcc7-e7bb-4419-b8a9-9cfb2a6f8b9e
2025-07-02 19:48:40,266 INFO  - Fetched company for recruiterId=52f3dcc7-e7bb-4419-b8a9-9cfb2a6f8b9e
2025-07-02 19:48:40,268 INFO  - Fetched company for recruiterId=3dc93452-07a2-4843-a650-c7faed6fc07c
2025-07-02 19:48:40,277 INFO  - Fetched company for recruiterId=3dc93452-07a2-4843-a650-c7faed6fc07c
2025-07-02 19:48:40,277 INFO  - Fetched company for recruiterId=52f3dcc7-e7bb-4419-b8a9-9cfb2a6f8b9e
2025-07-02 19:48:40,286 INFO  - Fetched company for recruiterId=52f3dcc7-e7bb-4419-b8a9-9cfb2a6f8b9e
2025-07-02 19:48:40,296 INFO  - Fetched company for recruiterId=52f3dcc7-e7bb-4419-b8a9-9cfb2a6f8b9e
2025-07-02 19:48:40,303 INFO  - Fetched company for recruiterId=52f3dcc7-e7bb-4419-b8a9-9cfb2a6f8b9e
2025-07-02 19:48:40,316 INFO  - Fetched company for recruiterId=52f3dcc7-e7bb-4419-b8a9-9cfb2a6f8b9e
2025-07-02 19:48:40,323 INFO  - Fetched company for recruiterId=52f3dcc7-e7bb-4419-b8a9-9cfb2a6f8b9e
2025-07-02 19:48:40,332 INFO  - Fetched company for recruiterId=52f3dcc7-e7bb-4419-b8a9-9cfb2a6f8b9e
2025-07-02 19:48:40,339 INFO  - Fetched company for recruiterId=52f3dcc7-e7bb-4419-b8a9-9cfb2a6f8b9e
2025-07-02 19:48:40,348 INFO  - Fetched company for recruiterId=52f3dcc7-e7bb-4419-b8a9-9cfb2a6f8b9e
2025-07-02 19:48:40,355 INFO  - Fetched company for recruiterId=52f3dcc7-e7bb-4419-b8a9-9cfb2a6f8b9e
2025-07-02 19:48:40,369 INFO  - Fetched company for recruiterId=52f3dcc7-e7bb-4419-b8a9-9cfb2a6f8b9e
2025-07-02 19:48:48,573 INFO  - Fetched company for recruiterId=585999a5-de05-4b90-bbe4-5cc916da48a2
2025-07-02 19:48:48,573 INFO  - Fetched company for recruiterId=3dc93452-07a2-4843-a650-c7faed6fc07c
2025-07-02 19:48:48,577 INFO  - Fetched company for recruiterId=52f3dcc7-e7bb-4419-b8a9-9cfb2a6f8b9e
2025-07-02 19:48:48,584 INFO  - Fetched company for recruiterId=3dc93452-07a2-4843-a650-c7faed6fc07c
2025-07-02 19:48:48,584 INFO  - Fetched company for recruiterId=585999a5-de05-4b90-bbe4-5cc916da48a2
2025-07-02 19:48:48,586 INFO  - Fetched company for recruiterId=52f3dcc7-e7bb-4419-b8a9-9cfb2a6f8b9e
2025-07-02 19:48:48,594 INFO  - Fetched company for recruiterId=585999a5-de05-4b90-bbe4-5cc916da48a2
2025-07-02 19:48:48,594 INFO  - Fetched company for recruiterId=3dc93452-07a2-4843-a650-c7faed6fc07c
2025-07-02 19:48:48,595 INFO  - Fetched company for recruiterId=52f3dcc7-e7bb-4419-b8a9-9cfb2a6f8b9e
2025-07-02 19:48:48,602 INFO  - Fetched company for recruiterId=3dc93452-07a2-4843-a650-c7faed6fc07c
2025-07-02 19:48:48,602 INFO  - Fetched company for recruiterId=585999a5-de05-4b90-bbe4-5cc916da48a2
2025-07-02 19:48:48,603 INFO  - Fetched company for recruiterId=52f3dcc7-e7bb-4419-b8a9-9cfb2a6f8b9e
2025-07-02 19:48:48,615 INFO  - Fetched company for recruiterId=585999a5-de05-4b90-bbe4-5cc916da48a2
2025-07-02 19:48:48,615 INFO  - Fetched company for recruiterId=3dc93452-07a2-4843-a650-c7faed6fc07c
2025-07-02 19:48:48,615 INFO  - Fetched company for recruiterId=52f3dcc7-e7bb-4419-b8a9-9cfb2a6f8b9e
2025-07-02 19:48:48,621 INFO  - Fetched company for recruiterId=52f3dcc7-e7bb-4419-b8a9-9cfb2a6f8b9e
2025-07-02 19:48:48,626 INFO  - Fetched company for recruiterId=52f3dcc7-e7bb-4419-b8a9-9cfb2a6f8b9e
2025-07-02 19:48:48,632 INFO  - Fetched company for recruiterId=52f3dcc7-e7bb-4419-b8a9-9cfb2a6f8b9e
2025-07-02 19:48:48,637 INFO  - Fetched company for recruiterId=52f3dcc7-e7bb-4419-b8a9-9cfb2a6f8b9e
2025-07-02 19:48:48,644 INFO  - Fetched company for recruiterId=52f3dcc7-e7bb-4419-b8a9-9cfb2a6f8b9e
2025-07-02 19:48:48,650 INFO  - Fetched company for recruiterId=52f3dcc7-e7bb-4419-b8a9-9cfb2a6f8b9e
2025-07-02 19:48:48,663 INFO  - Fetched company for recruiterId=52f3dcc7-e7bb-4419-b8a9-9cfb2a6f8b9e
2025-07-02 19:48:48,667 INFO  - Fetched company for recruiterId=52f3dcc7-e7bb-4419-b8a9-9cfb2a6f8b9e
2025-07-02 19:48:48,674 INFO  - Fetched company for recruiterId=52f3dcc7-e7bb-4419-b8a9-9cfb2a6f8b9e
2025-07-02 19:48:48,679 INFO  - Fetched company for recruiterId=52f3dcc7-e7bb-4419-b8a9-9cfb2a6f8b9e
2025-07-02 19:48:48,684 INFO  - Fetched company for recruiterId=52f3dcc7-e7bb-4419-b8a9-9cfb2a6f8b9e
2025-07-02 19:48:52,264 INFO  - Fetched all company names.
2025-07-02 19:48:52,265 INFO  - Fetched company for recruiterId=585999a5-de05-4b90-bbe4-5cc916da48a2
2025-07-02 19:48:52,265 INFO  - Fetched company for recruiterId=3dc93452-07a2-4843-a650-c7faed6fc07c
2025-07-02 19:48:52,272 INFO  - Fetched company for recruiterId=585999a5-de05-4b90-bbe4-5cc916da48a2
2025-07-02 19:48:52,272 INFO  - Fetched company for recruiterId=3dc93452-07a2-4843-a650-c7faed6fc07c
2025-07-02 19:48:52,279 INFO  - Fetched company for recruiterId=585999a5-de05-4b90-bbe4-5cc916da48a2
2025-07-02 19:48:52,280 INFO  - Fetched company for recruiterId=3dc93452-07a2-4843-a650-c7faed6fc07c
2025-07-02 19:48:52,281 INFO  - Fetched company for recruiterId=52f3dcc7-e7bb-4419-b8a9-9cfb2a6f8b9e
2025-07-02 19:48:52,288 INFO  - Fetched company for recruiterId=585999a5-de05-4b90-bbe4-5cc916da48a2
2025-07-02 19:48:52,291 INFO  - Fetched company for recruiterId=3dc93452-07a2-4843-a650-c7faed6fc07c
2025-07-02 19:48:52,297 INFO  - Fetched company for recruiterId=52f3dcc7-e7bb-4419-b8a9-9cfb2a6f8b9e
2025-07-02 19:48:52,304 INFO  - Fetched company for recruiterId=585999a5-de05-4b90-bbe4-5cc916da48a2
2025-07-02 19:48:52,313 INFO  - Fetched company for recruiterId=3dc93452-07a2-4843-a650-c7faed6fc07c
2025-07-02 19:48:52,316 INFO  - Fetched company for recruiterId=52f3dcc7-e7bb-4419-b8a9-9cfb2a6f8b9e
2025-07-02 19:48:52,326 INFO  - Fetched company for recruiterId=52f3dcc7-e7bb-4419-b8a9-9cfb2a6f8b9e
2025-07-02 19:48:52,335 INFO  - Fetched company for recruiterId=52f3dcc7-e7bb-4419-b8a9-9cfb2a6f8b9e
2025-07-02 19:48:52,343 INFO  - Fetched company for recruiterId=52f3dcc7-e7bb-4419-b8a9-9cfb2a6f8b9e
2025-07-02 19:48:52,353 INFO  - Fetched company for recruiterId=52f3dcc7-e7bb-4419-b8a9-9cfb2a6f8b9e
2025-07-02 19:48:52,367 INFO  - Fetched company for recruiterId=52f3dcc7-e7bb-4419-b8a9-9cfb2a6f8b9e
2025-07-02 19:48:52,374 INFO  - Fetched company for recruiterId=52f3dcc7-e7bb-4419-b8a9-9cfb2a6f8b9e
2025-07-02 19:48:52,384 INFO  - Fetched company for recruiterId=52f3dcc7-e7bb-4419-b8a9-9cfb2a6f8b9e
2025-07-02 19:48:52,391 INFO  - Fetched company for recruiterId=52f3dcc7-e7bb-4419-b8a9-9cfb2a6f8b9e
2025-07-02 19:48:52,402 INFO  - Fetched company for recruiterId=52f3dcc7-e7bb-4419-b8a9-9cfb2a6f8b9e
2025-07-02 19:48:52,416 INFO  - Fetched company for recruiterId=52f3dcc7-e7bb-4419-b8a9-9cfb2a6f8b9e
2025-07-02 19:48:52,422 INFO  - Fetched company for recruiterId=52f3dcc7-e7bb-4419-b8a9-9cfb2a6f8b9e
2025-07-02 19:48:52,432 INFO  - Fetched company for recruiterId=52f3dcc7-e7bb-4419-b8a9-9cfb2a6f8b9e
2025-07-02 19:48:52,439 INFO  - Fetched company for recruiterId=52f3dcc7-e7bb-4419-b8a9-9cfb2a6f8b9e
2025-07-02 19:49:43,697 INFO  - Fetched all company names.
2025-07-02 19:49:43,814 INFO  - Fetched company for recruiterId=585999a5-de05-4b90-bbe4-5cc916da48a2
2025-07-02 19:49:43,814 INFO  - Fetched company for recruiterId=3dc93452-07a2-4843-a650-c7faed6fc07c
2025-07-02 19:49:43,838 INFO  - Fetched company for recruiterId=52f3dcc7-e7bb-4419-b8a9-9cfb2a6f8b9e
2025-07-02 19:49:43,839 INFO  - Fetched company for recruiterId=585999a5-de05-4b90-bbe4-5cc916da48a2
2025-07-02 19:49:43,852 INFO  - Fetched company for recruiterId=3dc93452-07a2-4843-a650-c7faed6fc07c
2025-07-02 19:49:43,868 INFO  - Fetched company for recruiterId=52f3dcc7-e7bb-4419-b8a9-9cfb2a6f8b9e
2025-07-02 19:49:43,873 INFO  - Fetched company for recruiterId=585999a5-de05-4b90-bbe4-5cc916da48a2
2025-07-02 19:49:43,878 INFO  - Fetched company for recruiterId=3dc93452-07a2-4843-a650-c7faed6fc07c
2025-07-02 19:49:43,887 INFO  - Fetched company for recruiterId=585999a5-de05-4b90-bbe4-5cc916da48a2
2025-07-02 19:49:43,899 INFO  - Fetched company for recruiterId=585999a5-de05-4b90-bbe4-5cc916da48a2
2025-07-02 19:49:43,922 INFO  - Fetched all skills.
2025-07-02 19:50:17,887 INFO  - Fetched all skills.
2025-07-02 19:50:17,981 INFO  - Fetched all company names.
2025-07-02 19:50:18,098 INFO  - Fetched company for recruiterId=3dc93452-07a2-4843-a650-c7faed6fc07c
2025-07-02 19:50:18,101 INFO  - Fetched company for recruiterId=585999a5-de05-4b90-bbe4-5cc916da48a2
2025-07-02 19:50:18,119 INFO  - Fetched company for recruiterId=3dc93452-07a2-4843-a650-c7faed6fc07c
2025-07-02 19:50:18,119 INFO  - Fetched company for recruiterId=52f3dcc7-e7bb-4419-b8a9-9cfb2a6f8b9e
2025-07-02 19:50:18,121 INFO  - Fetched company for recruiterId=585999a5-de05-4b90-bbe4-5cc916da48a2
2025-07-02 19:50:18,126 INFO  - Fetched company for recruiterId=3dc93452-07a2-4843-a650-c7faed6fc07c
2025-07-02 19:50:18,126 INFO  - Fetched company for recruiterId=52f3dcc7-e7bb-4419-b8a9-9cfb2a6f8b9e
2025-07-02 19:50:18,127 INFO  - Fetched company for recruiterId=585999a5-de05-4b90-bbe4-5cc916da48a2
2025-07-02 19:50:18,133 INFO  - Fetched company for recruiterId=585999a5-de05-4b90-bbe4-5cc916da48a2
2025-07-02 19:50:18,138 INFO  - Fetched company for recruiterId=585999a5-de05-4b90-bbe4-5cc916da48a2
2025-07-02 19:50:26,747 INFO  - Fetched all skills.
2025-07-02 19:50:26,834 INFO  - Fetched all company names.
2025-07-02 19:50:26,950 INFO  - Fetched company for recruiterId=3dc93452-07a2-4843-a650-c7faed6fc07c
2025-07-02 19:50:26,952 INFO  - Fetched company for recruiterId=585999a5-de05-4b90-bbe4-5cc916da48a2
2025-07-02 19:50:26,972 INFO  - Fetched company for recruiterId=52f3dcc7-e7bb-4419-b8a9-9cfb2a6f8b9e
2025-07-02 19:50:26,973 INFO  - Fetched company for recruiterId=3dc93452-07a2-4843-a650-c7faed6fc07c
2025-07-02 19:50:26,973 INFO  - Fetched company for recruiterId=585999a5-de05-4b90-bbe4-5cc916da48a2
2025-07-02 19:50:26,982 INFO  - Fetched company for recruiterId=52f3dcc7-e7bb-4419-b8a9-9cfb2a6f8b9e
2025-07-02 19:50:26,984 INFO  - Fetched company for recruiterId=585999a5-de05-4b90-bbe4-5cc916da48a2
2025-07-02 19:50:26,984 INFO  - Fetched company for recruiterId=3dc93452-07a2-4843-a650-c7faed6fc07c
2025-07-02 19:50:26,993 INFO  - Fetched company for recruiterId=585999a5-de05-4b90-bbe4-5cc916da48a2
2025-07-02 19:50:27,003 INFO  - Fetched company for recruiterId=585999a5-de05-4b90-bbe4-5cc916da48a2
2025-07-02 19:52:48,071 INFO  - Fetched all company names.
2025-07-02 19:52:48,274 INFO  - Fetched all skills.
2025-07-02 19:52:48,473 INFO  - Fetched company for recruiterId=585999a5-de05-4b90-bbe4-5cc916da48a2
2025-07-02 19:52:48,474 INFO  - Fetched company for recruiterId=3dc93452-07a2-4843-a650-c7faed6fc07c
2025-07-02 19:52:48,489 INFO  - Fetched company for recruiterId=585999a5-de05-4b90-bbe4-5cc916da48a2
2025-07-02 19:52:48,489 INFO  - Fetched company for recruiterId=3dc93452-07a2-4843-a650-c7faed6fc07c
2025-07-02 19:52:48,497 INFO  - Fetched company for recruiterId=52f3dcc7-e7bb-4419-b8a9-9cfb2a6f8b9e
2025-07-02 19:52:48,502 INFO  - Fetched company for recruiterId=585999a5-de05-4b90-bbe4-5cc916da48a2
2025-07-02 19:52:48,503 INFO  - Fetched company for recruiterId=3dc93452-07a2-4843-a650-c7faed6fc07c
2025-07-02 19:52:48,522 INFO  - Fetched company for recruiterId=52f3dcc7-e7bb-4419-b8a9-9cfb2a6f8b9e
2025-07-02 19:52:48,522 INFO  - Fetched company for recruiterId=585999a5-de05-4b90-bbe4-5cc916da48a2
2025-07-02 19:52:48,533 INFO  - Fetched company for recruiterId=585999a5-de05-4b90-bbe4-5cc916da48a2
2025-07-02 19:52:50,126 INFO  - Fetched company for recruiterId=52f3dcc7-e7bb-4419-b8a9-9cfb2a6f8b9e
2025-07-02 19:52:50,133 INFO  - Fetched company for recruiterId=52f3dcc7-e7bb-4419-b8a9-9cfb2a6f8b9e
2025-07-02 19:52:50,143 INFO  - Fetched company for recruiterId=52f3dcc7-e7bb-4419-b8a9-9cfb2a6f8b9e
2025-07-02 19:52:50,154 INFO  - Fetched company for recruiterId=52f3dcc7-e7bb-4419-b8a9-9cfb2a6f8b9e
2025-07-02 19:52:50,173 INFO  - Fetched company for recruiterId=52f3dcc7-e7bb-4419-b8a9-9cfb2a6f8b9e
2025-07-02 19:52:50,184 INFO  - Fetched company for recruiterId=52f3dcc7-e7bb-4419-b8a9-9cfb2a6f8b9e
2025-07-02 19:52:50,186 INFO  - Fetched company for recruiterId=3dc93452-07a2-4843-a650-c7faed6fc07c
2025-07-02 19:52:50,197 INFO  - Fetched company for recruiterId=52f3dcc7-e7bb-4419-b8a9-9cfb2a6f8b9e
2025-07-02 19:52:50,202 INFO  - Fetched company for recruiterId=3dc93452-07a2-4843-a650-c7faed6fc07c
2025-07-02 19:52:50,223 INFO  - Fetched company for recruiterId=52f3dcc7-e7bb-4419-b8a9-9cfb2a6f8b9e
2025-07-02 19:52:50,235 INFO  - Fetched company for recruiterId=52f3dcc7-e7bb-4419-b8a9-9cfb2a6f8b9e
2025-07-02 19:52:50,249 INFO  - Fetched company for recruiterId=52f3dcc7-e7bb-4419-b8a9-9cfb2a6f8b9e
2025-07-02 19:52:50,273 INFO  - Fetched company for recruiterId=52f3dcc7-e7bb-4419-b8a9-9cfb2a6f8b9e
2025-07-02 19:52:50,284 INFO  - Fetched company for recruiterId=52f3dcc7-e7bb-4419-b8a9-9cfb2a6f8b9e
2025-07-02 19:52:50,295 INFO  - Fetched company for recruiterId=52f3dcc7-e7bb-4419-b8a9-9cfb2a6f8b9e
2025-07-02 19:52:50,328 INFO  - Fetched company for recruiterId=52f3dcc7-e7bb-4419-b8a9-9cfb2a6f8b9e
2025-07-02 19:54:28,793 INFO  - Fetched all company names.
2025-07-02 19:54:28,833 INFO  - Fetched all skills.
2025-07-02 19:54:29,055 INFO  - Fetched company for recruiterId=3dc93452-07a2-4843-a650-c7faed6fc07c
2025-07-02 19:54:29,056 INFO  - Fetched company for recruiterId=585999a5-de05-4b90-bbe4-5cc916da48a2
2025-07-02 19:54:29,078 INFO  - Fetched company for recruiterId=52f3dcc7-e7bb-4419-b8a9-9cfb2a6f8b9e
2025-07-02 19:54:29,078 INFO  - Fetched company for recruiterId=585999a5-de05-4b90-bbe4-5cc916da48a2
2025-07-02 19:54:29,080 INFO  - Fetched company for recruiterId=3dc93452-07a2-4843-a650-c7faed6fc07c
2025-07-02 19:54:29,087 INFO  - Fetched company for recruiterId=585999a5-de05-4b90-bbe4-5cc916da48a2
2025-07-02 19:54:29,088 INFO  - Fetched company for recruiterId=3dc93452-07a2-4843-a650-c7faed6fc07c
2025-07-02 19:54:29,088 INFO  - Fetched company for recruiterId=52f3dcc7-e7bb-4419-b8a9-9cfb2a6f8b9e
2025-07-02 19:54:29,095 INFO  - Fetched company for recruiterId=585999a5-de05-4b90-bbe4-5cc916da48a2
2025-07-02 19:54:29,104 INFO  - Fetched company for recruiterId=585999a5-de05-4b90-bbe4-5cc916da48a2
2025-07-02 19:54:34,478 INFO  - Fetched company for recruiterId=52f3dcc7-e7bb-4419-b8a9-9cfb2a6f8b9e
2025-07-02 19:54:34,478 INFO  - Fetched company for recruiterId=3dc93452-07a2-4843-a650-c7faed6fc07c
2025-07-02 19:54:34,490 INFO  - Fetched company for recruiterId=52f3dcc7-e7bb-4419-b8a9-9cfb2a6f8b9e
2025-07-02 19:54:34,499 INFO  - Fetched company for recruiterId=52f3dcc7-e7bb-4419-b8a9-9cfb2a6f8b9e
2025-07-02 19:54:34,507 INFO  - Fetched company for recruiterId=52f3dcc7-e7bb-4419-b8a9-9cfb2a6f8b9e
2025-07-02 19:54:34,552 INFO  - Fetched company for recruiterId=52f3dcc7-e7bb-4419-b8a9-9cfb2a6f8b9e
2025-07-02 19:54:34,575 INFO  - Fetched company for recruiterId=52f3dcc7-e7bb-4419-b8a9-9cfb2a6f8b9e
2025-07-02 19:54:34,581 INFO  - Fetched company for recruiterId=52f3dcc7-e7bb-4419-b8a9-9cfb2a6f8b9e
2025-07-02 19:54:34,586 INFO  - Fetched company for recruiterId=52f3dcc7-e7bb-4419-b8a9-9cfb2a6f8b9e
2025-07-02 19:54:34,591 INFO  - Fetched company for recruiterId=52f3dcc7-e7bb-4419-b8a9-9cfb2a6f8b9e
2025-07-02 19:54:34,596 INFO  - Fetched company for recruiterId=52f3dcc7-e7bb-4419-b8a9-9cfb2a6f8b9e
2025-07-02 19:54:34,604 INFO  - Fetched company for recruiterId=52f3dcc7-e7bb-4419-b8a9-9cfb2a6f8b9e
2025-07-02 19:54:34,626 INFO  - Fetched company for recruiterId=52f3dcc7-e7bb-4419-b8a9-9cfb2a6f8b9e
2025-07-02 19:54:34,633 INFO  - Fetched company for recruiterId=52f3dcc7-e7bb-4419-b8a9-9cfb2a6f8b9e
2025-07-02 19:54:34,639 INFO  - Fetched company for recruiterId=52f3dcc7-e7bb-4419-b8a9-9cfb2a6f8b9e
2025-07-02 19:55:02,628 INFO  - Fetched company for recruiterId=3dc93452-07a2-4843-a650-c7faed6fc07c
2025-07-02 19:55:02,628 INFO  - Fetched company for recruiterId=585999a5-de05-4b90-bbe4-5cc916da48a2
2025-07-02 19:55:02,628 INFO  - Fetched company for recruiterId=52f3dcc7-e7bb-4419-b8a9-9cfb2a6f8b9e
2025-07-02 19:55:02,639 INFO  - Fetched company for recruiterId=3dc93452-07a2-4843-a650-c7faed6fc07c
2025-07-02 19:55:02,639 INFO  - Fetched company for recruiterId=585999a5-de05-4b90-bbe4-5cc916da48a2
2025-07-02 19:55:02,639 INFO  - Fetched company for recruiterId=52f3dcc7-e7bb-4419-b8a9-9cfb2a6f8b9e
2025-07-02 19:55:02,656 INFO  - Fetched company for recruiterId=585999a5-de05-4b90-bbe4-5cc916da48a2
2025-07-02 19:55:02,656 INFO  - Fetched company for recruiterId=52f3dcc7-e7bb-4419-b8a9-9cfb2a6f8b9e
2025-07-02 19:55:02,657 INFO  - Fetched company for recruiterId=3dc93452-07a2-4843-a650-c7faed6fc07c
2025-07-02 19:55:02,677 INFO  - Fetched company for recruiterId=585999a5-de05-4b90-bbe4-5cc916da48a2
2025-07-02 19:55:02,677 INFO  - Fetched company for recruiterId=3dc93452-07a2-4843-a650-c7faed6fc07c
2025-07-02 19:55:02,678 INFO  - Fetched company for recruiterId=52f3dcc7-e7bb-4419-b8a9-9cfb2a6f8b9e
2025-07-02 19:55:02,689 INFO  - Fetched company for recruiterId=585999a5-de05-4b90-bbe4-5cc916da48a2
2025-07-02 19:55:02,689 INFO  - Fetched company for recruiterId=52f3dcc7-e7bb-4419-b8a9-9cfb2a6f8b9e
2025-07-02 19:55:02,702 INFO  - Fetched company for recruiterId=52f3dcc7-e7bb-4419-b8a9-9cfb2a6f8b9e
2025-07-02 19:55:02,726 INFO  - Fetched company for recruiterId=52f3dcc7-e7bb-4419-b8a9-9cfb2a6f8b9e
2025-07-02 19:55:02,732 INFO  - Fetched company for recruiterId=52f3dcc7-e7bb-4419-b8a9-9cfb2a6f8b9e
2025-07-02 19:55:02,738 INFO  - Fetched company for recruiterId=52f3dcc7-e7bb-4419-b8a9-9cfb2a6f8b9e
2025-07-02 19:55:02,744 INFO  - Fetched company for recruiterId=52f3dcc7-e7bb-4419-b8a9-9cfb2a6f8b9e
2025-07-02 19:55:02,751 INFO  - Fetched company for recruiterId=52f3dcc7-e7bb-4419-b8a9-9cfb2a6f8b9e
2025-07-02 19:55:02,777 INFO  - Fetched company for recruiterId=52f3dcc7-e7bb-4419-b8a9-9cfb2a6f8b9e
2025-07-02 19:55:02,783 INFO  - Fetched company for recruiterId=52f3dcc7-e7bb-4419-b8a9-9cfb2a6f8b9e
2025-07-02 19:55:02,790 INFO  - Fetched company for recruiterId=52f3dcc7-e7bb-4419-b8a9-9cfb2a6f8b9e
2025-07-02 19:55:02,796 INFO  - Fetched company for recruiterId=52f3dcc7-e7bb-4419-b8a9-9cfb2a6f8b9e
2025-07-02 19:55:02,806 INFO  - Fetched company for recruiterId=52f3dcc7-e7bb-4419-b8a9-9cfb2a6f8b9e
2025-07-02 19:58:24,558 INFO  - Fetched all company names.
2025-07-02 19:58:24,658 INFO  - Fetched company for recruiterId=3dc93452-07a2-4843-a650-c7faed6fc07c
2025-07-02 19:58:24,678 INFO  - Fetched all skills.
2025-07-02 19:58:24,682 INFO  - Fetched company for recruiterId=52f3dcc7-e7bb-4419-b8a9-9cfb2a6f8b9e
2025-07-02 19:58:24,682 INFO  - Fetched company for recruiterId=3dc93452-07a2-4843-a650-c7faed6fc07c
2025-07-02 19:58:24,696 INFO  - Fetched company for recruiterId=585999a5-de05-4b90-bbe4-5cc916da48a2
2025-07-02 19:58:24,721 INFO  - Fetched company for recruiterId=52f3dcc7-e7bb-4419-b8a9-9cfb2a6f8b9e
2025-07-02 19:58:24,723 INFO  - Fetched company for recruiterId=3dc93452-07a2-4843-a650-c7faed6fc07c
2025-07-02 19:58:24,734 INFO  - Fetched company for recruiterId=585999a5-de05-4b90-bbe4-5cc916da48a2
2025-07-02 19:58:24,765 INFO  - Fetched company for recruiterId=585999a5-de05-4b90-bbe4-5cc916da48a2
2025-07-02 19:58:24,818 INFO  - Fetched company for recruiterId=585999a5-de05-4b90-bbe4-5cc916da48a2
2025-07-02 19:58:24,854 INFO  - Fetched company for recruiterId=585999a5-de05-4b90-bbe4-5cc916da48a2
2025-07-02 19:58:26,308 INFO  - Fetched company for recruiterId=52f3dcc7-e7bb-4419-b8a9-9cfb2a6f8b9e
2025-07-02 19:58:26,317 INFO  - Fetched company for recruiterId=52f3dcc7-e7bb-4419-b8a9-9cfb2a6f8b9e
2025-07-02 19:58:26,325 INFO  - Fetched company for recruiterId=52f3dcc7-e7bb-4419-b8a9-9cfb2a6f8b9e
2025-07-02 19:58:26,332 INFO  - Fetched company for recruiterId=52f3dcc7-e7bb-4419-b8a9-9cfb2a6f8b9e
2025-07-02 19:58:26,343 INFO  - Fetched company for recruiterId=52f3dcc7-e7bb-4419-b8a9-9cfb2a6f8b9e
2025-07-02 19:58:26,350 INFO  - Fetched company for recruiterId=52f3dcc7-e7bb-4419-b8a9-9cfb2a6f8b9e
2025-07-02 19:58:26,358 INFO  - Fetched company for recruiterId=52f3dcc7-e7bb-4419-b8a9-9cfb2a6f8b9e
2025-07-02 19:58:26,365 INFO  - Fetched company for recruiterId=52f3dcc7-e7bb-4419-b8a9-9cfb2a6f8b9e
2025-07-02 19:58:26,371 INFO  - Fetched company for recruiterId=52f3dcc7-e7bb-4419-b8a9-9cfb2a6f8b9e
2025-07-02 19:58:26,378 INFO  - Fetched company for recruiterId=52f3dcc7-e7bb-4419-b8a9-9cfb2a6f8b9e
2025-07-02 19:58:26,936 INFO  - Fetched company for recruiterId=52f3dcc7-e7bb-4419-b8a9-9cfb2a6f8b9e
2025-07-02 19:58:26,938 INFO  - Fetched company for recruiterId=3dc93452-07a2-4843-a650-c7faed6fc07c
2025-07-02 19:58:26,946 INFO  - Fetched company for recruiterId=52f3dcc7-e7bb-4419-b8a9-9cfb2a6f8b9e
2025-07-02 19:58:26,947 INFO  - Fetched company for recruiterId=3dc93452-07a2-4843-a650-c7faed6fc07c
2025-07-02 19:58:26,958 INFO  - Fetched company for recruiterId=52f3dcc7-e7bb-4419-b8a9-9cfb2a6f8b9e
2025-07-02 19:58:26,966 INFO  - Fetched company for recruiterId=52f3dcc7-e7bb-4419-b8a9-9cfb2a6f8b9e
2025-07-02 19:58:34,908 INFO  - Fetched company for recruiterId=3dc93452-07a2-4843-a650-c7faed6fc07c
2025-07-02 19:58:37,817 INFO  - Fetched company for recruiterId=585999a5-de05-4b90-bbe4-5cc916da48a2
2025-07-02 19:58:37,817 INFO  - Fetched company for recruiterId=3dc93452-07a2-4843-a650-c7faed6fc07c
2025-07-02 19:58:37,817 INFO  - Fetched company for recruiterId=52f3dcc7-e7bb-4419-b8a9-9cfb2a6f8b9e
2025-07-02 19:58:37,826 INFO  - Fetched company for recruiterId=52f3dcc7-e7bb-4419-b8a9-9cfb2a6f8b9e
2025-07-02 19:58:37,827 INFO  - Fetched company for recruiterId=585999a5-de05-4b90-bbe4-5cc916da48a2
2025-07-02 19:58:37,827 INFO  - Fetched company for recruiterId=3dc93452-07a2-4843-a650-c7faed6fc07c
2025-07-02 19:58:37,837 INFO  - Fetched company for recruiterId=585999a5-de05-4b90-bbe4-5cc916da48a2
2025-07-02 19:58:37,837 INFO  - Fetched company for recruiterId=52f3dcc7-e7bb-4419-b8a9-9cfb2a6f8b9e
2025-07-02 19:58:37,837 INFO  - Fetched company for recruiterId=3dc93452-07a2-4843-a650-c7faed6fc07c
2025-07-02 19:58:37,846 INFO  - Fetched company for recruiterId=585999a5-de05-4b90-bbe4-5cc916da48a2
2025-07-02 19:58:37,846 INFO  - Fetched company for recruiterId=3dc93452-07a2-4843-a650-c7faed6fc07c
2025-07-02 19:58:37,846 INFO  - Fetched company for recruiterId=52f3dcc7-e7bb-4419-b8a9-9cfb2a6f8b9e
2025-07-02 19:58:37,854 INFO  - Fetched company for recruiterId=585999a5-de05-4b90-bbe4-5cc916da48a2
2025-07-02 19:58:37,854 INFO  - Fetched company for recruiterId=52f3dcc7-e7bb-4419-b8a9-9cfb2a6f8b9e
2025-07-02 19:58:37,872 INFO  - Fetched company for recruiterId=52f3dcc7-e7bb-4419-b8a9-9cfb2a6f8b9e
2025-07-02 19:58:37,881 INFO  - Fetched company for recruiterId=52f3dcc7-e7bb-4419-b8a9-9cfb2a6f8b9e
2025-07-02 19:58:37,889 INFO  - Fetched company for recruiterId=52f3dcc7-e7bb-4419-b8a9-9cfb2a6f8b9e
2025-07-02 19:58:37,895 INFO  - Fetched company for recruiterId=52f3dcc7-e7bb-4419-b8a9-9cfb2a6f8b9e
2025-07-02 19:58:37,901 INFO  - Fetched company for recruiterId=52f3dcc7-e7bb-4419-b8a9-9cfb2a6f8b9e
2025-07-02 19:58:37,907 INFO  - Fetched company for recruiterId=52f3dcc7-e7bb-4419-b8a9-9cfb2a6f8b9e
2025-07-02 19:58:37,914 INFO  - Fetched company for recruiterId=52f3dcc7-e7bb-4419-b8a9-9cfb2a6f8b9e
2025-07-02 19:58:37,926 INFO  - Fetched company for recruiterId=52f3dcc7-e7bb-4419-b8a9-9cfb2a6f8b9e
2025-07-02 19:58:37,934 INFO  - Fetched company for recruiterId=52f3dcc7-e7bb-4419-b8a9-9cfb2a6f8b9e
2025-07-02 19:58:37,940 INFO  - Fetched company for recruiterId=52f3dcc7-e7bb-4419-b8a9-9cfb2a6f8b9e
2025-07-02 19:58:37,947 INFO  - Fetched company for recruiterId=52f3dcc7-e7bb-4419-b8a9-9cfb2a6f8b9e
2025-07-02 19:59:12,675 INFO  - Fetched all skills.
2025-07-02 19:59:21,133 INFO  - Token refreshed for user: muthu@gmail.com
2025-07-02 19:59:21,143 INFO  - Token refreshed for user: muthu@gmail.com
2025-07-02 19:59:21,208 INFO  - Fetched all skills.
2025-07-02 19:59:21,216 INFO  - Fetched all company names.
2025-07-02 19:59:21,318 INFO  - Fetched company for recruiterId=585999a5-de05-4b90-bbe4-5cc916da48a2
2025-07-02 19:59:21,318 INFO  - Fetched company for recruiterId=3dc93452-07a2-4843-a650-c7faed6fc07c
2025-07-02 19:59:21,328 INFO  - Fetched company for recruiterId=585999a5-de05-4b90-bbe4-5cc916da48a2
2025-07-02 19:59:21,328 INFO  - Fetched company for recruiterId=3dc93452-07a2-4843-a650-c7faed6fc07c
2025-07-02 19:59:21,328 INFO  - Fetched company for recruiterId=52f3dcc7-e7bb-4419-b8a9-9cfb2a6f8b9e
2025-07-02 19:59:21,335 INFO  - Fetched company for recruiterId=585999a5-de05-4b90-bbe4-5cc916da48a2
2025-07-02 19:59:21,336 INFO  - Fetched company for recruiterId=3dc93452-07a2-4843-a650-c7faed6fc07c
2025-07-02 19:59:21,336 INFO  - Fetched company for recruiterId=52f3dcc7-e7bb-4419-b8a9-9cfb2a6f8b9e
2025-07-02 19:59:21,344 INFO  - Fetched company for recruiterId=585999a5-de05-4b90-bbe4-5cc916da48a2
2025-07-02 19:59:21,361 INFO  - Fetched company for recruiterId=585999a5-de05-4b90-bbe4-5cc916da48a2
2025-07-02 19:59:30,370 INFO  - Fetched all skills.
2025-07-02 19:59:54,631 INFO  - Fetched all skills.
2025-07-02 19:59:54,650 INFO  - Fetched all company names.
2025-07-02 19:59:54,765 INFO  - Fetched company for recruiterId=585999a5-de05-4b90-bbe4-5cc916da48a2
2025-07-02 19:59:54,766 INFO  - Fetched company for recruiterId=3dc93452-07a2-4843-a650-c7faed6fc07c
2025-07-02 19:59:54,775 INFO  - Fetched company for recruiterId=585999a5-de05-4b90-bbe4-5cc916da48a2
2025-07-02 19:59:54,775 INFO  - Fetched company for recruiterId=3dc93452-07a2-4843-a650-c7faed6fc07c
2025-07-02 19:59:54,778 INFO  - Fetched company for recruiterId=52f3dcc7-e7bb-4419-b8a9-9cfb2a6f8b9e
2025-07-02 19:59:54,781 INFO  - Fetched company for recruiterId=585999a5-de05-4b90-bbe4-5cc916da48a2
2025-07-02 19:59:54,783 INFO  - Fetched company for recruiterId=3dc93452-07a2-4843-a650-c7faed6fc07c
2025-07-02 19:59:54,787 INFO  - Fetched company for recruiterId=52f3dcc7-e7bb-4419-b8a9-9cfb2a6f8b9e
2025-07-02 19:59:54,789 INFO  - Fetched company for recruiterId=585999a5-de05-4b90-bbe4-5cc916da48a2
2025-07-02 19:59:54,794 INFO  - Fetched company for recruiterId=585999a5-de05-4b90-bbe4-5cc916da48a2
2025-07-02 20:02:16,260 INFO  - Fetched all company names.
2025-07-02 20:02:16,261 INFO  - Fetched company for recruiterId=585999a5-de05-4b90-bbe4-5cc916da48a2
2025-07-02 20:02:16,261 INFO  - Fetched company for recruiterId=52f3dcc7-e7bb-4419-b8a9-9cfb2a6f8b9e
2025-07-02 20:02:16,263 INFO  - Fetched company for recruiterId=3dc93452-07a2-4843-a650-c7faed6fc07c
2025-07-02 20:02:16,269 INFO  - Fetched company for recruiterId=585999a5-de05-4b90-bbe4-5cc916da48a2
2025-07-02 20:02:16,269 INFO  - Fetched company for recruiterId=52f3dcc7-e7bb-4419-b8a9-9cfb2a6f8b9e
2025-07-02 20:02:16,270 INFO  - Fetched company for recruiterId=3dc93452-07a2-4843-a650-c7faed6fc07c
2025-07-02 20:02:16,277 INFO  - Fetched company for recruiterId=585999a5-de05-4b90-bbe4-5cc916da48a2
2025-07-02 20:02:16,277 INFO  - Fetched company for recruiterId=3dc93452-07a2-4843-a650-c7faed6fc07c
2025-07-02 20:02:16,283 INFO  - Fetched company for recruiterId=585999a5-de05-4b90-bbe4-5cc916da48a2
2025-07-02 20:02:16,289 INFO  - Fetched company for recruiterId=585999a5-de05-4b90-bbe4-5cc916da48a2
2025-07-02 20:02:22,861 INFO  - Fetched all company names.
2025-07-02 20:02:22,864 INFO  - Fetched company for recruiterId=3dc93452-07a2-4843-a650-c7faed6fc07c
2025-07-02 20:02:22,865 INFO  - Fetched company for recruiterId=585999a5-de05-4b90-bbe4-5cc916da48a2
2025-07-02 20:02:22,868 INFO  - Fetched company for recruiterId=52f3dcc7-e7bb-4419-b8a9-9cfb2a6f8b9e
2025-07-02 20:02:22,871 INFO  - Fetched company for recruiterId=585999a5-de05-4b90-bbe4-5cc916da48a2
2025-07-02 20:02:22,871 INFO  - Fetched company for recruiterId=3dc93452-07a2-4843-a650-c7faed6fc07c
2025-07-02 20:02:22,876 INFO  - Fetched company for recruiterId=52f3dcc7-e7bb-4419-b8a9-9cfb2a6f8b9e
2025-07-02 20:02:22,879 INFO  - Fetched company for recruiterId=3dc93452-07a2-4843-a650-c7faed6fc07c
2025-07-02 20:02:22,879 INFO  - Fetched company for recruiterId=585999a5-de05-4b90-bbe4-5cc916da48a2
2025-07-02 20:02:22,885 INFO  - Fetched company for recruiterId=585999a5-de05-4b90-bbe4-5cc916da48a2
2025-07-02 20:02:22,890 INFO  - Fetched company for recruiterId=585999a5-de05-4b90-bbe4-5cc916da48a2
2025-07-02 20:02:34,165 INFO  - Fetched company for recruiterId=52f3dcc7-e7bb-4419-b8a9-9cfb2a6f8b9e
2025-07-02 20:02:34,178 INFO  - Fetched company for recruiterId=52f3dcc7-e7bb-4419-b8a9-9cfb2a6f8b9e
2025-07-02 20:02:34,191 INFO  - Fetched company for recruiterId=52f3dcc7-e7bb-4419-b8a9-9cfb2a6f8b9e
2025-07-02 20:02:34,210 INFO  - Fetched company for recruiterId=52f3dcc7-e7bb-4419-b8a9-9cfb2a6f8b9e
2025-07-02 20:02:34,223 INFO  - Fetched company for recruiterId=52f3dcc7-e7bb-4419-b8a9-9cfb2a6f8b9e
2025-07-02 20:02:34,238 INFO  - Fetched company for recruiterId=52f3dcc7-e7bb-4419-b8a9-9cfb2a6f8b9e
2025-07-02 20:02:34,250 INFO  - Fetched company for recruiterId=52f3dcc7-e7bb-4419-b8a9-9cfb2a6f8b9e
2025-07-02 20:02:34,280 INFO  - Fetched company for recruiterId=52f3dcc7-e7bb-4419-b8a9-9cfb2a6f8b9e
2025-07-02 20:02:34,301 INFO  - Fetched company for recruiterId=52f3dcc7-e7bb-4419-b8a9-9cfb2a6f8b9e
2025-07-02 20:02:34,309 INFO  - Fetched company for recruiterId=52f3dcc7-e7bb-4419-b8a9-9cfb2a6f8b9e
2025-07-02 20:02:34,324 INFO  - Fetched company for recruiterId=3dc93452-07a2-4843-a650-c7faed6fc07c
2025-07-02 20:02:34,324 INFO  - Fetched company for recruiterId=52f3dcc7-e7bb-4419-b8a9-9cfb2a6f8b9e
2025-07-02 20:02:34,335 INFO  - Fetched company for recruiterId=52f3dcc7-e7bb-4419-b8a9-9cfb2a6f8b9e
2025-07-02 20:02:34,358 INFO  - Fetched company for recruiterId=52f3dcc7-e7bb-4419-b8a9-9cfb2a6f8b9e
2025-07-02 20:02:34,368 INFO  - Fetched company for recruiterId=3dc93452-07a2-4843-a650-c7faed6fc07c
2025-07-02 20:02:34,380 INFO  - Fetched company for recruiterId=52f3dcc7-e7bb-4419-b8a9-9cfb2a6f8b9e
2025-07-02 20:02:53,067 INFO  - Fetched all company names.
2025-07-02 20:02:53,072 INFO  - Fetched company for recruiterId=3dc93452-07a2-4843-a650-c7faed6fc07c
2025-07-02 20:02:53,073 INFO  - Fetched company for recruiterId=585999a5-de05-4b90-bbe4-5cc916da48a2
2025-07-02 20:02:53,082 INFO  - Fetched company for recruiterId=585999a5-de05-4b90-bbe4-5cc916da48a2
2025-07-02 20:02:53,082 INFO  - Fetched company for recruiterId=3dc93452-07a2-4843-a650-c7faed6fc07c
2025-07-02 20:02:53,091 INFO  - Fetched company for recruiterId=585999a5-de05-4b90-bbe4-5cc916da48a2
2025-07-02 20:02:53,091 INFO  - Fetched company for recruiterId=3dc93452-07a2-4843-a650-c7faed6fc07c
2025-07-02 20:02:53,091 INFO  - Fetched company for recruiterId=52f3dcc7-e7bb-4419-b8a9-9cfb2a6f8b9e
2025-07-02 20:02:53,100 INFO  - Fetched company for recruiterId=585999a5-de05-4b90-bbe4-5cc916da48a2
2025-07-02 20:02:53,100 INFO  - Fetched company for recruiterId=52f3dcc7-e7bb-4419-b8a9-9cfb2a6f8b9e
2025-07-02 20:02:53,119 INFO  - Fetched company for recruiterId=585999a5-de05-4b90-bbe4-5cc916da48a2
2025-07-02 20:02:53,126 INFO  - Fetched company for recruiterId=52f3dcc7-e7bb-4419-b8a9-9cfb2a6f8b9e
2025-07-02 20:02:53,143 INFO  - Fetched company for recruiterId=3dc93452-07a2-4843-a650-c7faed6fc07c
2025-07-02 20:02:53,143 INFO  - Fetched company for recruiterId=52f3dcc7-e7bb-4419-b8a9-9cfb2a6f8b9e
2025-07-02 20:02:53,153 INFO  - Fetched company for recruiterId=52f3dcc7-e7bb-4419-b8a9-9cfb2a6f8b9e
2025-07-02 20:02:53,153 INFO  - Fetched company for recruiterId=3dc93452-07a2-4843-a650-c7faed6fc07c
2025-07-02 20:02:53,164 INFO  - Fetched company for recruiterId=52f3dcc7-e7bb-4419-b8a9-9cfb2a6f8b9e
2025-07-02 20:02:53,171 INFO  - Fetched company for recruiterId=52f3dcc7-e7bb-4419-b8a9-9cfb2a6f8b9e
2025-07-02 20:02:53,181 INFO  - Fetched company for recruiterId=52f3dcc7-e7bb-4419-b8a9-9cfb2a6f8b9e
2025-07-02 20:02:53,194 INFO  - Fetched company for recruiterId=52f3dcc7-e7bb-4419-b8a9-9cfb2a6f8b9e
2025-07-02 20:02:53,204 INFO  - Fetched company for recruiterId=52f3dcc7-e7bb-4419-b8a9-9cfb2a6f8b9e
2025-07-02 20:02:53,226 INFO  - Fetched company for recruiterId=52f3dcc7-e7bb-4419-b8a9-9cfb2a6f8b9e
2025-07-02 20:02:53,238 INFO  - Fetched company for recruiterId=52f3dcc7-e7bb-4419-b8a9-9cfb2a6f8b9e
2025-07-02 20:02:53,249 INFO  - Fetched company for recruiterId=52f3dcc7-e7bb-4419-b8a9-9cfb2a6f8b9e
2025-07-02 20:02:53,261 INFO  - Fetched company for recruiterId=52f3dcc7-e7bb-4419-b8a9-9cfb2a6f8b9e
2025-07-02 20:02:53,274 INFO  - Fetched company for recruiterId=52f3dcc7-e7bb-4419-b8a9-9cfb2a6f8b9e
2025-07-02 20:02:53,312 INFO  - Fetched company for recruiterId=52f3dcc7-e7bb-4419-b8a9-9cfb2a6f8b9e
2025-07-02 20:03:00,705 INFO  - Fetched all company names.
2025-07-02 20:03:00,715 INFO  - Fetched company for recruiterId=3dc93452-07a2-4843-a650-c7faed6fc07c
2025-07-02 20:03:00,715 INFO  - Fetched company for recruiterId=585999a5-de05-4b90-bbe4-5cc916da48a2
2025-07-02 20:03:00,723 INFO  - Fetched company for recruiterId=585999a5-de05-4b90-bbe4-5cc916da48a2
2025-07-02 20:03:00,724 INFO  - Fetched company for recruiterId=3dc93452-07a2-4843-a650-c7faed6fc07c
2025-07-02 20:03:00,734 INFO  - Fetched company for recruiterId=585999a5-de05-4b90-bbe4-5cc916da48a2
2025-07-02 20:03:00,735 INFO  - Fetched company for recruiterId=52f3dcc7-e7bb-4419-b8a9-9cfb2a6f8b9e
2025-07-02 20:03:00,736 INFO  - Fetched company for recruiterId=3dc93452-07a2-4843-a650-c7faed6fc07c
2025-07-02 20:03:00,744 INFO  - Fetched company for recruiterId=585999a5-de05-4b90-bbe4-5cc916da48a2
2025-07-02 20:03:00,744 INFO  - Fetched company for recruiterId=52f3dcc7-e7bb-4419-b8a9-9cfb2a6f8b9e
2025-07-02 20:03:00,753 INFO  - Fetched company for recruiterId=585999a5-de05-4b90-bbe4-5cc916da48a2
2025-07-02 20:03:00,754 INFO  - Fetched company for recruiterId=52f3dcc7-e7bb-4419-b8a9-9cfb2a6f8b9e
2025-07-02 20:03:00,761 INFO  - Fetched company for recruiterId=52f3dcc7-e7bb-4419-b8a9-9cfb2a6f8b9e
2025-07-02 20:03:00,769 INFO  - Fetched company for recruiterId=52f3dcc7-e7bb-4419-b8a9-9cfb2a6f8b9e
2025-07-02 20:03:00,769 INFO  - Fetched company for recruiterId=3dc93452-07a2-4843-a650-c7faed6fc07c
2025-07-02 20:03:00,777 INFO  - Fetched company for recruiterId=3dc93452-07a2-4843-a650-c7faed6fc07c
2025-07-02 20:03:00,777 INFO  - Fetched company for recruiterId=52f3dcc7-e7bb-4419-b8a9-9cfb2a6f8b9e
2025-07-02 20:03:00,784 INFO  - Fetched company for recruiterId=52f3dcc7-e7bb-4419-b8a9-9cfb2a6f8b9e
2025-07-02 20:03:00,790 INFO  - Fetched company for recruiterId=52f3dcc7-e7bb-4419-b8a9-9cfb2a6f8b9e
2025-07-02 20:03:00,795 INFO  - Fetched company for recruiterId=52f3dcc7-e7bb-4419-b8a9-9cfb2a6f8b9e
2025-07-02 20:03:00,800 INFO  - Fetched company for recruiterId=52f3dcc7-e7bb-4419-b8a9-9cfb2a6f8b9e
2025-07-02 20:03:00,809 INFO  - Fetched company for recruiterId=52f3dcc7-e7bb-4419-b8a9-9cfb2a6f8b9e
2025-07-02 20:03:00,817 INFO  - Fetched company for recruiterId=52f3dcc7-e7bb-4419-b8a9-9cfb2a6f8b9e
2025-07-02 20:03:00,823 INFO  - Fetched company for recruiterId=52f3dcc7-e7bb-4419-b8a9-9cfb2a6f8b9e
2025-07-02 20:03:00,828 INFO  - Fetched company for recruiterId=52f3dcc7-e7bb-4419-b8a9-9cfb2a6f8b9e
2025-07-02 20:03:00,834 INFO  - Fetched company for recruiterId=52f3dcc7-e7bb-4419-b8a9-9cfb2a6f8b9e
2025-07-02 20:03:00,839 INFO  - Fetched company for recruiterId=52f3dcc7-e7bb-4419-b8a9-9cfb2a6f8b9e
2025-07-02 20:03:03,356 INFO  - Fetched all company names.
2025-07-02 20:03:03,364 INFO  - Fetched company for recruiterId=3dc93452-07a2-4843-a650-c7faed6fc07c
2025-07-02 20:03:03,366 INFO  - Fetched company for recruiterId=52f3dcc7-e7bb-4419-b8a9-9cfb2a6f8b9e
2025-07-02 20:03:03,369 INFO  - Fetched company for recruiterId=585999a5-de05-4b90-bbe4-5cc916da48a2
2025-07-02 20:03:03,377 INFO  - Fetched company for recruiterId=3dc93452-07a2-4843-a650-c7faed6fc07c
2025-07-02 20:03:03,378 INFO  - Fetched company for recruiterId=52f3dcc7-e7bb-4419-b8a9-9cfb2a6f8b9e
2025-07-02 20:03:03,381 INFO  - Fetched company for recruiterId=585999a5-de05-4b90-bbe4-5cc916da48a2
2025-07-02 20:03:03,389 INFO  - Fetched company for recruiterId=3dc93452-07a2-4843-a650-c7faed6fc07c
2025-07-02 20:03:03,390 INFO  - Fetched company for recruiterId=52f3dcc7-e7bb-4419-b8a9-9cfb2a6f8b9e
2025-07-02 20:03:03,392 INFO  - Fetched company for recruiterId=585999a5-de05-4b90-bbe4-5cc916da48a2
2025-07-02 20:03:03,399 INFO  - Fetched company for recruiterId=3dc93452-07a2-4843-a650-c7faed6fc07c
2025-07-02 20:03:03,402 INFO  - Fetched company for recruiterId=52f3dcc7-e7bb-4419-b8a9-9cfb2a6f8b9e
2025-07-02 20:03:03,403 INFO  - Fetched company for recruiterId=585999a5-de05-4b90-bbe4-5cc916da48a2
2025-07-02 20:03:03,412 INFO  - Fetched company for recruiterId=3dc93452-07a2-4843-a650-c7faed6fc07c
2025-07-02 20:03:03,414 INFO  - Fetched company for recruiterId=585999a5-de05-4b90-bbe4-5cc916da48a2
2025-07-02 20:03:03,414 INFO  - Fetched company for recruiterId=52f3dcc7-e7bb-4419-b8a9-9cfb2a6f8b9e
2025-07-02 20:03:03,422 INFO  - Fetched company for recruiterId=52f3dcc7-e7bb-4419-b8a9-9cfb2a6f8b9e
2025-07-02 20:03:03,432 INFO  - Fetched company for recruiterId=52f3dcc7-e7bb-4419-b8a9-9cfb2a6f8b9e
2025-07-02 20:03:03,439 INFO  - Fetched company for recruiterId=52f3dcc7-e7bb-4419-b8a9-9cfb2a6f8b9e
2025-07-02 20:03:03,446 INFO  - Fetched company for recruiterId=52f3dcc7-e7bb-4419-b8a9-9cfb2a6f8b9e
2025-07-02 20:03:03,453 INFO  - Fetched company for recruiterId=52f3dcc7-e7bb-4419-b8a9-9cfb2a6f8b9e
2025-07-02 20:03:03,463 INFO  - Fetched company for recruiterId=52f3dcc7-e7bb-4419-b8a9-9cfb2a6f8b9e
2025-07-02 20:03:03,469 INFO  - Fetched company for recruiterId=52f3dcc7-e7bb-4419-b8a9-9cfb2a6f8b9e
2025-07-02 20:03:03,476 INFO  - Fetched company for recruiterId=52f3dcc7-e7bb-4419-b8a9-9cfb2a6f8b9e
2025-07-02 20:03:03,482 INFO  - Fetched company for recruiterId=52f3dcc7-e7bb-4419-b8a9-9cfb2a6f8b9e
2025-07-02 20:03:03,489 INFO  - Fetched company for recruiterId=52f3dcc7-e7bb-4419-b8a9-9cfb2a6f8b9e
2025-07-02 20:03:03,496 INFO  - Fetched company for recruiterId=52f3dcc7-e7bb-4419-b8a9-9cfb2a6f8b9e
2025-07-02 20:03:05,319 INFO  - Fetched all company names.
2025-07-02 20:03:05,329 INFO  - Fetched company for recruiterId=585999a5-de05-4b90-bbe4-5cc916da48a2
2025-07-02 20:03:05,331 INFO  - Fetched company for recruiterId=3dc93452-07a2-4843-a650-c7faed6fc07c
2025-07-02 20:03:05,349 INFO  - Fetched company for recruiterId=585999a5-de05-4b90-bbe4-5cc916da48a2
2025-07-02 20:03:05,350 INFO  - Fetched company for recruiterId=3dc93452-07a2-4843-a650-c7faed6fc07c
2025-07-02 20:03:05,357 INFO  - Fetched company for recruiterId=52f3dcc7-e7bb-4419-b8a9-9cfb2a6f8b9e
2025-07-02 20:03:05,380 INFO  - Fetched company for recruiterId=585999a5-de05-4b90-bbe4-5cc916da48a2
2025-07-02 20:03:05,380 INFO  - Fetched company for recruiterId=3dc93452-07a2-4843-a650-c7faed6fc07c
2025-07-02 20:03:05,519 INFO  - Fetched company for recruiterId=52f3dcc7-e7bb-4419-b8a9-9cfb2a6f8b9e
2025-07-02 20:03:05,522 INFO  - Fetched company for recruiterId=3dc93452-07a2-4843-a650-c7faed6fc07c
2025-07-02 20:03:05,523 INFO  - Fetched company for recruiterId=585999a5-de05-4b90-bbe4-5cc916da48a2
2025-07-02 20:03:05,533 INFO  - Fetched company for recruiterId=585999a5-de05-4b90-bbe4-5cc916da48a2
2025-07-02 20:03:05,534 INFO  - Fetched company for recruiterId=3dc93452-07a2-4843-a650-c7faed6fc07c
2025-07-02 20:03:05,534 INFO  - Fetched company for recruiterId=52f3dcc7-e7bb-4419-b8a9-9cfb2a6f8b9e
2025-07-02 20:03:05,547 INFO  - Fetched company for recruiterId=52f3dcc7-e7bb-4419-b8a9-9cfb2a6f8b9e
2025-07-02 20:03:05,583 INFO  - Fetched company for recruiterId=52f3dcc7-e7bb-4419-b8a9-9cfb2a6f8b9e
2025-07-02 20:03:05,592 INFO  - Fetched company for recruiterId=52f3dcc7-e7bb-4419-b8a9-9cfb2a6f8b9e
2025-07-02 20:03:05,599 INFO  - Fetched company for recruiterId=52f3dcc7-e7bb-4419-b8a9-9cfb2a6f8b9e
2025-07-02 20:03:05,607 INFO  - Fetched company for recruiterId=52f3dcc7-e7bb-4419-b8a9-9cfb2a6f8b9e
2025-07-02 20:03:05,626 INFO  - Fetched company for recruiterId=52f3dcc7-e7bb-4419-b8a9-9cfb2a6f8b9e
2025-07-02 20:03:05,631 INFO  - Fetched company for recruiterId=52f3dcc7-e7bb-4419-b8a9-9cfb2a6f8b9e
2025-07-02 20:03:05,637 INFO  - Fetched company for recruiterId=52f3dcc7-e7bb-4419-b8a9-9cfb2a6f8b9e
2025-07-02 20:03:05,643 INFO  - Fetched company for recruiterId=52f3dcc7-e7bb-4419-b8a9-9cfb2a6f8b9e
2025-07-02 20:03:05,649 INFO  - Fetched company for recruiterId=52f3dcc7-e7bb-4419-b8a9-9cfb2a6f8b9e
2025-07-02 20:03:05,655 INFO  - Fetched company for recruiterId=52f3dcc7-e7bb-4419-b8a9-9cfb2a6f8b9e
2025-07-02 20:03:05,661 INFO  - Fetched company for recruiterId=52f3dcc7-e7bb-4419-b8a9-9cfb2a6f8b9e
2025-07-02 20:03:05,667 INFO  - Fetched company for recruiterId=52f3dcc7-e7bb-4419-b8a9-9cfb2a6f8b9e
2025-07-02 20:03:08,046 INFO  - Fetched all company names.
2025-07-02 20:03:08,052 INFO  - Fetched company for recruiterId=3dc93452-07a2-4843-a650-c7faed6fc07c
2025-07-02 20:03:08,053 INFO  - Fetched company for recruiterId=585999a5-de05-4b90-bbe4-5cc916da48a2
2025-07-02 20:03:08,063 INFO  - Fetched company for recruiterId=585999a5-de05-4b90-bbe4-5cc916da48a2
2025-07-02 20:03:08,064 INFO  - Fetched company for recruiterId=3dc93452-07a2-4843-a650-c7faed6fc07c
2025-07-02 20:03:08,071 INFO  - Fetched company for recruiterId=52f3dcc7-e7bb-4419-b8a9-9cfb2a6f8b9e
2025-07-02 20:03:08,075 INFO  - Fetched company for recruiterId=585999a5-de05-4b90-bbe4-5cc916da48a2
2025-07-02 20:03:08,075 INFO  - Fetched company for recruiterId=3dc93452-07a2-4843-a650-c7faed6fc07c
2025-07-02 20:03:08,083 INFO  - Fetched company for recruiterId=52f3dcc7-e7bb-4419-b8a9-9cfb2a6f8b9e
2025-07-02 20:03:08,084 INFO  - Fetched company for recruiterId=585999a5-de05-4b90-bbe4-5cc916da48a2
2025-07-02 20:03:08,098 INFO  - Fetched company for recruiterId=585999a5-de05-4b90-bbe4-5cc916da48a2
2025-07-02 20:03:08,103 INFO  - Fetched company for recruiterId=52f3dcc7-e7bb-4419-b8a9-9cfb2a6f8b9e
2025-07-02 20:03:08,113 INFO  - Fetched company for recruiterId=3dc93452-07a2-4843-a650-c7faed6fc07c
2025-07-02 20:03:08,122 INFO  - Fetched company for recruiterId=52f3dcc7-e7bb-4419-b8a9-9cfb2a6f8b9e
2025-07-02 20:03:08,123 INFO  - Fetched company for recruiterId=3dc93452-07a2-4843-a650-c7faed6fc07c
2025-07-02 20:03:08,129 INFO  - Fetched company for recruiterId=52f3dcc7-e7bb-4419-b8a9-9cfb2a6f8b9e
2025-07-02 20:03:08,139 INFO  - Fetched company for recruiterId=52f3dcc7-e7bb-4419-b8a9-9cfb2a6f8b9e
2025-07-02 20:03:08,147 INFO  - Fetched company for recruiterId=52f3dcc7-e7bb-4419-b8a9-9cfb2a6f8b9e
2025-07-02 20:03:08,159 INFO  - Fetched company for recruiterId=52f3dcc7-e7bb-4419-b8a9-9cfb2a6f8b9e
2025-07-02 20:03:08,170 INFO  - Fetched company for recruiterId=52f3dcc7-e7bb-4419-b8a9-9cfb2a6f8b9e
2025-07-02 20:03:08,179 INFO  - Fetched company for recruiterId=52f3dcc7-e7bb-4419-b8a9-9cfb2a6f8b9e
2025-07-02 20:03:08,188 INFO  - Fetched company for recruiterId=52f3dcc7-e7bb-4419-b8a9-9cfb2a6f8b9e
2025-07-02 20:03:08,196 INFO  - Fetched company for recruiterId=52f3dcc7-e7bb-4419-b8a9-9cfb2a6f8b9e
2025-07-02 20:03:08,207 INFO  - Fetched company for recruiterId=52f3dcc7-e7bb-4419-b8a9-9cfb2a6f8b9e
2025-07-02 20:03:08,214 INFO  - Fetched company for recruiterId=52f3dcc7-e7bb-4419-b8a9-9cfb2a6f8b9e
2025-07-02 20:03:08,224 INFO  - Fetched company for recruiterId=52f3dcc7-e7bb-4419-b8a9-9cfb2a6f8b9e
2025-07-02 20:03:08,234 INFO  - Fetched company for recruiterId=52f3dcc7-e7bb-4419-b8a9-9cfb2a6f8b9e
2025-07-02 20:03:17,962 INFO  - Fetched all company names.
2025-07-02 20:03:18,001 INFO  - Fetched company for recruiterId=585999a5-de05-4b90-bbe4-5cc916da48a2
2025-07-02 20:03:18,003 INFO  - Fetched company for recruiterId=3dc93452-07a2-4843-a650-c7faed6fc07c
2025-07-02 20:03:18,008 INFO  - Fetched company for recruiterId=585999a5-de05-4b90-bbe4-5cc916da48a2
2025-07-02 20:03:18,011 INFO  - Fetched company for recruiterId=3dc93452-07a2-4843-a650-c7faed6fc07c
2025-07-02 20:03:18,015 INFO  - Fetched company for recruiterId=585999a5-de05-4b90-bbe4-5cc916da48a2
2025-07-02 20:03:18,026 INFO  - Fetched company for recruiterId=3dc93452-07a2-4843-a650-c7faed6fc07c
2025-07-02 20:03:18,028 INFO  - Fetched company for recruiterId=52f3dcc7-e7bb-4419-b8a9-9cfb2a6f8b9e
2025-07-02 20:03:18,032 INFO  - Fetched company for recruiterId=585999a5-de05-4b90-bbe4-5cc916da48a2
2025-07-02 20:03:18,037 INFO  - Fetched company for recruiterId=3dc93452-07a2-4843-a650-c7faed6fc07c
2025-07-02 20:03:18,037 INFO  - Fetched company for recruiterId=52f3dcc7-e7bb-4419-b8a9-9cfb2a6f8b9e
2025-07-02 20:03:18,043 INFO  - Fetched company for recruiterId=585999a5-de05-4b90-bbe4-5cc916da48a2
2025-07-02 20:03:18,048 INFO  - Fetched company for recruiterId=52f3dcc7-e7bb-4419-b8a9-9cfb2a6f8b9e
2025-07-02 20:03:18,048 INFO  - Fetched company for recruiterId=3dc93452-07a2-4843-a650-c7faed6fc07c
2025-07-02 20:03:18,054 INFO  - Fetched company for recruiterId=52f3dcc7-e7bb-4419-b8a9-9cfb2a6f8b9e
2025-07-02 20:03:18,062 INFO  - Fetched company for recruiterId=52f3dcc7-e7bb-4419-b8a9-9cfb2a6f8b9e
2025-07-02 20:03:18,068 INFO  - Fetched company for recruiterId=52f3dcc7-e7bb-4419-b8a9-9cfb2a6f8b9e
2025-07-02 20:03:18,075 INFO  - Fetched company for recruiterId=52f3dcc7-e7bb-4419-b8a9-9cfb2a6f8b9e
2025-07-02 20:03:18,081 INFO  - Fetched company for recruiterId=52f3dcc7-e7bb-4419-b8a9-9cfb2a6f8b9e
2025-07-02 20:03:18,087 INFO  - Fetched company for recruiterId=52f3dcc7-e7bb-4419-b8a9-9cfb2a6f8b9e
2025-07-02 20:03:18,095 INFO  - Fetched company for recruiterId=52f3dcc7-e7bb-4419-b8a9-9cfb2a6f8b9e
2025-07-02 20:03:18,101 INFO  - Fetched company for recruiterId=52f3dcc7-e7bb-4419-b8a9-9cfb2a6f8b9e
2025-07-02 20:03:18,107 INFO  - Fetched company for recruiterId=52f3dcc7-e7bb-4419-b8a9-9cfb2a6f8b9e
2025-07-02 20:03:18,114 INFO  - Fetched company for recruiterId=52f3dcc7-e7bb-4419-b8a9-9cfb2a6f8b9e
2025-07-02 20:03:18,123 INFO  - Fetched company for recruiterId=52f3dcc7-e7bb-4419-b8a9-9cfb2a6f8b9e
2025-07-02 20:03:18,130 INFO  - Fetched company for recruiterId=52f3dcc7-e7bb-4419-b8a9-9cfb2a6f8b9e
2025-07-02 20:03:18,137 INFO  - Fetched company for recruiterId=52f3dcc7-e7bb-4419-b8a9-9cfb2a6f8b9e
2025-07-02 20:03:32,394 INFO  - Fetched all company names.
2025-07-02 20:03:32,426 INFO  - Fetched company for recruiterId=585999a5-de05-4b90-bbe4-5cc916da48a2
2025-07-02 20:03:32,426 INFO  - Fetched company for recruiterId=3dc93452-07a2-4843-a650-c7faed6fc07c
2025-07-02 20:03:32,429 INFO  - Fetched company for recruiterId=52f3dcc7-e7bb-4419-b8a9-9cfb2a6f8b9e
2025-07-02 20:03:32,434 INFO  - Fetched company for recruiterId=585999a5-de05-4b90-bbe4-5cc916da48a2
2025-07-02 20:03:32,434 INFO  - Fetched company for recruiterId=3dc93452-07a2-4843-a650-c7faed6fc07c
2025-07-02 20:03:32,436 INFO  - Fetched company for recruiterId=52f3dcc7-e7bb-4419-b8a9-9cfb2a6f8b9e
2025-07-02 20:03:32,442 INFO  - Fetched company for recruiterId=585999a5-de05-4b90-bbe4-5cc916da48a2
2025-07-02 20:03:32,442 INFO  - Fetched company for recruiterId=3dc93452-07a2-4843-a650-c7faed6fc07c
2025-07-02 20:03:32,449 INFO  - Fetched company for recruiterId=585999a5-de05-4b90-bbe4-5cc916da48a2
2025-07-02 20:03:32,454 INFO  - Fetched company for recruiterId=585999a5-de05-4b90-bbe4-5cc916da48a2
2025-07-02 20:03:33,996 INFO  - Fetched all company names.
2025-07-02 20:03:34,031 INFO  - Fetched company for recruiterId=585999a5-de05-4b90-bbe4-5cc916da48a2
2025-07-02 20:03:34,031 INFO  - Fetched company for recruiterId=3dc93452-07a2-4843-a650-c7faed6fc07c
2025-07-02 20:03:34,034 INFO  - Fetched company for recruiterId=52f3dcc7-e7bb-4419-b8a9-9cfb2a6f8b9e
2025-07-02 20:03:34,039 INFO  - Fetched company for recruiterId=585999a5-de05-4b90-bbe4-5cc916da48a2
2025-07-02 20:03:34,040 INFO  - Fetched company for recruiterId=3dc93452-07a2-4843-a650-c7faed6fc07c
2025-07-02 20:03:34,044 INFO  - Fetched company for recruiterId=52f3dcc7-e7bb-4419-b8a9-9cfb2a6f8b9e
2025-07-02 20:03:34,051 INFO  - Fetched company for recruiterId=585999a5-de05-4b90-bbe4-5cc916da48a2
2025-07-02 20:03:34,051 INFO  - Fetched company for recruiterId=3dc93452-07a2-4843-a650-c7faed6fc07c
2025-07-02 20:03:34,055 INFO  - Fetched company for recruiterId=52f3dcc7-e7bb-4419-b8a9-9cfb2a6f8b9e
2025-07-02 20:03:34,059 INFO  - Fetched company for recruiterId=585999a5-de05-4b90-bbe4-5cc916da48a2
2025-07-02 20:03:34,059 INFO  - Fetched company for recruiterId=3dc93452-07a2-4843-a650-c7faed6fc07c
2025-07-02 20:03:34,065 INFO  - Fetched company for recruiterId=52f3dcc7-e7bb-4419-b8a9-9cfb2a6f8b9e
2025-07-02 20:03:34,069 INFO  - Fetched company for recruiterId=585999a5-de05-4b90-bbe4-5cc916da48a2
2025-07-02 20:03:34,069 INFO  - Fetched company for recruiterId=3dc93452-07a2-4843-a650-c7faed6fc07c
2025-07-02 20:03:34,073 INFO  - Fetched company for recruiterId=52f3dcc7-e7bb-4419-b8a9-9cfb2a6f8b9e
2025-07-02 20:03:34,080 INFO  - Fetched company for recruiterId=52f3dcc7-e7bb-4419-b8a9-9cfb2a6f8b9e
2025-07-02 20:03:34,088 INFO  - Fetched company for recruiterId=52f3dcc7-e7bb-4419-b8a9-9cfb2a6f8b9e
2025-07-02 20:03:34,095 INFO  - Fetched company for recruiterId=52f3dcc7-e7bb-4419-b8a9-9cfb2a6f8b9e
2025-07-02 20:03:34,100 INFO  - Fetched company for recruiterId=52f3dcc7-e7bb-4419-b8a9-9cfb2a6f8b9e
2025-07-02 20:03:34,106 INFO  - Fetched company for recruiterId=52f3dcc7-e7bb-4419-b8a9-9cfb2a6f8b9e
2025-07-02 20:03:34,114 INFO  - Fetched company for recruiterId=52f3dcc7-e7bb-4419-b8a9-9cfb2a6f8b9e
2025-07-02 20:03:34,120 INFO  - Fetched company for recruiterId=52f3dcc7-e7bb-4419-b8a9-9cfb2a6f8b9e
2025-07-02 20:03:34,127 INFO  - Fetched company for recruiterId=52f3dcc7-e7bb-4419-b8a9-9cfb2a6f8b9e
2025-07-02 20:03:34,145 INFO  - Fetched company for recruiterId=52f3dcc7-e7bb-4419-b8a9-9cfb2a6f8b9e
2025-07-02 20:03:34,154 INFO  - Fetched company for recruiterId=52f3dcc7-e7bb-4419-b8a9-9cfb2a6f8b9e
2025-07-02 20:03:34,164 INFO  - Fetched company for recruiterId=52f3dcc7-e7bb-4419-b8a9-9cfb2a6f8b9e
2025-07-02 20:03:35,563 INFO  - Fetched all company names.
2025-07-02 20:03:35,594 INFO  - Fetched company for recruiterId=585999a5-de05-4b90-bbe4-5cc916da48a2
2025-07-02 20:03:35,594 INFO  - Fetched company for recruiterId=3dc93452-07a2-4843-a650-c7faed6fc07c
2025-07-02 20:03:35,598 INFO  - Fetched company for recruiterId=52f3dcc7-e7bb-4419-b8a9-9cfb2a6f8b9e
2025-07-02 20:03:35,603 INFO  - Fetched company for recruiterId=585999a5-de05-4b90-bbe4-5cc916da48a2
2025-07-02 20:03:35,603 INFO  - Fetched company for recruiterId=3dc93452-07a2-4843-a650-c7faed6fc07c
2025-07-02 20:03:35,606 INFO  - Fetched company for recruiterId=52f3dcc7-e7bb-4419-b8a9-9cfb2a6f8b9e
2025-07-02 20:03:35,613 INFO  - Fetched company for recruiterId=585999a5-de05-4b90-bbe4-5cc916da48a2
2025-07-02 20:03:35,613 INFO  - Fetched company for recruiterId=3dc93452-07a2-4843-a650-c7faed6fc07c
2025-07-02 20:03:35,621 INFO  - Fetched company for recruiterId=585999a5-de05-4b90-bbe4-5cc916da48a2
2025-07-02 20:03:35,629 INFO  - Fetched company for recruiterId=585999a5-de05-4b90-bbe4-5cc916da48a2
2025-07-02 20:03:36,737 INFO  - Fetched all company names.
2025-07-02 20:03:36,773 INFO  - Fetched company for recruiterId=585999a5-de05-4b90-bbe4-5cc916da48a2
2025-07-02 20:03:36,773 INFO  - Fetched company for recruiterId=3dc93452-07a2-4843-a650-c7faed6fc07c
2025-07-02 20:03:36,774 INFO  - Fetched company for recruiterId=52f3dcc7-e7bb-4419-b8a9-9cfb2a6f8b9e
2025-07-02 20:03:36,781 INFO  - Fetched company for recruiterId=585999a5-de05-4b90-bbe4-5cc916da48a2
2025-07-02 20:03:36,781 INFO  - Fetched company for recruiterId=52f3dcc7-e7bb-4419-b8a9-9cfb2a6f8b9e
2025-07-02 20:03:36,781 INFO  - Fetched company for recruiterId=3dc93452-07a2-4843-a650-c7faed6fc07c
2025-07-02 20:03:36,790 INFO  - Fetched company for recruiterId=585999a5-de05-4b90-bbe4-5cc916da48a2
2025-07-02 20:03:36,790 INFO  - Fetched company for recruiterId=3dc93452-07a2-4843-a650-c7faed6fc07c
2025-07-02 20:03:36,790 INFO  - Fetched company for recruiterId=52f3dcc7-e7bb-4419-b8a9-9cfb2a6f8b9e
2025-07-02 20:03:36,799 INFO  - Fetched company for recruiterId=52f3dcc7-e7bb-4419-b8a9-9cfb2a6f8b9e
2025-07-02 20:03:36,799 INFO  - Fetched company for recruiterId=585999a5-de05-4b90-bbe4-5cc916da48a2
2025-07-02 20:03:36,800 INFO  - Fetched company for recruiterId=3dc93452-07a2-4843-a650-c7faed6fc07c
2025-07-02 20:03:36,808 INFO  - Fetched company for recruiterId=52f3dcc7-e7bb-4419-b8a9-9cfb2a6f8b9e
2025-07-02 20:03:36,808 INFO  - Fetched company for recruiterId=3dc93452-07a2-4843-a650-c7faed6fc07c
2025-07-02 20:03:36,808 INFO  - Fetched company for recruiterId=585999a5-de05-4b90-bbe4-5cc916da48a2
2025-07-02 20:03:36,817 INFO  - Fetched company for recruiterId=52f3dcc7-e7bb-4419-b8a9-9cfb2a6f8b9e
2025-07-02 20:03:36,824 INFO  - Fetched company for recruiterId=52f3dcc7-e7bb-4419-b8a9-9cfb2a6f8b9e
2025-07-02 20:03:36,831 INFO  - Fetched company for recruiterId=52f3dcc7-e7bb-4419-b8a9-9cfb2a6f8b9e
2025-07-02 20:03:36,837 INFO  - Fetched company for recruiterId=52f3dcc7-e7bb-4419-b8a9-9cfb2a6f8b9e
2025-07-02 20:03:36,843 INFO  - Fetched company for recruiterId=52f3dcc7-e7bb-4419-b8a9-9cfb2a6f8b9e
2025-07-02 20:03:36,849 INFO  - Fetched company for recruiterId=52f3dcc7-e7bb-4419-b8a9-9cfb2a6f8b9e
2025-07-02 20:03:36,856 INFO  - Fetched company for recruiterId=52f3dcc7-e7bb-4419-b8a9-9cfb2a6f8b9e
2025-07-02 20:03:36,862 INFO  - Fetched company for recruiterId=52f3dcc7-e7bb-4419-b8a9-9cfb2a6f8b9e
2025-07-02 20:03:36,868 INFO  - Fetched company for recruiterId=52f3dcc7-e7bb-4419-b8a9-9cfb2a6f8b9e
2025-07-02 20:03:36,875 INFO  - Fetched company for recruiterId=52f3dcc7-e7bb-4419-b8a9-9cfb2a6f8b9e
2025-07-02 20:03:36,882 INFO  - Fetched company for recruiterId=52f3dcc7-e7bb-4419-b8a9-9cfb2a6f8b9e
2025-07-02 20:03:38,398 INFO  - Fetched all company names.
2025-07-02 20:03:38,426 INFO  - Fetched company for recruiterId=585999a5-de05-4b90-bbe4-5cc916da48a2
2025-07-02 20:03:38,427 INFO  - Fetched company for recruiterId=3dc93452-07a2-4843-a650-c7faed6fc07c
2025-07-02 20:03:38,427 INFO  - Fetched company for recruiterId=52f3dcc7-e7bb-4419-b8a9-9cfb2a6f8b9e
2025-07-02 20:03:38,434 INFO  - Fetched company for recruiterId=585999a5-de05-4b90-bbe4-5cc916da48a2
2025-07-02 20:03:38,434 INFO  - Fetched company for recruiterId=3dc93452-07a2-4843-a650-c7faed6fc07c
2025-07-02 20:03:38,435 INFO  - Fetched company for recruiterId=52f3dcc7-e7bb-4419-b8a9-9cfb2a6f8b9e
2025-07-02 20:03:38,443 INFO  - Fetched company for recruiterId=585999a5-de05-4b90-bbe4-5cc916da48a2
2025-07-02 20:03:38,443 INFO  - Fetched company for recruiterId=3dc93452-07a2-4843-a650-c7faed6fc07c
2025-07-02 20:03:38,450 INFO  - Fetched company for recruiterId=585999a5-de05-4b90-bbe4-5cc916da48a2
2025-07-02 20:03:38,456 INFO  - Fetched company for recruiterId=585999a5-de05-4b90-bbe4-5cc916da48a2
2025-07-02 20:03:41,049 INFO  - Fetched all company names.
2025-07-02 20:03:41,084 INFO  - Fetched company for recruiterId=585999a5-de05-4b90-bbe4-5cc916da48a2
2025-07-02 20:03:41,085 INFO  - Fetched company for recruiterId=3dc93452-07a2-4843-a650-c7faed6fc07c
2025-07-02 20:03:41,090 INFO  - Fetched company for recruiterId=52f3dcc7-e7bb-4419-b8a9-9cfb2a6f8b9e
2025-07-02 20:03:41,093 INFO  - Fetched company for recruiterId=585999a5-de05-4b90-bbe4-5cc916da48a2
2025-07-02 20:03:41,094 INFO  - Fetched company for recruiterId=3dc93452-07a2-4843-a650-c7faed6fc07c
2025-07-02 20:03:41,100 INFO  - Fetched company for recruiterId=52f3dcc7-e7bb-4419-b8a9-9cfb2a6f8b9e
2025-07-02 20:03:41,102 INFO  - Fetched company for recruiterId=3dc93452-07a2-4843-a650-c7faed6fc07c
2025-07-02 20:03:41,102 INFO  - Fetched company for recruiterId=585999a5-de05-4b90-bbe4-5cc916da48a2
2025-07-02 20:03:41,110 INFO  - Fetched company for recruiterId=52f3dcc7-e7bb-4419-b8a9-9cfb2a6f8b9e
2025-07-02 20:03:41,111 INFO  - Fetched company for recruiterId=585999a5-de05-4b90-bbe4-5cc916da48a2
2025-07-02 20:03:41,112 INFO  - Fetched company for recruiterId=3dc93452-07a2-4843-a650-c7faed6fc07c
2025-07-02 20:03:41,118 INFO  - Fetched company for recruiterId=52f3dcc7-e7bb-4419-b8a9-9cfb2a6f8b9e
2025-07-02 20:03:41,118 INFO  - Fetched company for recruiterId=585999a5-de05-4b90-bbe4-5cc916da48a2
2025-07-02 20:03:41,120 INFO  - Fetched company for recruiterId=3dc93452-07a2-4843-a650-c7faed6fc07c
2025-07-02 20:03:41,126 INFO  - Fetched company for recruiterId=52f3dcc7-e7bb-4419-b8a9-9cfb2a6f8b9e
2025-07-02 20:03:41,133 INFO  - Fetched company for recruiterId=52f3dcc7-e7bb-4419-b8a9-9cfb2a6f8b9e
2025-07-02 20:03:41,140 INFO  - Fetched company for recruiterId=52f3dcc7-e7bb-4419-b8a9-9cfb2a6f8b9e
2025-07-02 20:03:41,147 INFO  - Fetched company for recruiterId=52f3dcc7-e7bb-4419-b8a9-9cfb2a6f8b9e
2025-07-02 20:03:41,154 INFO  - Fetched company for recruiterId=52f3dcc7-e7bb-4419-b8a9-9cfb2a6f8b9e
2025-07-02 20:03:41,161 INFO  - Fetched company for recruiterId=52f3dcc7-e7bb-4419-b8a9-9cfb2a6f8b9e
2025-07-02 20:03:41,167 INFO  - Fetched company for recruiterId=52f3dcc7-e7bb-4419-b8a9-9cfb2a6f8b9e
2025-07-02 20:03:41,173 INFO  - Fetched company for recruiterId=52f3dcc7-e7bb-4419-b8a9-9cfb2a6f8b9e
2025-07-02 20:03:41,181 INFO  - Fetched company for recruiterId=52f3dcc7-e7bb-4419-b8a9-9cfb2a6f8b9e
2025-07-02 20:03:41,188 INFO  - Fetched company for recruiterId=52f3dcc7-e7bb-4419-b8a9-9cfb2a6f8b9e
2025-07-02 20:03:41,194 INFO  - Fetched company for recruiterId=52f3dcc7-e7bb-4419-b8a9-9cfb2a6f8b9e
2025-07-02 20:03:41,200 INFO  - Fetched company for recruiterId=52f3dcc7-e7bb-4419-b8a9-9cfb2a6f8b9e
2025-07-02 20:03:43,961 INFO  - Fetched all company names.
2025-07-02 20:03:43,998 INFO  - Fetched company for recruiterId=585999a5-de05-4b90-bbe4-5cc916da48a2
2025-07-02 20:03:43,998 INFO  - Fetched company for recruiterId=3dc93452-07a2-4843-a650-c7faed6fc07c
2025-07-02 20:03:44,002 INFO  - Fetched company for recruiterId=52f3dcc7-e7bb-4419-b8a9-9cfb2a6f8b9e
2025-07-02 20:03:44,008 INFO  - Fetched company for recruiterId=585999a5-de05-4b90-bbe4-5cc916da48a2
2025-07-02 20:03:44,008 INFO  - Fetched company for recruiterId=3dc93452-07a2-4843-a650-c7faed6fc07c
2025-07-02 20:03:44,012 INFO  - Fetched company for recruiterId=52f3dcc7-e7bb-4419-b8a9-9cfb2a6f8b9e
2025-07-02 20:03:44,016 INFO  - Fetched company for recruiterId=585999a5-de05-4b90-bbe4-5cc916da48a2
2025-07-02 20:03:44,017 INFO  - Fetched company for recruiterId=3dc93452-07a2-4843-a650-c7faed6fc07c
2025-07-02 20:03:44,023 INFO  - Fetched company for recruiterId=585999a5-de05-4b90-bbe4-5cc916da48a2
2025-07-02 20:03:44,028 INFO  - Fetched company for recruiterId=585999a5-de05-4b90-bbe4-5cc916da48a2
2025-07-02 20:03:48,857 INFO  - Fetched company for recruiterId=3dc93452-07a2-4843-a650-c7faed6fc07c
2025-07-02 20:03:52,699 INFO  - Fetched company for recruiterId=585999a5-de05-4b90-bbe4-5cc916da48a2
2025-07-02 20:03:52,706 INFO  - Fetched company for recruiterId=585999a5-de05-4b90-bbe4-5cc916da48a2
2025-07-02 20:03:52,780 INFO  - Fetched company for recruiterId=585999a5-de05-4b90-bbe4-5cc916da48a2
2025-07-02 20:03:52,782 INFO  - Fetched company for recruiterId=3dc93452-07a2-4843-a650-c7faed6fc07c
2025-07-02 20:03:52,787 INFO  - Fetched company for recruiterId=585999a5-de05-4b90-bbe4-5cc916da48a2
2025-07-02 20:03:52,790 INFO  - Fetched company for recruiterId=3dc93452-07a2-4843-a650-c7faed6fc07c
2025-07-02 20:03:52,796 INFO  - Fetched company for recruiterId=585999a5-de05-4b90-bbe4-5cc916da48a2
2025-07-02 20:04:02,058 INFO  - Fetched all company names.
2025-07-02 20:04:02,098 INFO  - Fetched company for recruiterId=585999a5-de05-4b90-bbe4-5cc916da48a2
2025-07-02 20:04:02,099 INFO  - Fetched company for recruiterId=3dc93452-07a2-4843-a650-c7faed6fc07c
2025-07-02 20:04:02,104 INFO  - Fetched company for recruiterId=52f3dcc7-e7bb-4419-b8a9-9cfb2a6f8b9e
2025-07-02 20:04:02,106 INFO  - Fetched company for recruiterId=585999a5-de05-4b90-bbe4-5cc916da48a2
2025-07-02 20:04:02,109 INFO  - Fetched company for recruiterId=3dc93452-07a2-4843-a650-c7faed6fc07c
2025-07-02 20:04:02,113 INFO  - Fetched company for recruiterId=52f3dcc7-e7bb-4419-b8a9-9cfb2a6f8b9e
2025-07-02 20:04:02,117 INFO  - Fetched company for recruiterId=585999a5-de05-4b90-bbe4-5cc916da48a2
2025-07-02 20:04:02,120 INFO  - Fetched company for recruiterId=3dc93452-07a2-4843-a650-c7faed6fc07c
2025-07-02 20:04:02,124 INFO  - Fetched company for recruiterId=52f3dcc7-e7bb-4419-b8a9-9cfb2a6f8b9e
2025-07-02 20:04:02,127 INFO  - Fetched company for recruiterId=585999a5-de05-4b90-bbe4-5cc916da48a2
2025-07-02 20:04:02,130 INFO  - Fetched company for recruiterId=3dc93452-07a2-4843-a650-c7faed6fc07c
2025-07-02 20:04:02,135 INFO  - Fetched company for recruiterId=52f3dcc7-e7bb-4419-b8a9-9cfb2a6f8b9e
2025-07-02 20:04:02,137 INFO  - Fetched company for recruiterId=585999a5-de05-4b90-bbe4-5cc916da48a2
2025-07-02 20:04:02,141 INFO  - Fetched company for recruiterId=3dc93452-07a2-4843-a650-c7faed6fc07c
2025-07-02 20:04:02,146 INFO  - Fetched company for recruiterId=52f3dcc7-e7bb-4419-b8a9-9cfb2a6f8b9e
2025-07-02 20:04:02,154 INFO  - Fetched company for recruiterId=52f3dcc7-e7bb-4419-b8a9-9cfb2a6f8b9e
2025-07-02 20:04:02,161 INFO  - Fetched company for recruiterId=52f3dcc7-e7bb-4419-b8a9-9cfb2a6f8b9e
2025-07-02 20:04:02,168 INFO  - Fetched company for recruiterId=52f3dcc7-e7bb-4419-b8a9-9cfb2a6f8b9e
2025-07-02 20:04:02,177 INFO  - Fetched company for recruiterId=52f3dcc7-e7bb-4419-b8a9-9cfb2a6f8b9e
2025-07-02 20:04:02,184 INFO  - Fetched company for recruiterId=52f3dcc7-e7bb-4419-b8a9-9cfb2a6f8b9e
2025-07-02 20:04:02,191 INFO  - Fetched company for recruiterId=52f3dcc7-e7bb-4419-b8a9-9cfb2a6f8b9e
2025-07-02 20:04:02,202 INFO  - Fetched company for recruiterId=52f3dcc7-e7bb-4419-b8a9-9cfb2a6f8b9e
2025-07-02 20:04:02,209 INFO  - Fetched company for recruiterId=52f3dcc7-e7bb-4419-b8a9-9cfb2a6f8b9e
2025-07-02 20:04:02,216 INFO  - Fetched company for recruiterId=52f3dcc7-e7bb-4419-b8a9-9cfb2a6f8b9e
2025-07-02 20:04:02,240 INFO  - Fetched company for recruiterId=52f3dcc7-e7bb-4419-b8a9-9cfb2a6f8b9e
2025-07-02 20:04:02,253 INFO  - Fetched company for recruiterId=52f3dcc7-e7bb-4419-b8a9-9cfb2a6f8b9e
2025-07-02 20:04:31,402 INFO  - Fetched all company names.
2025-07-02 20:04:31,429 INFO  - Fetched company for recruiterId=585999a5-de05-4b90-bbe4-5cc916da48a2
2025-07-02 20:04:31,429 INFO  - Fetched company for recruiterId=3dc93452-07a2-4843-a650-c7faed6fc07c
2025-07-02 20:04:31,433 INFO  - Fetched company for recruiterId=52f3dcc7-e7bb-4419-b8a9-9cfb2a6f8b9e
2025-07-02 20:04:31,438 INFO  - Fetched company for recruiterId=585999a5-de05-4b90-bbe4-5cc916da48a2
2025-07-02 20:04:31,439 INFO  - Fetched company for recruiterId=3dc93452-07a2-4843-a650-c7faed6fc07c
2025-07-02 20:04:31,441 INFO  - Fetched company for recruiterId=52f3dcc7-e7bb-4419-b8a9-9cfb2a6f8b9e
2025-07-02 20:04:31,447 INFO  - Fetched company for recruiterId=585999a5-de05-4b90-bbe4-5cc916da48a2
2025-07-02 20:04:31,448 INFO  - Fetched company for recruiterId=3dc93452-07a2-4843-a650-c7faed6fc07c
2025-07-02 20:04:31,454 INFO  - Fetched company for recruiterId=585999a5-de05-4b90-bbe4-5cc916da48a2
2025-07-02 20:04:31,460 INFO  - Fetched company for recruiterId=585999a5-de05-4b90-bbe4-5cc916da48a2
2025-07-02 20:04:33,403 INFO  - Fetched all company names.
2025-07-02 20:04:33,438 INFO  - Fetched company for recruiterId=585999a5-de05-4b90-bbe4-5cc916da48a2
2025-07-02 20:04:33,439 INFO  - Fetched company for recruiterId=3dc93452-07a2-4843-a650-c7faed6fc07c
2025-07-02 20:04:33,441 INFO  - Fetched company for recruiterId=52f3dcc7-e7bb-4419-b8a9-9cfb2a6f8b9e
2025-07-02 20:04:33,448 INFO  - Fetched company for recruiterId=585999a5-de05-4b90-bbe4-5cc916da48a2
2025-07-02 20:04:33,448 INFO  - Fetched company for recruiterId=3dc93452-07a2-4843-a650-c7faed6fc07c
2025-07-02 20:04:33,450 INFO  - Fetched company for recruiterId=52f3dcc7-e7bb-4419-b8a9-9cfb2a6f8b9e
2025-07-02 20:04:33,457 INFO  - Fetched company for recruiterId=585999a5-de05-4b90-bbe4-5cc916da48a2
2025-07-02 20:04:33,457 INFO  - Fetched company for recruiterId=3dc93452-07a2-4843-a650-c7faed6fc07c
2025-07-02 20:04:33,461 INFO  - Fetched company for recruiterId=52f3dcc7-e7bb-4419-b8a9-9cfb2a6f8b9e
2025-07-02 20:04:33,467 INFO  - Fetched company for recruiterId=585999a5-de05-4b90-bbe4-5cc916da48a2
2025-07-02 20:04:33,467 INFO  - Fetched company for recruiterId=3dc93452-07a2-4843-a650-c7faed6fc07c
2025-07-02 20:04:33,470 INFO  - Fetched company for recruiterId=52f3dcc7-e7bb-4419-b8a9-9cfb2a6f8b9e
2025-07-02 20:04:33,475 INFO  - Fetched company for recruiterId=3dc93452-07a2-4843-a650-c7faed6fc07c
2025-07-02 20:04:33,475 INFO  - Fetched company for recruiterId=585999a5-de05-4b90-bbe4-5cc916da48a2
2025-07-02 20:04:33,479 INFO  - Fetched company for recruiterId=52f3dcc7-e7bb-4419-b8a9-9cfb2a6f8b9e
2025-07-02 20:04:33,486 INFO  - Fetched company for recruiterId=52f3dcc7-e7bb-4419-b8a9-9cfb2a6f8b9e
2025-07-02 20:04:33,494 INFO  - Fetched company for recruiterId=52f3dcc7-e7bb-4419-b8a9-9cfb2a6f8b9e
2025-07-02 20:04:33,501 INFO  - Fetched company for recruiterId=52f3dcc7-e7bb-4419-b8a9-9cfb2a6f8b9e
2025-07-02 20:04:33,508 INFO  - Fetched company for recruiterId=52f3dcc7-e7bb-4419-b8a9-9cfb2a6f8b9e
2025-07-02 20:04:33,526 INFO  - Fetched company for recruiterId=52f3dcc7-e7bb-4419-b8a9-9cfb2a6f8b9e
2025-07-02 20:04:33,532 INFO  - Fetched company for recruiterId=52f3dcc7-e7bb-4419-b8a9-9cfb2a6f8b9e
2025-07-02 20:04:33,539 INFO  - Fetched company for recruiterId=52f3dcc7-e7bb-4419-b8a9-9cfb2a6f8b9e
2025-07-02 20:04:33,547 INFO  - Fetched company for recruiterId=52f3dcc7-e7bb-4419-b8a9-9cfb2a6f8b9e
2025-07-02 20:04:33,553 INFO  - Fetched company for recruiterId=52f3dcc7-e7bb-4419-b8a9-9cfb2a6f8b9e
2025-07-02 20:04:33,559 INFO  - Fetched company for recruiterId=52f3dcc7-e7bb-4419-b8a9-9cfb2a6f8b9e
2025-07-02 20:04:33,568 INFO  - Fetched company for recruiterId=52f3dcc7-e7bb-4419-b8a9-9cfb2a6f8b9e
2025-07-02 20:04:35,108 INFO  - Fetched company for recruiterId=52f3dcc7-e7bb-4419-b8a9-9cfb2a6f8b9e
2025-07-02 20:04:35,108 INFO  - Fetched company for recruiterId=3dc93452-07a2-4843-a650-c7faed6fc07c
2025-07-02 20:04:35,114 INFO  - Fetched company for recruiterId=52f3dcc7-e7bb-4419-b8a9-9cfb2a6f8b9e
2025-07-02 20:04:35,115 INFO  - Fetched company for recruiterId=3dc93452-07a2-4843-a650-c7faed6fc07c
2025-07-02 20:04:35,120 INFO  - Fetched company for recruiterId=3dc93452-07a2-4843-a650-c7faed6fc07c
2025-07-02 20:04:35,120 INFO  - Fetched company for recruiterId=52f3dcc7-e7bb-4419-b8a9-9cfb2a6f8b9e
2025-07-02 20:04:35,131 INFO  - Fetched company for recruiterId=52f3dcc7-e7bb-4419-b8a9-9cfb2a6f8b9e
2025-07-02 20:04:35,132 INFO  - Fetched company for recruiterId=3dc93452-07a2-4843-a650-c7faed6fc07c
2025-07-02 20:04:35,140 INFO  - Fetched company for recruiterId=3dc93452-07a2-4843-a650-c7faed6fc07c
2025-07-02 20:04:35,141 INFO  - Fetched company for recruiterId=52f3dcc7-e7bb-4419-b8a9-9cfb2a6f8b9e
2025-07-02 20:04:35,148 INFO  - Fetched company for recruiterId=52f3dcc7-e7bb-4419-b8a9-9cfb2a6f8b9e
2025-07-02 20:04:35,154 INFO  - Fetched company for recruiterId=52f3dcc7-e7bb-4419-b8a9-9cfb2a6f8b9e
2025-07-02 20:04:35,161 INFO  - Fetched company for recruiterId=52f3dcc7-e7bb-4419-b8a9-9cfb2a6f8b9e
2025-07-02 20:04:35,167 INFO  - Fetched company for recruiterId=52f3dcc7-e7bb-4419-b8a9-9cfb2a6f8b9e
2025-07-02 20:04:35,173 INFO  - Fetched company for recruiterId=52f3dcc7-e7bb-4419-b8a9-9cfb2a6f8b9e
2025-07-02 20:04:35,179 INFO  - Fetched company for recruiterId=52f3dcc7-e7bb-4419-b8a9-9cfb2a6f8b9e
2025-07-02 20:04:35,185 INFO  - Fetched company for recruiterId=52f3dcc7-e7bb-4419-b8a9-9cfb2a6f8b9e
2025-07-02 20:04:35,191 INFO  - Fetched company for recruiterId=52f3dcc7-e7bb-4419-b8a9-9cfb2a6f8b9e
2025-07-02 20:04:35,198 INFO  - Fetched company for recruiterId=52f3dcc7-e7bb-4419-b8a9-9cfb2a6f8b9e
2025-07-02 20:04:35,203 INFO  - Fetched company for recruiterId=52f3dcc7-e7bb-4419-b8a9-9cfb2a6f8b9e
2025-07-02 20:04:35,209 INFO  - Fetched company for recruiterId=52f3dcc7-e7bb-4419-b8a9-9cfb2a6f8b9e
2025-07-02 20:04:38,417 INFO  - Fetched all company names.
2025-07-02 20:04:38,451 INFO  - Fetched company for recruiterId=585999a5-de05-4b90-bbe4-5cc916da48a2
2025-07-02 20:04:38,451 INFO  - Fetched company for recruiterId=3dc93452-07a2-4843-a650-c7faed6fc07c
2025-07-02 20:04:38,455 INFO  - Fetched company for recruiterId=52f3dcc7-e7bb-4419-b8a9-9cfb2a6f8b9e
2025-07-02 20:04:38,459 INFO  - Fetched company for recruiterId=585999a5-de05-4b90-bbe4-5cc916da48a2
2025-07-02 20:04:38,459 INFO  - Fetched company for recruiterId=3dc93452-07a2-4843-a650-c7faed6fc07c
2025-07-02 20:04:38,461 INFO  - Fetched company for recruiterId=52f3dcc7-e7bb-4419-b8a9-9cfb2a6f8b9e
2025-07-02 20:04:38,467 INFO  - Fetched company for recruiterId=585999a5-de05-4b90-bbe4-5cc916da48a2
2025-07-02 20:04:38,467 INFO  - Fetched company for recruiterId=3dc93452-07a2-4843-a650-c7faed6fc07c
2025-07-02 20:04:38,469 INFO  - Fetched company for recruiterId=52f3dcc7-e7bb-4419-b8a9-9cfb2a6f8b9e
2025-07-02 20:04:38,476 INFO  - Fetched company for recruiterId=585999a5-de05-4b90-bbe4-5cc916da48a2
2025-07-02 20:04:38,476 INFO  - Fetched company for recruiterId=3dc93452-07a2-4843-a650-c7faed6fc07c
2025-07-02 20:04:38,477 INFO  - Fetched company for recruiterId=52f3dcc7-e7bb-4419-b8a9-9cfb2a6f8b9e
2025-07-02 20:04:38,484 INFO  - Fetched company for recruiterId=585999a5-de05-4b90-bbe4-5cc916da48a2
2025-07-02 20:04:38,485 INFO  - Fetched company for recruiterId=3dc93452-07a2-4843-a650-c7faed6fc07c
2025-07-02 20:04:38,485 INFO  - Fetched company for recruiterId=52f3dcc7-e7bb-4419-b8a9-9cfb2a6f8b9e
2025-07-02 20:04:38,493 INFO  - Fetched company for recruiterId=52f3dcc7-e7bb-4419-b8a9-9cfb2a6f8b9e
2025-07-02 20:04:38,499 INFO  - Fetched company for recruiterId=52f3dcc7-e7bb-4419-b8a9-9cfb2a6f8b9e
2025-07-02 20:04:38,506 INFO  - Fetched company for recruiterId=52f3dcc7-e7bb-4419-b8a9-9cfb2a6f8b9e
2025-07-02 20:04:38,512 INFO  - Fetched company for recruiterId=52f3dcc7-e7bb-4419-b8a9-9cfb2a6f8b9e
2025-07-02 20:04:38,518 INFO  - Fetched company for recruiterId=52f3dcc7-e7bb-4419-b8a9-9cfb2a6f8b9e
2025-07-02 20:04:38,524 INFO  - Fetched company for recruiterId=52f3dcc7-e7bb-4419-b8a9-9cfb2a6f8b9e
2025-07-02 20:04:38,530 INFO  - Fetched company for recruiterId=52f3dcc7-e7bb-4419-b8a9-9cfb2a6f8b9e
2025-07-02 20:04:38,536 INFO  - Fetched company for recruiterId=52f3dcc7-e7bb-4419-b8a9-9cfb2a6f8b9e
2025-07-02 20:04:38,542 INFO  - Fetched company for recruiterId=52f3dcc7-e7bb-4419-b8a9-9cfb2a6f8b9e
2025-07-02 20:04:38,548 INFO  - Fetched company for recruiterId=52f3dcc7-e7bb-4419-b8a9-9cfb2a6f8b9e
2025-07-02 20:04:38,555 INFO  - Fetched company for recruiterId=52f3dcc7-e7bb-4419-b8a9-9cfb2a6f8b9e
2025-07-02 20:04:39,376 INFO  - Fetched all company names.
2025-07-02 20:04:39,404 INFO  - Fetched company for recruiterId=585999a5-de05-4b90-bbe4-5cc916da48a2
2025-07-02 20:04:39,404 INFO  - Fetched company for recruiterId=3dc93452-07a2-4843-a650-c7faed6fc07c
2025-07-02 20:04:39,409 INFO  - Fetched company for recruiterId=52f3dcc7-e7bb-4419-b8a9-9cfb2a6f8b9e
2025-07-02 20:04:39,414 INFO  - Fetched company for recruiterId=585999a5-de05-4b90-bbe4-5cc916da48a2
2025-07-02 20:04:39,414 INFO  - Fetched company for recruiterId=3dc93452-07a2-4843-a650-c7faed6fc07c
2025-07-02 20:04:39,417 INFO  - Fetched company for recruiterId=52f3dcc7-e7bb-4419-b8a9-9cfb2a6f8b9e
2025-07-02 20:04:39,422 INFO  - Fetched company for recruiterId=585999a5-de05-4b90-bbe4-5cc916da48a2
2025-07-02 20:04:39,422 INFO  - Fetched company for recruiterId=3dc93452-07a2-4843-a650-c7faed6fc07c
2025-07-02 20:04:39,430 INFO  - Fetched company for recruiterId=585999a5-de05-4b90-bbe4-5cc916da48a2
2025-07-02 20:04:39,436 INFO  - Fetched company for recruiterId=585999a5-de05-4b90-bbe4-5cc916da48a2
2025-07-02 20:04:42,941 INFO  - Fetched company for recruiterId=3dc93452-07a2-4843-a650-c7faed6fc07c
2025-07-02 20:04:42,942 INFO  - Fetched company for recruiterId=585999a5-de05-4b90-bbe4-5cc916da48a2
2025-07-02 20:04:42,949 INFO  - Fetched company for recruiterId=3dc93452-07a2-4843-a650-c7faed6fc07c
2025-07-02 20:04:42,949 INFO  - Fetched company for recruiterId=585999a5-de05-4b90-bbe4-5cc916da48a2
2025-07-02 20:04:42,957 INFO  - Fetched company for recruiterId=585999a5-de05-4b90-bbe4-5cc916da48a2
2025-07-02 20:04:46,188 INFO  - Fetched all company names.
2025-07-02 20:04:46,217 INFO  - Fetched company for recruiterId=585999a5-de05-4b90-bbe4-5cc916da48a2
2025-07-02 20:04:46,217 INFO  - Fetched company for recruiterId=3dc93452-07a2-4843-a650-c7faed6fc07c
2025-07-02 20:04:46,221 INFO  - Fetched company for recruiterId=52f3dcc7-e7bb-4419-b8a9-9cfb2a6f8b9e
2025-07-02 20:04:46,226 INFO  - Fetched company for recruiterId=585999a5-de05-4b90-bbe4-5cc916da48a2
2025-07-02 20:04:46,226 INFO  - Fetched company for recruiterId=3dc93452-07a2-4843-a650-c7faed6fc07c
2025-07-02 20:04:46,229 INFO  - Fetched company for recruiterId=52f3dcc7-e7bb-4419-b8a9-9cfb2a6f8b9e
2025-07-02 20:04:46,236 INFO  - Fetched company for recruiterId=585999a5-de05-4b90-bbe4-5cc916da48a2
2025-07-02 20:04:46,237 INFO  - Fetched company for recruiterId=3dc93452-07a2-4843-a650-c7faed6fc07c
2025-07-02 20:04:46,246 INFO  - Fetched company for recruiterId=585999a5-de05-4b90-bbe4-5cc916da48a2
2025-07-02 20:04:46,252 INFO  - Fetched company for recruiterId=585999a5-de05-4b90-bbe4-5cc916da48a2
2025-07-02 20:05:54,240 INFO  - Fetched all company names.
2025-07-02 20:05:54,298 INFO  - Fetched all skills.
2025-07-02 20:05:54,339 INFO  - Fetched company for recruiterId=585999a5-de05-4b90-bbe4-5cc916da48a2
2025-07-02 20:05:54,342 INFO  - Fetched company for recruiterId=3dc93452-07a2-4843-a650-c7faed6fc07c
2025-07-02 20:05:54,350 INFO  - Fetched company for recruiterId=52f3dcc7-e7bb-4419-b8a9-9cfb2a6f8b9e
2025-07-02 20:05:54,350 INFO  - Fetched company for recruiterId=585999a5-de05-4b90-bbe4-5cc916da48a2
2025-07-02 20:05:54,357 INFO  - Fetched company for recruiterId=3dc93452-07a2-4843-a650-c7faed6fc07c
2025-07-02 20:05:54,365 INFO  - Fetched company for recruiterId=585999a5-de05-4b90-bbe4-5cc916da48a2
2025-07-02 20:05:54,365 INFO  - Fetched company for recruiterId=3dc93452-07a2-4843-a650-c7faed6fc07c
2025-07-02 20:05:54,365 INFO  - Fetched company for recruiterId=52f3dcc7-e7bb-4419-b8a9-9cfb2a6f8b9e
2025-07-02 20:05:54,373 INFO  - Fetched company for recruiterId=585999a5-de05-4b90-bbe4-5cc916da48a2
2025-07-02 20:05:54,383 INFO  - Fetched company for recruiterId=585999a5-de05-4b90-bbe4-5cc916da48a2
2025-07-02 20:06:16,812 INFO  - Fetched all company names.
2025-07-02 20:06:16,819 INFO  - Fetched all skills.
2025-07-02 20:06:16,900 INFO  - Fetched company for recruiterId=3dc93452-07a2-4843-a650-c7faed6fc07c
2025-07-02 20:06:16,904 INFO  - Fetched company for recruiterId=585999a5-de05-4b90-bbe4-5cc916da48a2
2025-07-02 20:06:16,911 INFO  - Fetched company for recruiterId=3dc93452-07a2-4843-a650-c7faed6fc07c
2025-07-02 20:06:16,915 INFO  - Fetched company for recruiterId=585999a5-de05-4b90-bbe4-5cc916da48a2
2025-07-02 20:06:16,915 INFO  - Fetched company for recruiterId=52f3dcc7-e7bb-4419-b8a9-9cfb2a6f8b9e
2025-07-02 20:06:16,925 INFO  - Fetched company for recruiterId=3dc93452-07a2-4843-a650-c7faed6fc07c
2025-07-02 20:06:16,934 INFO  - Fetched company for recruiterId=52f3dcc7-e7bb-4419-b8a9-9cfb2a6f8b9e
2025-07-02 20:06:16,934 INFO  - Fetched company for recruiterId=585999a5-de05-4b90-bbe4-5cc916da48a2
2025-07-02 20:06:16,945 INFO  - Fetched company for recruiterId=585999a5-de05-4b90-bbe4-5cc916da48a2
2025-07-02 20:06:16,956 INFO  - Fetched company for recruiterId=585999a5-de05-4b90-bbe4-5cc916da48a2
2025-07-02 20:06:26,863 INFO  - Fetched all company names.
2025-07-02 20:06:26,906 INFO  - Fetched company for recruiterId=585999a5-de05-4b90-bbe4-5cc916da48a2
2025-07-02 20:06:26,906 INFO  - Fetched company for recruiterId=3dc93452-07a2-4843-a650-c7faed6fc07c
2025-07-02 20:06:26,913 INFO  - Fetched company for recruiterId=52f3dcc7-e7bb-4419-b8a9-9cfb2a6f8b9e
2025-07-02 20:06:26,918 INFO  - Fetched company for recruiterId=585999a5-de05-4b90-bbe4-5cc916da48a2
2025-07-02 20:06:26,919 INFO  - Fetched company for recruiterId=3dc93452-07a2-4843-a650-c7faed6fc07c
2025-07-02 20:06:26,925 INFO  - Fetched company for recruiterId=52f3dcc7-e7bb-4419-b8a9-9cfb2a6f8b9e
2025-07-02 20:06:26,929 INFO  - Fetched company for recruiterId=585999a5-de05-4b90-bbe4-5cc916da48a2
2025-07-02 20:06:26,929 INFO  - Fetched company for recruiterId=3dc93452-07a2-4843-a650-c7faed6fc07c
2025-07-02 20:06:26,940 INFO  - Fetched company for recruiterId=52f3dcc7-e7bb-4419-b8a9-9cfb2a6f8b9e
2025-07-02 20:06:26,940 INFO  - Fetched company for recruiterId=3dc93452-07a2-4843-a650-c7faed6fc07c
2025-07-02 20:06:26,945 INFO  - Fetched company for recruiterId=585999a5-de05-4b90-bbe4-5cc916da48a2
2025-07-02 20:06:26,951 INFO  - Fetched company for recruiterId=3dc93452-07a2-4843-a650-c7faed6fc07c
2025-07-02 20:06:26,951 INFO  - Fetched company for recruiterId=52f3dcc7-e7bb-4419-b8a9-9cfb2a6f8b9e
2025-07-02 20:06:26,958 INFO  - Fetched company for recruiterId=585999a5-de05-4b90-bbe4-5cc916da48a2
2025-07-02 20:06:26,964 INFO  - Fetched company for recruiterId=52f3dcc7-e7bb-4419-b8a9-9cfb2a6f8b9e
2025-07-02 20:06:26,975 INFO  - Fetched company for recruiterId=52f3dcc7-e7bb-4419-b8a9-9cfb2a6f8b9e
2025-07-02 20:06:26,982 INFO  - Fetched company for recruiterId=52f3dcc7-e7bb-4419-b8a9-9cfb2a6f8b9e
2025-07-02 20:06:26,993 INFO  - Fetched company for recruiterId=52f3dcc7-e7bb-4419-b8a9-9cfb2a6f8b9e
2025-07-02 20:06:27,002 INFO  - Fetched company for recruiterId=52f3dcc7-e7bb-4419-b8a9-9cfb2a6f8b9e
2025-07-02 20:06:27,011 INFO  - Fetched company for recruiterId=52f3dcc7-e7bb-4419-b8a9-9cfb2a6f8b9e
2025-07-02 20:06:27,021 INFO  - Fetched company for recruiterId=52f3dcc7-e7bb-4419-b8a9-9cfb2a6f8b9e
2025-07-02 20:06:27,029 INFO  - Fetched company for recruiterId=52f3dcc7-e7bb-4419-b8a9-9cfb2a6f8b9e
2025-07-02 20:06:27,036 INFO  - Fetched company for recruiterId=52f3dcc7-e7bb-4419-b8a9-9cfb2a6f8b9e
2025-07-02 20:06:27,045 INFO  - Fetched company for recruiterId=52f3dcc7-e7bb-4419-b8a9-9cfb2a6f8b9e
2025-07-02 20:06:27,053 INFO  - Fetched company for recruiterId=52f3dcc7-e7bb-4419-b8a9-9cfb2a6f8b9e
2025-07-02 20:06:27,060 INFO  - Fetched company for recruiterId=52f3dcc7-e7bb-4419-b8a9-9cfb2a6f8b9e
2025-07-02 20:06:29,668 INFO  - Fetched all company names.
2025-07-02 20:06:29,696 INFO  - Fetched company for recruiterId=585999a5-de05-4b90-bbe4-5cc916da48a2
2025-07-02 20:06:29,697 INFO  - Fetched company for recruiterId=3dc93452-07a2-4843-a650-c7faed6fc07c
2025-07-02 20:06:29,699 INFO  - Fetched company for recruiterId=52f3dcc7-e7bb-4419-b8a9-9cfb2a6f8b9e
2025-07-02 20:06:29,705 INFO  - Fetched company for recruiterId=585999a5-de05-4b90-bbe4-5cc916da48a2
2025-07-02 20:06:29,705 INFO  - Fetched company for recruiterId=3dc93452-07a2-4843-a650-c7faed6fc07c
2025-07-02 20:06:29,705 INFO  - Fetched company for recruiterId=52f3dcc7-e7bb-4419-b8a9-9cfb2a6f8b9e
2025-07-02 20:06:29,714 INFO  - Fetched company for recruiterId=3dc93452-07a2-4843-a650-c7faed6fc07c
2025-07-02 20:06:29,714 INFO  - Fetched company for recruiterId=585999a5-de05-4b90-bbe4-5cc916da48a2
2025-07-02 20:06:29,720 INFO  - Fetched company for recruiterId=585999a5-de05-4b90-bbe4-5cc916da48a2
2025-07-02 20:06:29,726 INFO  - Fetched company for recruiterId=585999a5-de05-4b90-bbe4-5cc916da48a2
2025-07-02 20:06:31,260 INFO  - Fetched all company names.
2025-07-02 20:06:31,293 INFO  - Fetched company for recruiterId=585999a5-de05-4b90-bbe4-5cc916da48a2
2025-07-02 20:06:31,293 INFO  - Fetched company for recruiterId=3dc93452-07a2-4843-a650-c7faed6fc07c
2025-07-02 20:06:31,296 INFO  - Fetched company for recruiterId=52f3dcc7-e7bb-4419-b8a9-9cfb2a6f8b9e
2025-07-02 20:06:31,303 INFO  - Fetched company for recruiterId=585999a5-de05-4b90-bbe4-5cc916da48a2
2025-07-02 20:06:31,303 INFO  - Fetched company for recruiterId=3dc93452-07a2-4843-a650-c7faed6fc07c
2025-07-02 20:06:31,304 INFO  - Fetched company for recruiterId=52f3dcc7-e7bb-4419-b8a9-9cfb2a6f8b9e
2025-07-02 20:06:31,312 INFO  - Fetched company for recruiterId=52f3dcc7-e7bb-4419-b8a9-9cfb2a6f8b9e
2025-07-02 20:06:31,313 INFO  - Fetched company for recruiterId=585999a5-de05-4b90-bbe4-5cc916da48a2
2025-07-02 20:06:31,313 INFO  - Fetched company for recruiterId=3dc93452-07a2-4843-a650-c7faed6fc07c
2025-07-02 20:06:31,323 INFO  - Fetched company for recruiterId=585999a5-de05-4b90-bbe4-5cc916da48a2
2025-07-02 20:06:31,325 INFO  - Fetched company for recruiterId=52f3dcc7-e7bb-4419-b8a9-9cfb2a6f8b9e
2025-07-02 20:06:31,325 INFO  - Fetched company for recruiterId=3dc93452-07a2-4843-a650-c7faed6fc07c
2025-07-02 20:06:31,335 INFO  - Fetched company for recruiterId=585999a5-de05-4b90-bbe4-5cc916da48a2
2025-07-02 20:06:31,336 INFO  - Fetched company for recruiterId=52f3dcc7-e7bb-4419-b8a9-9cfb2a6f8b9e
2025-07-02 20:06:31,336 INFO  - Fetched company for recruiterId=3dc93452-07a2-4843-a650-c7faed6fc07c
2025-07-02 20:06:31,344 INFO  - Fetched company for recruiterId=52f3dcc7-e7bb-4419-b8a9-9cfb2a6f8b9e
2025-07-02 20:06:31,351 INFO  - Fetched company for recruiterId=52f3dcc7-e7bb-4419-b8a9-9cfb2a6f8b9e
2025-07-02 20:06:31,357 INFO  - Fetched company for recruiterId=52f3dcc7-e7bb-4419-b8a9-9cfb2a6f8b9e
2025-07-02 20:06:31,365 INFO  - Fetched company for recruiterId=52f3dcc7-e7bb-4419-b8a9-9cfb2a6f8b9e
2025-07-02 20:06:31,371 INFO  - Fetched company for recruiterId=52f3dcc7-e7bb-4419-b8a9-9cfb2a6f8b9e
2025-07-02 20:06:31,378 INFO  - Fetched company for recruiterId=52f3dcc7-e7bb-4419-b8a9-9cfb2a6f8b9e
2025-07-02 20:06:31,384 INFO  - Fetched company for recruiterId=52f3dcc7-e7bb-4419-b8a9-9cfb2a6f8b9e
2025-07-02 20:06:31,391 INFO  - Fetched company for recruiterId=52f3dcc7-e7bb-4419-b8a9-9cfb2a6f8b9e
2025-07-02 20:06:31,397 INFO  - Fetched company for recruiterId=52f3dcc7-e7bb-4419-b8a9-9cfb2a6f8b9e
2025-07-02 20:06:31,403 INFO  - Fetched company for recruiterId=52f3dcc7-e7bb-4419-b8a9-9cfb2a6f8b9e
2025-07-02 20:06:31,412 INFO  - Fetched company for recruiterId=52f3dcc7-e7bb-4419-b8a9-9cfb2a6f8b9e
2025-07-02 20:07:03,063 INFO  - Fetched all company names.
2025-07-02 20:07:03,070 INFO  - Fetched company for recruiterId=585999a5-de05-4b90-bbe4-5cc916da48a2
2025-07-02 20:07:03,070 INFO  - Fetched company for recruiterId=3dc93452-07a2-4843-a650-c7faed6fc07c
2025-07-02 20:07:03,073 INFO  - Fetched company for recruiterId=52f3dcc7-e7bb-4419-b8a9-9cfb2a6f8b9e
2025-07-02 20:07:03,082 INFO  - Fetched company for recruiterId=585999a5-de05-4b90-bbe4-5cc916da48a2
2025-07-02 20:07:03,082 INFO  - Fetched company for recruiterId=3dc93452-07a2-4843-a650-c7faed6fc07c
2025-07-02 20:07:03,087 INFO  - Fetched company for recruiterId=52f3dcc7-e7bb-4419-b8a9-9cfb2a6f8b9e
2025-07-02 20:07:03,093 INFO  - Fetched company for recruiterId=3dc93452-07a2-4843-a650-c7faed6fc07c
2025-07-02 20:07:03,095 INFO  - Fetched company for recruiterId=585999a5-de05-4b90-bbe4-5cc916da48a2
2025-07-02 20:07:03,097 INFO  - Fetched company for recruiterId=52f3dcc7-e7bb-4419-b8a9-9cfb2a6f8b9e
2025-07-02 20:07:03,105 INFO  - Fetched company for recruiterId=3dc93452-07a2-4843-a650-c7faed6fc07c
2025-07-02 20:07:03,105 INFO  - Fetched company for recruiterId=585999a5-de05-4b90-bbe4-5cc916da48a2
2025-07-02 20:07:03,111 INFO  - Fetched company for recruiterId=52f3dcc7-e7bb-4419-b8a9-9cfb2a6f8b9e
2025-07-02 20:07:03,120 INFO  - Fetched company for recruiterId=585999a5-de05-4b90-bbe4-5cc916da48a2
2025-07-02 20:07:03,120 INFO  - Fetched company for recruiterId=3dc93452-07a2-4843-a650-c7faed6fc07c
2025-07-02 20:07:03,125 INFO  - Fetched company for recruiterId=52f3dcc7-e7bb-4419-b8a9-9cfb2a6f8b9e
2025-07-02 20:07:03,134 INFO  - Fetched company for recruiterId=52f3dcc7-e7bb-4419-b8a9-9cfb2a6f8b9e
2025-07-02 20:07:03,143 INFO  - Fetched company for recruiterId=52f3dcc7-e7bb-4419-b8a9-9cfb2a6f8b9e
2025-07-02 20:07:03,153 INFO  - Fetched company for recruiterId=52f3dcc7-e7bb-4419-b8a9-9cfb2a6f8b9e
2025-07-02 20:07:03,162 INFO  - Fetched company for recruiterId=52f3dcc7-e7bb-4419-b8a9-9cfb2a6f8b9e
2025-07-02 20:07:03,169 INFO  - Fetched company for recruiterId=52f3dcc7-e7bb-4419-b8a9-9cfb2a6f8b9e
2025-07-02 20:07:03,178 INFO  - Fetched company for recruiterId=52f3dcc7-e7bb-4419-b8a9-9cfb2a6f8b9e
2025-07-02 20:07:03,185 INFO  - Fetched company for recruiterId=52f3dcc7-e7bb-4419-b8a9-9cfb2a6f8b9e
2025-07-02 20:07:03,193 INFO  - Fetched company for recruiterId=52f3dcc7-e7bb-4419-b8a9-9cfb2a6f8b9e
2025-07-02 20:07:03,204 INFO  - Fetched company for recruiterId=52f3dcc7-e7bb-4419-b8a9-9cfb2a6f8b9e
2025-07-02 20:07:03,213 INFO  - Fetched company for recruiterId=52f3dcc7-e7bb-4419-b8a9-9cfb2a6f8b9e
2025-07-02 20:07:03,223 INFO  - Fetched company for recruiterId=52f3dcc7-e7bb-4419-b8a9-9cfb2a6f8b9e
2025-07-02 20:07:06,420 INFO  - Fetched company for recruiterId=585999a5-de05-4b90-bbe4-5cc916da48a2
2025-07-02 20:07:06,427 INFO  - Fetched company for recruiterId=585999a5-de05-4b90-bbe4-5cc916da48a2
2025-07-02 20:07:06,434 INFO  - Fetched company for recruiterId=585999a5-de05-4b90-bbe4-5cc916da48a2
2025-07-02 20:07:06,440 INFO  - Fetched company for recruiterId=585999a5-de05-4b90-bbe4-5cc916da48a2
2025-07-02 20:07:06,448 INFO  - Fetched company for recruiterId=585999a5-de05-4b90-bbe4-5cc916da48a2
2025-07-02 20:07:24,092 INFO  - Fetched all company names.
2025-07-02 20:07:24,098 INFO  - Fetched company for recruiterId=585999a5-de05-4b90-bbe4-5cc916da48a2
2025-07-02 20:07:24,102 INFO  - Fetched company for recruiterId=585999a5-de05-4b90-bbe4-5cc916da48a2
2025-07-02 20:07:24,107 INFO  - Fetched company for recruiterId=585999a5-de05-4b90-bbe4-5cc916da48a2
2025-07-02 20:07:24,114 INFO  - Fetched company for recruiterId=585999a5-de05-4b90-bbe4-5cc916da48a2
2025-07-02 20:07:24,120 INFO  - Fetched company for recruiterId=585999a5-de05-4b90-bbe4-5cc916da48a2
2025-07-02 20:07:35,362 INFO  - Fetched all company names.
2025-07-02 20:07:35,365 INFO  - Fetched company for recruiterId=585999a5-de05-4b90-bbe4-5cc916da48a2
2025-07-02 20:07:35,369 INFO  - Fetched company for recruiterId=585999a5-de05-4b90-bbe4-5cc916da48a2
2025-07-02 20:07:35,374 INFO  - Fetched company for recruiterId=585999a5-de05-4b90-bbe4-5cc916da48a2
2025-07-02 20:07:35,383 INFO  - Fetched company for recruiterId=585999a5-de05-4b90-bbe4-5cc916da48a2
2025-07-02 20:07:35,388 INFO  - Fetched company for recruiterId=585999a5-de05-4b90-bbe4-5cc916da48a2
2025-07-02 20:07:49,000 INFO  - Fetched all company names.
2025-07-02 20:07:49,007 INFO  - Fetched company for recruiterId=585999a5-de05-4b90-bbe4-5cc916da48a2
2025-07-02 20:07:49,016 INFO  - Fetched company for recruiterId=585999a5-de05-4b90-bbe4-5cc916da48a2
2025-07-02 20:07:49,022 INFO  - Fetched company for recruiterId=585999a5-de05-4b90-bbe4-5cc916da48a2
2025-07-02 20:07:49,032 INFO  - Fetched company for recruiterId=585999a5-de05-4b90-bbe4-5cc916da48a2
2025-07-02 20:07:49,050 INFO  - Fetched company for recruiterId=585999a5-de05-4b90-bbe4-5cc916da48a2
2025-07-02 20:07:54,044 INFO  - Fetched all company names.
2025-07-02 20:07:54,045 INFO  - Fetched company for recruiterId=585999a5-de05-4b90-bbe4-5cc916da48a2
2025-07-02 20:07:54,049 INFO  - Fetched company for recruiterId=585999a5-de05-4b90-bbe4-5cc916da48a2
2025-07-02 20:07:54,053 INFO  - Fetched company for recruiterId=585999a5-de05-4b90-bbe4-5cc916da48a2
2025-07-02 20:07:54,058 INFO  - Fetched company for recruiterId=585999a5-de05-4b90-bbe4-5cc916da48a2
2025-07-02 20:07:54,064 INFO  - Fetched company for recruiterId=585999a5-de05-4b90-bbe4-5cc916da48a2
2025-07-02 20:07:58,785 INFO  - Fetched all company names.
2025-07-02 20:07:58,788 INFO  - Fetched company for recruiterId=585999a5-de05-4b90-bbe4-5cc916da48a2
2025-07-02 20:07:58,795 INFO  - Fetched company for recruiterId=585999a5-de05-4b90-bbe4-5cc916da48a2
2025-07-02 20:07:58,800 INFO  - Fetched company for recruiterId=585999a5-de05-4b90-bbe4-5cc916da48a2
2025-07-02 20:07:58,805 INFO  - Fetched company for recruiterId=585999a5-de05-4b90-bbe4-5cc916da48a2
2025-07-02 20:07:58,813 INFO  - Fetched company for recruiterId=585999a5-de05-4b90-bbe4-5cc916da48a2
2025-07-02 20:08:15,057 INFO  - Fetched all company names.
2025-07-02 20:08:15,058 INFO  - Fetched company for recruiterId=585999a5-de05-4b90-bbe4-5cc916da48a2
2025-07-02 20:08:15,062 INFO  - Fetched company for recruiterId=585999a5-de05-4b90-bbe4-5cc916da48a2
2025-07-02 20:08:15,066 INFO  - Fetched company for recruiterId=585999a5-de05-4b90-bbe4-5cc916da48a2
2025-07-02 20:08:15,070 INFO  - Fetched company for recruiterId=585999a5-de05-4b90-bbe4-5cc916da48a2
2025-07-02 20:08:15,074 INFO  - Fetched company for recruiterId=585999a5-de05-4b90-bbe4-5cc916da48a2
2025-07-02 20:08:18,061 INFO  - Fetched all company names.
2025-07-02 20:08:18,092 INFO  - Fetched company for recruiterId=3dc93452-07a2-4843-a650-c7faed6fc07c
2025-07-02 20:08:18,093 INFO  - Fetched company for recruiterId=585999a5-de05-4b90-bbe4-5cc916da48a2
2025-07-02 20:08:18,100 INFO  - Fetched company for recruiterId=3dc93452-07a2-4843-a650-c7faed6fc07c
2025-07-02 20:08:18,100 INFO  - Fetched company for recruiterId=585999a5-de05-4b90-bbe4-5cc916da48a2
2025-07-02 20:08:18,108 INFO  - Fetched company for recruiterId=3dc93452-07a2-4843-a650-c7faed6fc07c
2025-07-02 20:08:18,108 INFO  - Fetched company for recruiterId=585999a5-de05-4b90-bbe4-5cc916da48a2
2025-07-02 20:08:18,111 INFO  - Fetched company for recruiterId=52f3dcc7-e7bb-4419-b8a9-9cfb2a6f8b9e
2025-07-02 20:08:18,117 INFO  - Fetched company for recruiterId=585999a5-de05-4b90-bbe4-5cc916da48a2
2025-07-02 20:08:18,120 INFO  - Fetched company for recruiterId=52f3dcc7-e7bb-4419-b8a9-9cfb2a6f8b9e
2025-07-02 20:08:18,125 INFO  - Fetched company for recruiterId=585999a5-de05-4b90-bbe4-5cc916da48a2
2025-07-02 20:08:19,897 INFO  - Fetched company for recruiterId=52f3dcc7-e7bb-4419-b8a9-9cfb2a6f8b9e
2025-07-02 20:08:19,906 INFO  - Fetched company for recruiterId=52f3dcc7-e7bb-4419-b8a9-9cfb2a6f8b9e
2025-07-02 20:08:19,910 INFO  - Fetched company for recruiterId=3dc93452-07a2-4843-a650-c7faed6fc07c
2025-07-02 20:08:19,917 INFO  - Fetched company for recruiterId=52f3dcc7-e7bb-4419-b8a9-9cfb2a6f8b9e
2025-07-02 20:08:19,920 INFO  - Fetched company for recruiterId=3dc93452-07a2-4843-a650-c7faed6fc07c
2025-07-02 20:08:19,926 INFO  - Fetched company for recruiterId=52f3dcc7-e7bb-4419-b8a9-9cfb2a6f8b9e
2025-07-02 20:08:19,933 INFO  - Fetched company for recruiterId=52f3dcc7-e7bb-4419-b8a9-9cfb2a6f8b9e
2025-07-02 20:08:19,938 INFO  - Fetched company for recruiterId=52f3dcc7-e7bb-4419-b8a9-9cfb2a6f8b9e
2025-07-02 20:08:19,945 INFO  - Fetched company for recruiterId=52f3dcc7-e7bb-4419-b8a9-9cfb2a6f8b9e
2025-07-02 20:08:19,952 INFO  - Fetched company for recruiterId=52f3dcc7-e7bb-4419-b8a9-9cfb2a6f8b9e
2025-07-02 20:08:19,960 INFO  - Fetched company for recruiterId=52f3dcc7-e7bb-4419-b8a9-9cfb2a6f8b9e
2025-07-02 20:08:19,969 INFO  - Fetched company for recruiterId=52f3dcc7-e7bb-4419-b8a9-9cfb2a6f8b9e
2025-07-02 20:08:19,976 INFO  - Fetched company for recruiterId=52f3dcc7-e7bb-4419-b8a9-9cfb2a6f8b9e
2025-07-02 20:08:19,983 INFO  - Fetched company for recruiterId=52f3dcc7-e7bb-4419-b8a9-9cfb2a6f8b9e
2025-07-02 20:08:19,989 INFO  - Fetched company for recruiterId=52f3dcc7-e7bb-4419-b8a9-9cfb2a6f8b9e
2025-07-02 20:08:19,996 INFO  - Fetched company for recruiterId=52f3dcc7-e7bb-4419-b8a9-9cfb2a6f8b9e
2025-07-02 20:08:24,221 INFO  - Fetched all company names.
2025-07-02 20:08:24,257 INFO  - Fetched company for recruiterId=585999a5-de05-4b90-bbe4-5cc916da48a2
2025-07-02 20:08:24,257 INFO  - Fetched company for recruiterId=3dc93452-07a2-4843-a650-c7faed6fc07c
2025-07-02 20:08:24,261 INFO  - Fetched company for recruiterId=52f3dcc7-e7bb-4419-b8a9-9cfb2a6f8b9e
2025-07-02 20:08:24,266 INFO  - Fetched company for recruiterId=585999a5-de05-4b90-bbe4-5cc916da48a2
2025-07-02 20:08:24,266 INFO  - Fetched company for recruiterId=3dc93452-07a2-4843-a650-c7faed6fc07c
2025-07-02 20:08:24,269 INFO  - Fetched company for recruiterId=52f3dcc7-e7bb-4419-b8a9-9cfb2a6f8b9e
2025-07-02 20:08:24,275 INFO  - Fetched company for recruiterId=585999a5-de05-4b90-bbe4-5cc916da48a2
2025-07-02 20:08:24,275 INFO  - Fetched company for recruiterId=3dc93452-07a2-4843-a650-c7faed6fc07c
2025-07-02 20:08:24,276 INFO  - Fetched company for recruiterId=52f3dcc7-e7bb-4419-b8a9-9cfb2a6f8b9e
2025-07-02 20:08:24,284 INFO  - Fetched company for recruiterId=3dc93452-07a2-4843-a650-c7faed6fc07c
2025-07-02 20:08:24,284 INFO  - Fetched company for recruiterId=585999a5-de05-4b90-bbe4-5cc916da48a2
2025-07-02 20:08:24,284 INFO  - Fetched company for recruiterId=52f3dcc7-e7bb-4419-b8a9-9cfb2a6f8b9e
2025-07-02 20:08:24,293 INFO  - Fetched company for recruiterId=585999a5-de05-4b90-bbe4-5cc916da48a2
2025-07-02 20:08:24,293 INFO  - Fetched company for recruiterId=3dc93452-07a2-4843-a650-c7faed6fc07c
2025-07-02 20:08:24,293 INFO  - Fetched company for recruiterId=52f3dcc7-e7bb-4419-b8a9-9cfb2a6f8b9e
2025-07-02 20:08:24,302 INFO  - Fetched company for recruiterId=52f3dcc7-e7bb-4419-b8a9-9cfb2a6f8b9e
2025-07-02 20:08:24,307 INFO  - Fetched company for recruiterId=52f3dcc7-e7bb-4419-b8a9-9cfb2a6f8b9e
2025-07-02 20:08:24,316 INFO  - Fetched company for recruiterId=52f3dcc7-e7bb-4419-b8a9-9cfb2a6f8b9e
2025-07-02 20:08:24,322 INFO  - Fetched company for recruiterId=52f3dcc7-e7bb-4419-b8a9-9cfb2a6f8b9e
2025-07-02 20:08:24,328 INFO  - Fetched company for recruiterId=52f3dcc7-e7bb-4419-b8a9-9cfb2a6f8b9e
2025-07-02 20:08:24,335 INFO  - Fetched company for recruiterId=52f3dcc7-e7bb-4419-b8a9-9cfb2a6f8b9e
2025-07-02 20:08:24,341 INFO  - Fetched company for recruiterId=52f3dcc7-e7bb-4419-b8a9-9cfb2a6f8b9e
2025-07-02 20:08:24,348 INFO  - Fetched company for recruiterId=52f3dcc7-e7bb-4419-b8a9-9cfb2a6f8b9e
2025-07-02 20:08:24,354 INFO  - Fetched company for recruiterId=52f3dcc7-e7bb-4419-b8a9-9cfb2a6f8b9e
2025-07-02 20:08:24,360 INFO  - Fetched company for recruiterId=52f3dcc7-e7bb-4419-b8a9-9cfb2a6f8b9e
2025-07-02 20:08:24,369 INFO  - Fetched company for recruiterId=52f3dcc7-e7bb-4419-b8a9-9cfb2a6f8b9e
2025-07-02 22:00:29,231 INFO  - User logged out: muthu@gmail.com
2025-07-02 22:01:33,705 INFO  - Seeker registered: Email = kavinnishanthan04@gmail.com, SeekerId = Kavin
2025-07-02 22:04:12,426 INFO  - User logged in: kavinnishanthan04@gmail.com
2025-07-02 22:04:31,575 INFO  - Fetched all company names.
2025-07-02 22:04:31,952 INFO  - Fetched company for recruiterId=52f3dcc7-e7bb-4419-b8a9-9cfb2a6f8b9e
2025-07-02 22:04:31,952 INFO  - Fetched company for recruiterId=585999a5-de05-4b90-bbe4-5cc916da48a2
2025-07-02 22:04:31,952 INFO  - Fetched company for recruiterId=3dc93452-07a2-4843-a650-c7faed6fc07c
2025-07-02 22:04:31,976 INFO  - Fetched company for recruiterId=52f3dcc7-e7bb-4419-b8a9-9cfb2a6f8b9e
2025-07-02 22:04:31,978 INFO  - Fetched company for recruiterId=585999a5-de05-4b90-bbe4-5cc916da48a2
2025-07-02 22:04:31,981 INFO  - Fetched company for recruiterId=3dc93452-07a2-4843-a650-c7faed6fc07c
2025-07-02 22:04:32,002 INFO  - Fetched company for recruiterId=52f3dcc7-e7bb-4419-b8a9-9cfb2a6f8b9e
2025-07-02 22:04:32,004 INFO  - Fetched company for recruiterId=3dc93452-07a2-4843-a650-c7faed6fc07c
2025-07-02 22:04:32,022 INFO  - Fetched company for recruiterId=585999a5-de05-4b90-bbe4-5cc916da48a2
2025-07-02 22:04:32,022 INFO  - Fetched company for recruiterId=52f3dcc7-e7bb-4419-b8a9-9cfb2a6f8b9e
2025-07-02 22:04:32,023 INFO  - Fetched company for recruiterId=3dc93452-07a2-4843-a650-c7faed6fc07c
2025-07-02 22:04:32,038 INFO  - Fetched company for recruiterId=585999a5-de05-4b90-bbe4-5cc916da48a2
2025-07-02 22:04:32,038 INFO  - Fetched company for recruiterId=3dc93452-07a2-4843-a650-c7faed6fc07c
2025-07-02 22:04:32,038 INFO  - Fetched company for recruiterId=52f3dcc7-e7bb-4419-b8a9-9cfb2a6f8b9e
2025-07-02 22:04:32,056 INFO  - Fetched company for recruiterId=585999a5-de05-4b90-bbe4-5cc916da48a2
2025-07-02 22:04:32,057 INFO  - Fetched company for recruiterId=52f3dcc7-e7bb-4419-b8a9-9cfb2a6f8b9e
2025-07-02 22:04:32,077 INFO  - Fetched company for recruiterId=52f3dcc7-e7bb-4419-b8a9-9cfb2a6f8b9e
2025-07-02 22:04:32,103 INFO  - Fetched company for recruiterId=52f3dcc7-e7bb-4419-b8a9-9cfb2a6f8b9e
2025-07-02 22:04:32,121 INFO  - Fetched company for recruiterId=52f3dcc7-e7bb-4419-b8a9-9cfb2a6f8b9e
2025-07-02 22:04:32,141 INFO  - Fetched company for recruiterId=52f3dcc7-e7bb-4419-b8a9-9cfb2a6f8b9e
2025-07-02 22:04:32,166 INFO  - Fetched company for recruiterId=52f3dcc7-e7bb-4419-b8a9-9cfb2a6f8b9e
2025-07-02 22:04:32,192 INFO  - Fetched company for recruiterId=52f3dcc7-e7bb-4419-b8a9-9cfb2a6f8b9e
2025-07-02 22:04:32,261 INFO  - Fetched company for recruiterId=52f3dcc7-e7bb-4419-b8a9-9cfb2a6f8b9e
2025-07-02 22:04:32,278 INFO  - Fetched company for recruiterId=52f3dcc7-e7bb-4419-b8a9-9cfb2a6f8b9e
2025-07-02 22:04:32,295 INFO  - Fetched company for recruiterId=52f3dcc7-e7bb-4419-b8a9-9cfb2a6f8b9e
2025-07-02 22:04:32,309 INFO  - Fetched company for recruiterId=52f3dcc7-e7bb-4419-b8a9-9cfb2a6f8b9e
2025-07-02 22:04:37,716 INFO  - Fetched all company names.
2025-07-02 22:04:40,807 INFO  - User logged out: kavinnishanthan04@gmail.com
2025-07-02 22:04:54,019 INFO  - User logged in: muthu@gmail.com
2025-07-02 22:04:57,246 INFO  - Fetched all company names.
2025-07-02 22:04:57,276 INFO  - Fetched company for recruiterId=585999a5-de05-4b90-bbe4-5cc916da48a2
2025-07-02 22:04:57,276 INFO  - Fetched company for recruiterId=3dc93452-07a2-4843-a650-c7faed6fc07c
2025-07-02 22:04:57,279 INFO  - Fetched company for recruiterId=52f3dcc7-e7bb-4419-b8a9-9cfb2a6f8b9e
2025-07-02 22:04:57,287 INFO  - Fetched company for recruiterId=585999a5-de05-4b90-bbe4-5cc916da48a2
2025-07-02 22:04:57,289 INFO  - Fetched company for recruiterId=52f3dcc7-e7bb-4419-b8a9-9cfb2a6f8b9e
2025-07-02 22:04:57,294 INFO  - Fetched company for recruiterId=585999a5-de05-4b90-bbe4-5cc916da48a2
2025-07-02 22:04:57,296 INFO  - Fetched company for recruiterId=3dc93452-07a2-4843-a650-c7faed6fc07c
2025-07-02 22:04:57,302 INFO  - Fetched company for recruiterId=585999a5-de05-4b90-bbe4-5cc916da48a2
2025-07-02 22:04:57,305 INFO  - Fetched company for recruiterId=3dc93452-07a2-4843-a650-c7faed6fc07c
2025-07-02 22:04:57,312 INFO  - Fetched company for recruiterId=585999a5-de05-4b90-bbe4-5cc916da48a2
2025-07-02 22:04:57,751 INFO  - Fetched all company names.
2025-07-02 22:04:57,786 INFO  - Fetched company for recruiterId=585999a5-de05-4b90-bbe4-5cc916da48a2
2025-07-02 22:04:57,786 INFO  - Fetched company for recruiterId=3dc93452-07a2-4843-a650-c7faed6fc07c
2025-07-02 22:04:57,788 INFO  - Fetched company for recruiterId=52f3dcc7-e7bb-4419-b8a9-9cfb2a6f8b9e
2025-07-02 22:04:57,796 INFO  - Fetched company for recruiterId=585999a5-de05-4b90-bbe4-5cc916da48a2
2025-07-02 22:04:57,797 INFO  - Fetched company for recruiterId=52f3dcc7-e7bb-4419-b8a9-9cfb2a6f8b9e
2025-07-02 22:04:57,797 INFO  - Fetched company for recruiterId=3dc93452-07a2-4843-a650-c7faed6fc07c
2025-07-02 22:04:57,806 INFO  - Fetched company for recruiterId=3dc93452-07a2-4843-a650-c7faed6fc07c
2025-07-02 22:04:57,807 INFO  - Fetched company for recruiterId=585999a5-de05-4b90-bbe4-5cc916da48a2
2025-07-02 22:04:57,807 INFO  - Fetched company for recruiterId=52f3dcc7-e7bb-4419-b8a9-9cfb2a6f8b9e
2025-07-02 22:04:57,816 INFO  - Fetched company for recruiterId=585999a5-de05-4b90-bbe4-5cc916da48a2
2025-07-02 22:04:57,817 INFO  - Fetched company for recruiterId=52f3dcc7-e7bb-4419-b8a9-9cfb2a6f8b9e
2025-07-02 22:04:57,818 INFO  - Fetched company for recruiterId=3dc93452-07a2-4843-a650-c7faed6fc07c
2025-07-02 22:04:57,827 INFO  - Fetched company for recruiterId=3dc93452-07a2-4843-a650-c7faed6fc07c
2025-07-02 22:04:57,827 INFO  - Fetched company for recruiterId=585999a5-de05-4b90-bbe4-5cc916da48a2
2025-07-02 22:04:57,828 INFO  - Fetched company for recruiterId=52f3dcc7-e7bb-4419-b8a9-9cfb2a6f8b9e
2025-07-02 22:04:57,838 INFO  - Fetched company for recruiterId=52f3dcc7-e7bb-4419-b8a9-9cfb2a6f8b9e
2025-07-02 22:04:57,844 INFO  - Fetched company for recruiterId=52f3dcc7-e7bb-4419-b8a9-9cfb2a6f8b9e
2025-07-02 22:04:57,852 INFO  - Fetched company for recruiterId=52f3dcc7-e7bb-4419-b8a9-9cfb2a6f8b9e
2025-07-02 22:04:57,860 INFO  - Fetched company for recruiterId=52f3dcc7-e7bb-4419-b8a9-9cfb2a6f8b9e
2025-07-02 22:04:57,868 INFO  - Fetched company for recruiterId=52f3dcc7-e7bb-4419-b8a9-9cfb2a6f8b9e
2025-07-02 22:04:57,874 INFO  - Fetched company for recruiterId=52f3dcc7-e7bb-4419-b8a9-9cfb2a6f8b9e
2025-07-02 22:04:57,883 INFO  - Fetched company for recruiterId=52f3dcc7-e7bb-4419-b8a9-9cfb2a6f8b9e
2025-07-02 22:04:57,890 INFO  - Fetched company for recruiterId=52f3dcc7-e7bb-4419-b8a9-9cfb2a6f8b9e
2025-07-02 22:04:57,896 INFO  - Fetched company for recruiterId=52f3dcc7-e7bb-4419-b8a9-9cfb2a6f8b9e
2025-07-02 22:04:57,906 INFO  - Fetched company for recruiterId=52f3dcc7-e7bb-4419-b8a9-9cfb2a6f8b9e
2025-07-02 22:04:57,913 INFO  - Fetched company for recruiterId=52f3dcc7-e7bb-4419-b8a9-9cfb2a6f8b9e
2025-07-02 22:05:04,751 INFO  - Fetched all skills.
2025-07-02 22:05:09,441 INFO  - Fetched all company names.
2025-07-02 22:05:09,482 INFO  - Fetched company for recruiterId=3dc93452-07a2-4843-a650-c7faed6fc07c
2025-07-02 22:05:09,482 INFO  - Fetched company for recruiterId=585999a5-de05-4b90-bbe4-5cc916da48a2
2025-07-02 22:05:09,488 INFO  - Fetched company for recruiterId=52f3dcc7-e7bb-4419-b8a9-9cfb2a6f8b9e
2025-07-02 22:05:09,493 INFO  - Fetched company for recruiterId=585999a5-de05-4b90-bbe4-5cc916da48a2
2025-07-02 22:05:09,493 INFO  - Fetched company for recruiterId=3dc93452-07a2-4843-a650-c7faed6fc07c
2025-07-02 22:05:09,499 INFO  - Fetched company for recruiterId=52f3dcc7-e7bb-4419-b8a9-9cfb2a6f8b9e
2025-07-02 22:05:09,505 INFO  - Fetched company for recruiterId=585999a5-de05-4b90-bbe4-5cc916da48a2
2025-07-02 22:05:09,505 INFO  - Fetched company for recruiterId=3dc93452-07a2-4843-a650-c7faed6fc07c
2025-07-02 22:05:09,512 INFO  - Fetched company for recruiterId=52f3dcc7-e7bb-4419-b8a9-9cfb2a6f8b9e
2025-07-02 22:05:09,515 INFO  - Fetched company for recruiterId=585999a5-de05-4b90-bbe4-5cc916da48a2
2025-07-02 22:05:09,516 INFO  - Fetched company for recruiterId=3dc93452-07a2-4843-a650-c7faed6fc07c
2025-07-02 22:05:09,524 INFO  - Fetched company for recruiterId=52f3dcc7-e7bb-4419-b8a9-9cfb2a6f8b9e
2025-07-02 22:05:09,525 INFO  - Fetched company for recruiterId=585999a5-de05-4b90-bbe4-5cc916da48a2
2025-07-02 22:05:09,525 INFO  - Fetched company for recruiterId=3dc93452-07a2-4843-a650-c7faed6fc07c
2025-07-02 22:05:09,535 INFO  - Fetched company for recruiterId=52f3dcc7-e7bb-4419-b8a9-9cfb2a6f8b9e
2025-07-02 22:05:09,543 INFO  - Fetched company for recruiterId=52f3dcc7-e7bb-4419-b8a9-9cfb2a6f8b9e
2025-07-02 22:05:09,550 INFO  - Fetched company for recruiterId=52f3dcc7-e7bb-4419-b8a9-9cfb2a6f8b9e
2025-07-02 22:05:09,556 INFO  - Fetched company for recruiterId=52f3dcc7-e7bb-4419-b8a9-9cfb2a6f8b9e
2025-07-02 22:05:09,563 INFO  - Fetched company for recruiterId=52f3dcc7-e7bb-4419-b8a9-9cfb2a6f8b9e
2025-07-02 22:05:09,571 INFO  - Fetched company for recruiterId=52f3dcc7-e7bb-4419-b8a9-9cfb2a6f8b9e
2025-07-02 22:05:09,577 INFO  - Fetched company for recruiterId=52f3dcc7-e7bb-4419-b8a9-9cfb2a6f8b9e
2025-07-02 22:05:09,586 INFO  - Fetched company for recruiterId=52f3dcc7-e7bb-4419-b8a9-9cfb2a6f8b9e
2025-07-02 22:05:09,595 INFO  - Fetched company for recruiterId=52f3dcc7-e7bb-4419-b8a9-9cfb2a6f8b9e
2025-07-02 22:05:09,603 INFO  - Fetched company for recruiterId=52f3dcc7-e7bb-4419-b8a9-9cfb2a6f8b9e
2025-07-02 22:05:09,611 INFO  - Fetched company for recruiterId=52f3dcc7-e7bb-4419-b8a9-9cfb2a6f8b9e
2025-07-02 22:05:09,620 INFO  - Fetched company for recruiterId=52f3dcc7-e7bb-4419-b8a9-9cfb2a6f8b9e
2025-07-02 22:05:10,169 INFO  - Fetched all company names.
2025-07-02 22:05:10,202 INFO  - Fetched company for recruiterId=3dc93452-07a2-4843-a650-c7faed6fc07c
2025-07-02 22:05:10,202 INFO  - Fetched company for recruiterId=585999a5-de05-4b90-bbe4-5cc916da48a2
2025-07-02 22:05:10,204 INFO  - Fetched company for recruiterId=52f3dcc7-e7bb-4419-b8a9-9cfb2a6f8b9e
2025-07-02 22:05:10,209 INFO  - Fetched company for recruiterId=585999a5-de05-4b90-bbe4-5cc916da48a2
2025-07-02 22:05:10,209 INFO  - Fetched company for recruiterId=3dc93452-07a2-4843-a650-c7faed6fc07c
2025-07-02 22:05:10,211 INFO  - Fetched company for recruiterId=52f3dcc7-e7bb-4419-b8a9-9cfb2a6f8b9e
2025-07-02 22:05:10,218 INFO  - Fetched company for recruiterId=585999a5-de05-4b90-bbe4-5cc916da48a2
2025-07-02 22:05:10,218 INFO  - Fetched company for recruiterId=3dc93452-07a2-4843-a650-c7faed6fc07c
2025-07-02 22:05:10,226 INFO  - Fetched company for recruiterId=585999a5-de05-4b90-bbe4-5cc916da48a2
2025-07-02 22:05:10,233 INFO  - Fetched company for recruiterId=585999a5-de05-4b90-bbe4-5cc916da48a2
2025-07-02 22:05:11,716 INFO  - Fetched company for recruiterId=3dc93452-07a2-4843-a650-c7faed6fc07c
2025-07-02 22:05:11,717 INFO  - Fetched company for recruiterId=585999a5-de05-4b90-bbe4-5cc916da48a2
2025-07-02 22:05:11,725 INFO  - Fetched company for recruiterId=585999a5-de05-4b90-bbe4-5cc916da48a2
2025-07-02 22:05:11,725 INFO  - Fetched company for recruiterId=3dc93452-07a2-4843-a650-c7faed6fc07c
2025-07-02 22:05:11,733 INFO  - Fetched company for recruiterId=585999a5-de05-4b90-bbe4-5cc916da48a2
2025-07-02 22:05:12,288 INFO  - Fetched all company names.
2025-07-02 22:05:12,328 INFO  - Fetched company for recruiterId=3dc93452-07a2-4843-a650-c7faed6fc07c
2025-07-02 22:05:12,328 INFO  - Fetched company for recruiterId=585999a5-de05-4b90-bbe4-5cc916da48a2
2025-07-02 22:05:12,331 INFO  - Fetched company for recruiterId=52f3dcc7-e7bb-4419-b8a9-9cfb2a6f8b9e
2025-07-02 22:05:12,337 INFO  - Fetched company for recruiterId=585999a5-de05-4b90-bbe4-5cc916da48a2
2025-07-02 22:05:12,360 INFO  - Fetched company for recruiterId=3dc93452-07a2-4843-a650-c7faed6fc07c
2025-07-02 22:05:12,363 INFO  - Fetched company for recruiterId=52f3dcc7-e7bb-4419-b8a9-9cfb2a6f8b9e
2025-07-02 22:05:12,368 INFO  - Fetched company for recruiterId=585999a5-de05-4b90-bbe4-5cc916da48a2
2025-07-02 22:05:12,370 INFO  - Fetched company for recruiterId=3dc93452-07a2-4843-a650-c7faed6fc07c
2025-07-02 22:05:12,378 INFO  - Fetched company for recruiterId=585999a5-de05-4b90-bbe4-5cc916da48a2
2025-07-02 22:05:12,386 INFO  - Fetched company for recruiterId=585999a5-de05-4b90-bbe4-5cc916da48a2
2025-07-02 22:05:13,800 INFO  - Fetched all company names.
2025-07-02 22:05:13,834 INFO  - Fetched company for recruiterId=585999a5-de05-4b90-bbe4-5cc916da48a2
2025-07-02 22:05:13,834 INFO  - Fetched company for recruiterId=3dc93452-07a2-4843-a650-c7faed6fc07c
2025-07-02 22:05:13,837 INFO  - Fetched company for recruiterId=52f3dcc7-e7bb-4419-b8a9-9cfb2a6f8b9e
2025-07-02 22:05:13,843 INFO  - Fetched company for recruiterId=585999a5-de05-4b90-bbe4-5cc916da48a2
2025-07-02 22:05:13,843 INFO  - Fetched company for recruiterId=3dc93452-07a2-4843-a650-c7faed6fc07c
2025-07-02 22:05:13,843 INFO  - Fetched company for recruiterId=52f3dcc7-e7bb-4419-b8a9-9cfb2a6f8b9e
2025-07-02 22:05:13,852 INFO  - Fetched company for recruiterId=585999a5-de05-4b90-bbe4-5cc916da48a2
2025-07-02 22:05:13,852 INFO  - Fetched company for recruiterId=3dc93452-07a2-4843-a650-c7faed6fc07c
2025-07-02 22:05:13,853 INFO  - Fetched company for recruiterId=52f3dcc7-e7bb-4419-b8a9-9cfb2a6f8b9e
2025-07-02 22:05:13,862 INFO  - Fetched company for recruiterId=585999a5-de05-4b90-bbe4-5cc916da48a2
2025-07-02 22:05:13,863 INFO  - Fetched company for recruiterId=3dc93452-07a2-4843-a650-c7faed6fc07c
2025-07-02 22:05:13,864 INFO  - Fetched company for recruiterId=52f3dcc7-e7bb-4419-b8a9-9cfb2a6f8b9e
2025-07-02 22:05:13,873 INFO  - Fetched company for recruiterId=3dc93452-07a2-4843-a650-c7faed6fc07c
2025-07-02 22:05:13,874 INFO  - Fetched company for recruiterId=585999a5-de05-4b90-bbe4-5cc916da48a2
2025-07-02 22:05:13,874 INFO  - Fetched company for recruiterId=52f3dcc7-e7bb-4419-b8a9-9cfb2a6f8b9e
2025-07-02 22:05:13,883 INFO  - Fetched company for recruiterId=52f3dcc7-e7bb-4419-b8a9-9cfb2a6f8b9e
2025-07-02 22:05:13,892 INFO  - Fetched company for recruiterId=52f3dcc7-e7bb-4419-b8a9-9cfb2a6f8b9e
2025-07-02 22:05:13,899 INFO  - Fetched company for recruiterId=52f3dcc7-e7bb-4419-b8a9-9cfb2a6f8b9e
2025-07-02 22:05:13,906 INFO  - Fetched company for recruiterId=52f3dcc7-e7bb-4419-b8a9-9cfb2a6f8b9e
2025-07-02 22:05:13,912 INFO  - Fetched company for recruiterId=52f3dcc7-e7bb-4419-b8a9-9cfb2a6f8b9e
2025-07-02 22:05:13,921 INFO  - Fetched company for recruiterId=52f3dcc7-e7bb-4419-b8a9-9cfb2a6f8b9e
2025-07-02 22:05:13,931 INFO  - Fetched company for recruiterId=52f3dcc7-e7bb-4419-b8a9-9cfb2a6f8b9e
2025-07-02 22:05:13,950 INFO  - Fetched company for recruiterId=52f3dcc7-e7bb-4419-b8a9-9cfb2a6f8b9e
2025-07-02 22:05:13,960 INFO  - Fetched company for recruiterId=52f3dcc7-e7bb-4419-b8a9-9cfb2a6f8b9e
2025-07-02 22:05:13,970 INFO  - Fetched company for recruiterId=52f3dcc7-e7bb-4419-b8a9-9cfb2a6f8b9e
2025-07-02 22:05:13,978 INFO  - Fetched company for recruiterId=52f3dcc7-e7bb-4419-b8a9-9cfb2a6f8b9e
2025-07-02 22:05:15,978 INFO  - Fetched company for recruiterId=585999a5-de05-4b90-bbe4-5cc916da48a2
2025-07-02 22:05:15,979 INFO  - Fetched company for recruiterId=3dc93452-07a2-4843-a650-c7faed6fc07c
2025-07-02 22:05:15,985 INFO  - Fetched company for recruiterId=585999a5-de05-4b90-bbe4-5cc916da48a2
2025-07-02 22:05:15,985 INFO  - Fetched company for recruiterId=3dc93452-07a2-4843-a650-c7faed6fc07c
2025-07-02 22:05:15,991 INFO  - Fetched company for recruiterId=585999a5-de05-4b90-bbe4-5cc916da48a2
2025-07-02 22:06:27,435 INFO  - Fetched company for recruiterId=585999a5-de05-4b90-bbe4-5cc916da48a2
2025-07-02 22:06:27,435 INFO  - Fetched company for recruiterId=3dc93452-07a2-4843-a650-c7faed6fc07c
2025-07-02 22:06:27,444 INFO  - Fetched company for recruiterId=585999a5-de05-4b90-bbe4-5cc916da48a2
2025-07-02 22:06:27,445 INFO  - Fetched company for recruiterId=3dc93452-07a2-4843-a650-c7faed6fc07c
2025-07-02 22:06:27,455 INFO  - Fetched company for recruiterId=585999a5-de05-4b90-bbe4-5cc916da48a2
2025-07-02 22:06:36,912 INFO  - Fetched company for recruiterId=585999a5-de05-4b90-bbe4-5cc916da48a2
2025-07-02 22:06:36,914 INFO  - Fetched company for recruiterId=3dc93452-07a2-4843-a650-c7faed6fc07c
2025-07-02 22:06:36,925 INFO  - Fetched company for recruiterId=585999a5-de05-4b90-bbe4-5cc916da48a2
2025-07-02 22:06:36,926 INFO  - Fetched company for recruiterId=3dc93452-07a2-4843-a650-c7faed6fc07c
2025-07-02 22:06:36,936 INFO  - Fetched company for recruiterId=585999a5-de05-4b90-bbe4-5cc916da48a2
2025-07-02 22:06:37,459 INFO  - Fetched company for recruiterId=3dc93452-07a2-4843-a650-c7faed6fc07c
2025-07-02 22:06:37,471 INFO  - Fetched company for recruiterId=585999a5-de05-4b90-bbe4-5cc916da48a2
2025-07-02 22:06:37,478 INFO  - Fetched company for recruiterId=3dc93452-07a2-4843-a650-c7faed6fc07c
2025-07-02 22:06:37,490 INFO  - Fetched company for recruiterId=585999a5-de05-4b90-bbe4-5cc916da48a2
2025-07-02 22:06:37,502 INFO  - Fetched company for recruiterId=585999a5-de05-4b90-bbe4-5cc916da48a2
2025-07-02 22:06:40,898 INFO  - Fetched company for recruiterId=585999a5-de05-4b90-bbe4-5cc916da48a2
2025-07-02 22:06:40,898 INFO  - Fetched company for recruiterId=3dc93452-07a2-4843-a650-c7faed6fc07c
2025-07-02 22:06:40,926 INFO  - Fetched company for recruiterId=585999a5-de05-4b90-bbe4-5cc916da48a2
2025-07-02 22:06:40,926 INFO  - Fetched company for recruiterId=3dc93452-07a2-4843-a650-c7faed6fc07c
2025-07-02 22:06:40,937 INFO  - Fetched company for recruiterId=585999a5-de05-4b90-bbe4-5cc916da48a2
2025-07-02 22:06:55,464 INFO  - Fetched company for recruiterId=585999a5-de05-4b90-bbe4-5cc916da48a2
2025-07-02 22:06:55,465 INFO  - Fetched company for recruiterId=3dc93452-07a2-4843-a650-c7faed6fc07c
2025-07-02 22:06:55,475 INFO  - Fetched company for recruiterId=3dc93452-07a2-4843-a650-c7faed6fc07c
2025-07-02 22:06:55,476 INFO  - Fetched company for recruiterId=585999a5-de05-4b90-bbe4-5cc916da48a2
2025-07-02 22:06:55,486 INFO  - Fetched company for recruiterId=585999a5-de05-4b90-bbe4-5cc916da48a2
2025-07-02 22:07:06,624 INFO  - Fetched company for recruiterId=3dc93452-07a2-4843-a650-c7faed6fc07c
2025-07-02 22:07:06,624 INFO  - Fetched company for recruiterId=585999a5-de05-4b90-bbe4-5cc916da48a2
2025-07-02 22:07:06,631 INFO  - Fetched company for recruiterId=585999a5-de05-4b90-bbe4-5cc916da48a2
2025-07-02 22:07:06,632 INFO  - Fetched company for recruiterId=3dc93452-07a2-4843-a650-c7faed6fc07c
2025-07-02 22:07:06,657 INFO  - Fetched company for recruiterId=585999a5-de05-4b90-bbe4-5cc916da48a2
2025-07-02 22:07:24,116 INFO  - Fetched company for recruiterId=3dc93452-07a2-4843-a650-c7faed6fc07c
2025-07-02 22:07:24,116 INFO  - Fetched company for recruiterId=585999a5-de05-4b90-bbe4-5cc916da48a2
2025-07-02 22:07:24,126 INFO  - Fetched company for recruiterId=585999a5-de05-4b90-bbe4-5cc916da48a2
2025-07-02 22:07:24,126 INFO  - Fetched company for recruiterId=3dc93452-07a2-4843-a650-c7faed6fc07c
2025-07-02 22:07:24,138 INFO  - Fetched company for recruiterId=585999a5-de05-4b90-bbe4-5cc916da48a2
2025-07-02 22:07:40,228 INFO  - Fetched company for recruiterId=585999a5-de05-4b90-bbe4-5cc916da48a2
2025-07-02 22:07:40,229 INFO  - Fetched company for recruiterId=3dc93452-07a2-4843-a650-c7faed6fc07c
2025-07-02 22:07:40,269 INFO  - Fetched company for recruiterId=585999a5-de05-4b90-bbe4-5cc916da48a2
2025-07-02 22:07:40,269 INFO  - Fetched company for recruiterId=3dc93452-07a2-4843-a650-c7faed6fc07c
2025-07-02 22:07:40,308 INFO  - Fetched company for recruiterId=585999a5-de05-4b90-bbe4-5cc916da48a2
2025-07-02 22:07:42,004 INFO  - Fetched company for recruiterId=585999a5-de05-4b90-bbe4-5cc916da48a2
2025-07-02 22:07:42,004 INFO  - Fetched company for recruiterId=3dc93452-07a2-4843-a650-c7faed6fc07c
2025-07-02 22:07:42,021 INFO  - Fetched company for recruiterId=585999a5-de05-4b90-bbe4-5cc916da48a2
2025-07-02 22:07:42,021 INFO  - Fetched company for recruiterId=3dc93452-07a2-4843-a650-c7faed6fc07c
2025-07-02 22:07:42,034 INFO  - Fetched company for recruiterId=585999a5-de05-4b90-bbe4-5cc916da48a2
2025-07-02 22:08:07,504 INFO  - Fetched company for recruiterId=585999a5-de05-4b90-bbe4-5cc916da48a2
2025-07-02 22:08:07,505 INFO  - Fetched company for recruiterId=3dc93452-07a2-4843-a650-c7faed6fc07c
2025-07-02 22:08:07,529 INFO  - Fetched company for recruiterId=585999a5-de05-4b90-bbe4-5cc916da48a2
2025-07-02 22:08:07,529 INFO  - Fetched company for recruiterId=3dc93452-07a2-4843-a650-c7faed6fc07c
2025-07-02 22:08:07,552 INFO  - Fetched company for recruiterId=585999a5-de05-4b90-bbe4-5cc916da48a2
2025-07-02 22:08:27,193 INFO  - Fetched company for recruiterId=585999a5-de05-4b90-bbe4-5cc916da48a2
2025-07-02 22:08:27,193 INFO  - Fetched company for recruiterId=3dc93452-07a2-4843-a650-c7faed6fc07c
2025-07-02 22:08:27,201 INFO  - Fetched company for recruiterId=585999a5-de05-4b90-bbe4-5cc916da48a2
2025-07-02 22:08:27,201 INFO  - Fetched company for recruiterId=3dc93452-07a2-4843-a650-c7faed6fc07c
2025-07-02 22:08:27,209 INFO  - Fetched company for recruiterId=585999a5-de05-4b90-bbe4-5cc916da48a2
2025-07-02 22:09:33,866 INFO  - Fetched company for recruiterId=585999a5-de05-4b90-bbe4-5cc916da48a2
2025-07-02 22:09:33,867 INFO  - Fetched company for recruiterId=3dc93452-07a2-4843-a650-c7faed6fc07c
2025-07-02 22:09:33,874 INFO  - Fetched company for recruiterId=3dc93452-07a2-4843-a650-c7faed6fc07c
2025-07-02 22:09:33,874 INFO  - Fetched company for recruiterId=585999a5-de05-4b90-bbe4-5cc916da48a2
2025-07-02 22:09:33,881 INFO  - Fetched company for recruiterId=585999a5-de05-4b90-bbe4-5cc916da48a2
2025-07-02 22:12:37,648 INFO  - Fetched company for recruiterId=3dc93452-07a2-4843-a650-c7faed6fc07c
2025-07-02 22:12:37,648 INFO  - Fetched company for recruiterId=585999a5-de05-4b90-bbe4-5cc916da48a2
2025-07-02 22:12:37,657 INFO  - Fetched company for recruiterId=585999a5-de05-4b90-bbe4-5cc916da48a2
2025-07-02 22:12:37,657 INFO  - Fetched company for recruiterId=3dc93452-07a2-4843-a650-c7faed6fc07c
2025-07-02 22:12:37,663 INFO  - Fetched company for recruiterId=585999a5-de05-4b90-bbe4-5cc916da48a2
2025-07-02 22:12:53,177 INFO  - Fetched all company names.
2025-07-02 22:12:53,230 INFO  - Fetched company for recruiterId=585999a5-de05-4b90-bbe4-5cc916da48a2
2025-07-02 22:12:53,230 INFO  - Fetched company for recruiterId=3dc93452-07a2-4843-a650-c7faed6fc07c
2025-07-02 22:12:53,240 INFO  - Fetched company for recruiterId=585999a5-de05-4b90-bbe4-5cc916da48a2
2025-07-02 22:12:53,240 INFO  - Fetched company for recruiterId=3dc93452-07a2-4843-a650-c7faed6fc07c
2025-07-02 22:12:53,249 INFO  - Fetched company for recruiterId=3dc93452-07a2-4843-a650-c7faed6fc07c
2025-07-02 22:12:53,249 INFO  - Fetched company for recruiterId=585999a5-de05-4b90-bbe4-5cc916da48a2
2025-07-02 22:12:53,250 INFO  - Fetched company for recruiterId=52f3dcc7-e7bb-4419-b8a9-9cfb2a6f8b9e
2025-07-02 22:12:53,263 INFO  - Fetched company for recruiterId=585999a5-de05-4b90-bbe4-5cc916da48a2
2025-07-02 22:12:53,263 INFO  - Fetched company for recruiterId=3dc93452-07a2-4843-a650-c7faed6fc07c
2025-07-02 22:12:53,264 INFO  - Fetched company for recruiterId=52f3dcc7-e7bb-4419-b8a9-9cfb2a6f8b9e
2025-07-02 22:12:53,275 INFO  - Fetched company for recruiterId=585999a5-de05-4b90-bbe4-5cc916da48a2
2025-07-02 22:12:53,276 INFO  - Fetched company for recruiterId=3dc93452-07a2-4843-a650-c7faed6fc07c
2025-07-02 22:12:53,279 INFO  - Fetched company for recruiterId=52f3dcc7-e7bb-4419-b8a9-9cfb2a6f8b9e
2025-07-02 22:12:53,287 INFO  - Fetched company for recruiterId=52f3dcc7-e7bb-4419-b8a9-9cfb2a6f8b9e
2025-07-02 22:12:53,295 INFO  - Fetched company for recruiterId=52f3dcc7-e7bb-4419-b8a9-9cfb2a6f8b9e
2025-07-02 22:12:53,312 INFO  - Fetched company for recruiterId=52f3dcc7-e7bb-4419-b8a9-9cfb2a6f8b9e
2025-07-02 22:12:53,319 INFO  - Fetched company for recruiterId=52f3dcc7-e7bb-4419-b8a9-9cfb2a6f8b9e
2025-07-02 22:12:53,329 INFO  - Fetched company for recruiterId=52f3dcc7-e7bb-4419-b8a9-9cfb2a6f8b9e
2025-07-02 22:12:53,337 INFO  - Fetched company for recruiterId=52f3dcc7-e7bb-4419-b8a9-9cfb2a6f8b9e
2025-07-02 22:12:53,345 INFO  - Fetched company for recruiterId=52f3dcc7-e7bb-4419-b8a9-9cfb2a6f8b9e
2025-07-02 22:12:53,363 INFO  - Fetched company for recruiterId=52f3dcc7-e7bb-4419-b8a9-9cfb2a6f8b9e
2025-07-02 22:12:53,372 INFO  - Fetched company for recruiterId=52f3dcc7-e7bb-4419-b8a9-9cfb2a6f8b9e
2025-07-02 22:12:53,382 INFO  - Fetched company for recruiterId=52f3dcc7-e7bb-4419-b8a9-9cfb2a6f8b9e
2025-07-02 22:12:53,390 INFO  - Fetched company for recruiterId=52f3dcc7-e7bb-4419-b8a9-9cfb2a6f8b9e
2025-07-02 22:12:53,400 INFO  - Fetched company for recruiterId=52f3dcc7-e7bb-4419-b8a9-9cfb2a6f8b9e
2025-07-02 22:12:53,414 INFO  - Fetched company for recruiterId=52f3dcc7-e7bb-4419-b8a9-9cfb2a6f8b9e
2025-07-02 22:12:59,579 INFO  - Fetched all company names.
2025-07-02 22:12:59,618 INFO  - Fetched company for recruiterId=585999a5-de05-4b90-bbe4-5cc916da48a2
2025-07-02 22:12:59,618 INFO  - Fetched company for recruiterId=52f3dcc7-e7bb-4419-b8a9-9cfb2a6f8b9e
2025-07-02 22:12:59,618 INFO  - Fetched company for recruiterId=3dc93452-07a2-4843-a650-c7faed6fc07c
2025-07-02 22:12:59,628 INFO  - Fetched company for recruiterId=585999a5-de05-4b90-bbe4-5cc916da48a2
2025-07-02 22:12:59,628 INFO  - Fetched company for recruiterId=3dc93452-07a2-4843-a650-c7faed6fc07c
2025-07-02 22:12:59,629 INFO  - Fetched company for recruiterId=52f3dcc7-e7bb-4419-b8a9-9cfb2a6f8b9e
2025-07-02 22:12:59,640 INFO  - Fetched company for recruiterId=3dc93452-07a2-4843-a650-c7faed6fc07c
2025-07-02 22:12:59,641 INFO  - Fetched company for recruiterId=52f3dcc7-e7bb-4419-b8a9-9cfb2a6f8b9e
2025-07-02 22:12:59,641 INFO  - Fetched company for recruiterId=585999a5-de05-4b90-bbe4-5cc916da48a2
2025-07-02 22:12:59,649 INFO  - Fetched company for recruiterId=585999a5-de05-4b90-bbe4-5cc916da48a2
2025-07-02 22:12:59,649 INFO  - Fetched company for recruiterId=52f3dcc7-e7bb-4419-b8a9-9cfb2a6f8b9e
2025-07-02 22:12:59,649 INFO  - Fetched company for recruiterId=3dc93452-07a2-4843-a650-c7faed6fc07c
2025-07-02 22:12:59,668 INFO  - Fetched company for recruiterId=585999a5-de05-4b90-bbe4-5cc916da48a2
2025-07-02 22:12:59,669 INFO  - Fetched company for recruiterId=3dc93452-07a2-4843-a650-c7faed6fc07c
2025-07-02 22:12:59,669 INFO  - Fetched company for recruiterId=52f3dcc7-e7bb-4419-b8a9-9cfb2a6f8b9e
2025-07-02 22:12:59,680 INFO  - Fetched company for recruiterId=52f3dcc7-e7bb-4419-b8a9-9cfb2a6f8b9e
2025-07-02 22:12:59,687 INFO  - Fetched company for recruiterId=52f3dcc7-e7bb-4419-b8a9-9cfb2a6f8b9e
2025-07-02 22:12:59,696 INFO  - Fetched company for recruiterId=52f3dcc7-e7bb-4419-b8a9-9cfb2a6f8b9e
2025-07-02 22:12:59,715 INFO  - Fetched company for recruiterId=52f3dcc7-e7bb-4419-b8a9-9cfb2a6f8b9e
2025-07-02 22:12:59,724 INFO  - Fetched company for recruiterId=52f3dcc7-e7bb-4419-b8a9-9cfb2a6f8b9e
2025-07-02 22:12:59,734 INFO  - Fetched company for recruiterId=52f3dcc7-e7bb-4419-b8a9-9cfb2a6f8b9e
2025-07-02 22:12:59,745 INFO  - Fetched company for recruiterId=52f3dcc7-e7bb-4419-b8a9-9cfb2a6f8b9e
2025-07-02 22:12:59,768 INFO  - Fetched company for recruiterId=52f3dcc7-e7bb-4419-b8a9-9cfb2a6f8b9e
2025-07-02 22:12:59,784 INFO  - Fetched company for recruiterId=52f3dcc7-e7bb-4419-b8a9-9cfb2a6f8b9e
2025-07-02 22:12:59,795 INFO  - Fetched company for recruiterId=52f3dcc7-e7bb-4419-b8a9-9cfb2a6f8b9e
2025-07-02 22:12:59,815 INFO  - Fetched company for recruiterId=52f3dcc7-e7bb-4419-b8a9-9cfb2a6f8b9e
2025-07-02 22:14:32,432 INFO  - Fetched all company names.
2025-07-02 22:14:32,472 INFO  - Fetched company for recruiterId=585999a5-de05-4b90-bbe4-5cc916da48a2
2025-07-02 22:14:32,472 INFO  - Fetched company for recruiterId=52f3dcc7-e7bb-4419-b8a9-9cfb2a6f8b9e
2025-07-02 22:14:32,472 INFO  - Fetched company for recruiterId=3dc93452-07a2-4843-a650-c7faed6fc07c
2025-07-02 22:14:32,480 INFO  - Fetched company for recruiterId=585999a5-de05-4b90-bbe4-5cc916da48a2
2025-07-02 22:14:32,480 INFO  - Fetched company for recruiterId=52f3dcc7-e7bb-4419-b8a9-9cfb2a6f8b9e
2025-07-02 22:14:32,480 INFO  - Fetched company for recruiterId=3dc93452-07a2-4843-a650-c7faed6fc07c
2025-07-02 22:14:32,488 INFO  - Fetched company for recruiterId=3dc93452-07a2-4843-a650-c7faed6fc07c
2025-07-02 22:14:32,488 INFO  - Fetched company for recruiterId=585999a5-de05-4b90-bbe4-5cc916da48a2
2025-07-02 22:14:32,496 INFO  - Fetched company for recruiterId=585999a5-de05-4b90-bbe4-5cc916da48a2
2025-07-02 22:14:32,520 INFO  - Fetched company for recruiterId=585999a5-de05-4b90-bbe4-5cc916da48a2
2025-07-02 22:14:33,520 INFO  - Fetched all company names.
2025-07-02 22:14:33,570 INFO  - Fetched company for recruiterId=585999a5-de05-4b90-bbe4-5cc916da48a2
2025-07-02 22:14:33,573 INFO  - Fetched company for recruiterId=52f3dcc7-e7bb-4419-b8a9-9cfb2a6f8b9e
2025-07-02 22:14:33,573 INFO  - Fetched company for recruiterId=3dc93452-07a2-4843-a650-c7faed6fc07c
2025-07-02 22:14:33,578 INFO  - Fetched company for recruiterId=585999a5-de05-4b90-bbe4-5cc916da48a2
2025-07-02 22:14:33,581 INFO  - Fetched company for recruiterId=52f3dcc7-e7bb-4419-b8a9-9cfb2a6f8b9e
2025-07-02 22:14:33,581 INFO  - Fetched company for recruiterId=3dc93452-07a2-4843-a650-c7faed6fc07c
2025-07-02 22:14:33,588 INFO  - Fetched company for recruiterId=585999a5-de05-4b90-bbe4-5cc916da48a2
2025-07-02 22:14:33,591 INFO  - Fetched company for recruiterId=52f3dcc7-e7bb-4419-b8a9-9cfb2a6f8b9e
2025-07-02 22:14:33,591 INFO  - Fetched company for recruiterId=3dc93452-07a2-4843-a650-c7faed6fc07c
2025-07-02 22:14:33,599 INFO  - Fetched company for recruiterId=585999a5-de05-4b90-bbe4-5cc916da48a2
2025-07-02 22:14:33,620 INFO  - Fetched company for recruiterId=3dc93452-07a2-4843-a650-c7faed6fc07c
2025-07-02 22:14:33,620 INFO  - Fetched company for recruiterId=52f3dcc7-e7bb-4419-b8a9-9cfb2a6f8b9e
2025-07-02 22:14:33,624 INFO  - Fetched company for recruiterId=585999a5-de05-4b90-bbe4-5cc916da48a2
2025-07-02 22:14:33,630 INFO  - Fetched company for recruiterId=3dc93452-07a2-4843-a650-c7faed6fc07c
2025-07-02 22:14:33,630 INFO  - Fetched company for recruiterId=52f3dcc7-e7bb-4419-b8a9-9cfb2a6f8b9e
2025-07-02 22:14:33,639 INFO  - Fetched company for recruiterId=52f3dcc7-e7bb-4419-b8a9-9cfb2a6f8b9e
2025-07-02 22:14:33,646 INFO  - Fetched company for recruiterId=52f3dcc7-e7bb-4419-b8a9-9cfb2a6f8b9e
2025-07-02 22:14:33,670 INFO  - Fetched company for recruiterId=52f3dcc7-e7bb-4419-b8a9-9cfb2a6f8b9e
2025-07-02 22:14:33,676 INFO  - Fetched company for recruiterId=52f3dcc7-e7bb-4419-b8a9-9cfb2a6f8b9e
2025-07-02 22:14:33,682 INFO  - Fetched company for recruiterId=52f3dcc7-e7bb-4419-b8a9-9cfb2a6f8b9e
2025-07-02 22:14:33,691 INFO  - Fetched company for recruiterId=52f3dcc7-e7bb-4419-b8a9-9cfb2a6f8b9e
2025-07-02 22:14:33,698 INFO  - Fetched company for recruiterId=52f3dcc7-e7bb-4419-b8a9-9cfb2a6f8b9e
2025-07-02 22:14:33,722 INFO  - Fetched company for recruiterId=52f3dcc7-e7bb-4419-b8a9-9cfb2a6f8b9e
2025-07-02 22:14:33,730 INFO  - Fetched company for recruiterId=52f3dcc7-e7bb-4419-b8a9-9cfb2a6f8b9e
2025-07-02 22:14:33,748 INFO  - Fetched company for recruiterId=52f3dcc7-e7bb-4419-b8a9-9cfb2a6f8b9e
2025-07-02 22:14:33,772 INFO  - Fetched company for recruiterId=52f3dcc7-e7bb-4419-b8a9-9cfb2a6f8b9e
2025-07-02 22:18:11,078 INFO  - User logged in: mano@gmail.com
2025-07-02 22:18:37,948 INFO  - JobPost added by recruiter: 585999a5-de05-4b90-bbe4-5cc916da48a2, Job Title: JavaScript Developer
2025-07-02 22:18:42,092 INFO  - Fetched company for recruiterId=585999a5-de05-4b90-bbe4-5cc916da48a2
