2025-06-30 09:59:56,141 INFO  - User logged in: muthu@gmail.com
2025-06-30 10:00:01,708 INFO  - Fetched company for recruiterId=3dc93452-07a2-4843-a650-c7faed6fc07c
2025-06-30 10:00:01,708 INFO  - Fetched company for recruiterId=52f3dcc7-e7bb-4419-b8a9-9cfb2a6f8b9e
2025-06-30 10:00:01,724 INFO  - Fetched company for recruiterId=52f3dcc7-e7bb-4419-b8a9-9cfb2a6f8b9e
2025-06-30 10:00:01,724 INFO  - Fetched company for recruiterId=3dc93452-07a2-4843-a650-c7faed6fc07c
2025-06-30 10:00:01,828 INFO  - Fetched company for recruiterId=52f3dcc7-e7bb-4419-b8a9-9cfb2a6f8b9e
2025-06-30 10:00:01,839 INFO  - Fetched company for recruiterId=3dc93452-07a2-4843-a650-c7faed6fc07c
2025-06-30 10:00:01,850 INFO  - Fetched company for recruiterId=52f3dcc7-e7bb-4419-b8a9-9cfb2a6f8b9e
2025-06-30 10:00:01,873 INFO  - Fetched company for recruiterId=52f3dcc7-e7bb-4419-b8a9-9cfb2a6f8b9e
2025-06-30 10:00:01,884 INFO  - Fetched company for recruiterId=52f3dcc7-e7bb-4419-b8a9-9cfb2a6f8b9e
2025-06-30 10:00:01,914 INFO  - Fetched company for recruiterId=52f3dcc7-e7bb-4419-b8a9-9cfb2a6f8b9e
2025-06-30 10:00:49,829 INFO  - Fetched all company names.
2025-06-30 10:00:49,895 INFO  - Fetched company for recruiterId=52f3dcc7-e7bb-4419-b8a9-9cfb2a6f8b9e
2025-06-30 10:00:49,895 INFO  - Fetched company for recruiterId=3dc93452-07a2-4843-a650-c7faed6fc07c
2025-06-30 10:00:49,904 INFO  - Fetched company for recruiterId=3dc93452-07a2-4843-a650-c7faed6fc07c
2025-06-30 10:00:49,904 INFO  - Fetched company for recruiterId=52f3dcc7-e7bb-4419-b8a9-9cfb2a6f8b9e
2025-06-30 10:00:49,917 INFO  - Fetched company for recruiterId=52f3dcc7-e7bb-4419-b8a9-9cfb2a6f8b9e
2025-06-30 10:00:49,927 INFO  - Fetched company for recruiterId=52f3dcc7-e7bb-4419-b8a9-9cfb2a6f8b9e
2025-06-30 10:00:49,936 INFO  - Fetched company for recruiterId=52f3dcc7-e7bb-4419-b8a9-9cfb2a6f8b9e
2025-06-30 10:00:49,950 INFO  - Fetched company for recruiterId=52f3dcc7-e7bb-4419-b8a9-9cfb2a6f8b9e
2025-06-30 10:00:49,964 INFO  - Fetched company for recruiterId=52f3dcc7-e7bb-4419-b8a9-9cfb2a6f8b9e
2025-06-30 10:00:49,977 INFO  - Fetched company for recruiterId=52f3dcc7-e7bb-4419-b8a9-9cfb2a6f8b9e
2025-06-30 10:00:58,634 INFO  - Fetched all company names.
2025-06-30 10:00:58,717 INFO  - Fetched company for recruiterId=52f3dcc7-e7bb-4419-b8a9-9cfb2a6f8b9e
2025-06-30 10:00:58,719 INFO  - Fetched company for recruiterId=3dc93452-07a2-4843-a650-c7faed6fc07c
2025-06-30 10:00:58,725 INFO  - Fetched company for recruiterId=52f3dcc7-e7bb-4419-b8a9-9cfb2a6f8b9e
2025-06-30 10:00:58,726 INFO  - Fetched company for recruiterId=3dc93452-07a2-4843-a650-c7faed6fc07c
2025-06-30 10:00:58,733 INFO  - Fetched company for recruiterId=52f3dcc7-e7bb-4419-b8a9-9cfb2a6f8b9e
2025-06-30 10:00:58,743 INFO  - Fetched company for recruiterId=52f3dcc7-e7bb-4419-b8a9-9cfb2a6f8b9e
2025-06-30 10:00:58,749 INFO  - Fetched company for recruiterId=52f3dcc7-e7bb-4419-b8a9-9cfb2a6f8b9e
2025-06-30 10:00:58,755 INFO  - Fetched company for recruiterId=52f3dcc7-e7bb-4419-b8a9-9cfb2a6f8b9e
2025-06-30 10:00:58,768 INFO  - Fetched company for recruiterId=52f3dcc7-e7bb-4419-b8a9-9cfb2a6f8b9e
2025-06-30 10:00:58,773 INFO  - Fetched company for recruiterId=52f3dcc7-e7bb-4419-b8a9-9cfb2a6f8b9e
2025-06-30 10:01:30,384 INFO  - Fetched company for recruiterId=52f3dcc7-e7bb-4419-b8a9-9cfb2a6f8b9e
2025-06-30 10:01:30,384 INFO  - Fetched company for recruiterId=3dc93452-07a2-4843-a650-c7faed6fc07c
2025-06-30 10:01:30,393 INFO  - Fetched company for recruiterId=52f3dcc7-e7bb-4419-b8a9-9cfb2a6f8b9e
2025-06-30 10:01:30,393 INFO  - Fetched company for recruiterId=3dc93452-07a2-4843-a650-c7faed6fc07c
2025-06-30 10:01:30,401 INFO  - Fetched company for recruiterId=52f3dcc7-e7bb-4419-b8a9-9cfb2a6f8b9e
2025-06-30 10:01:30,401 INFO  - Fetched company for recruiterId=3dc93452-07a2-4843-a650-c7faed6fc07c
2025-06-30 10:01:30,409 INFO  - Fetched company for recruiterId=52f3dcc7-e7bb-4419-b8a9-9cfb2a6f8b9e
2025-06-30 10:01:30,418 INFO  - Fetched company for recruiterId=52f3dcc7-e7bb-4419-b8a9-9cfb2a6f8b9e
2025-06-30 10:01:30,429 INFO  - Fetched company for recruiterId=52f3dcc7-e7bb-4419-b8a9-9cfb2a6f8b9e
2025-06-30 10:01:30,439 INFO  - Fetched company for recruiterId=52f3dcc7-e7bb-4419-b8a9-9cfb2a6f8b9e
2025-06-30 10:01:31,797 INFO  - Fetched all company names.
2025-06-30 10:01:31,829 INFO  - Fetched company for recruiterId=52f3dcc7-e7bb-4419-b8a9-9cfb2a6f8b9e
2025-06-30 10:01:31,830 INFO  - Fetched company for recruiterId=3dc93452-07a2-4843-a650-c7faed6fc07c
2025-06-30 10:01:31,852 INFO  - Fetched company for recruiterId=3dc93452-07a2-4843-a650-c7faed6fc07c
2025-06-30 10:01:31,852 INFO  - Fetched company for recruiterId=52f3dcc7-e7bb-4419-b8a9-9cfb2a6f8b9e
2025-06-30 10:01:31,867 INFO  - Fetched company for recruiterId=52f3dcc7-e7bb-4419-b8a9-9cfb2a6f8b9e
2025-06-30 10:01:31,879 INFO  - Fetched company for recruiterId=52f3dcc7-e7bb-4419-b8a9-9cfb2a6f8b9e
2025-06-30 10:01:31,894 INFO  - Fetched company for recruiterId=52f3dcc7-e7bb-4419-b8a9-9cfb2a6f8b9e
2025-06-30 10:01:31,909 INFO  - Fetched company for recruiterId=52f3dcc7-e7bb-4419-b8a9-9cfb2a6f8b9e
2025-06-30 10:01:31,931 INFO  - Fetched company for recruiterId=52f3dcc7-e7bb-4419-b8a9-9cfb2a6f8b9e
2025-06-30 10:01:31,943 INFO  - Fetched company for recruiterId=52f3dcc7-e7bb-4419-b8a9-9cfb2a6f8b9e
2025-06-30 10:03:09,045 INFO  - Fetched all company names.
2025-06-30 10:03:09,069 INFO  - Fetched company for recruiterId=52f3dcc7-e7bb-4419-b8a9-9cfb2a6f8b9e
2025-06-30 10:03:09,075 INFO  - Fetched company for recruiterId=3dc93452-07a2-4843-a650-c7faed6fc07c
2025-06-30 10:03:09,081 INFO  - Fetched company for recruiterId=52f3dcc7-e7bb-4419-b8a9-9cfb2a6f8b9e
2025-06-30 10:03:09,087 INFO  - Fetched company for recruiterId=3dc93452-07a2-4843-a650-c7faed6fc07c
2025-06-30 10:03:09,093 INFO  - Fetched company for recruiterId=52f3dcc7-e7bb-4419-b8a9-9cfb2a6f8b9e
2025-06-30 10:03:09,105 INFO  - Fetched company for recruiterId=52f3dcc7-e7bb-4419-b8a9-9cfb2a6f8b9e
2025-06-30 10:03:09,119 INFO  - Fetched company for recruiterId=52f3dcc7-e7bb-4419-b8a9-9cfb2a6f8b9e
2025-06-30 10:03:09,135 INFO  - Fetched company for recruiterId=52f3dcc7-e7bb-4419-b8a9-9cfb2a6f8b9e
2025-06-30 10:03:09,153 INFO  - Fetched company for recruiterId=52f3dcc7-e7bb-4419-b8a9-9cfb2a6f8b9e
2025-06-30 10:03:09,166 INFO  - Fetched company for recruiterId=52f3dcc7-e7bb-4419-b8a9-9cfb2a6f8b9e
2025-06-30 10:03:20,073 INFO  - Fetched company for recruiterId=52f3dcc7-e7bb-4419-b8a9-9cfb2a6f8b9e
2025-06-30 10:03:20,081 INFO  - Fetched company for recruiterId=52f3dcc7-e7bb-4419-b8a9-9cfb2a6f8b9e
2025-06-30 10:03:20,091 INFO  - Fetched company for recruiterId=52f3dcc7-e7bb-4419-b8a9-9cfb2a6f8b9e
2025-06-30 10:03:20,099 INFO  - Fetched company for recruiterId=52f3dcc7-e7bb-4419-b8a9-9cfb2a6f8b9e
2025-06-30 10:03:20,110 INFO  - Fetched company for recruiterId=52f3dcc7-e7bb-4419-b8a9-9cfb2a6f8b9e
2025-06-30 10:03:20,119 INFO  - Fetched company for recruiterId=52f3dcc7-e7bb-4419-b8a9-9cfb2a6f8b9e
2025-06-30 10:03:20,132 INFO  - Fetched company for recruiterId=52f3dcc7-e7bb-4419-b8a9-9cfb2a6f8b9e
2025-06-30 10:03:20,169 INFO  - Fetched company for recruiterId=52f3dcc7-e7bb-4419-b8a9-9cfb2a6f8b9e
2025-06-30 10:03:20,983 INFO  - Fetched company for recruiterId=52f3dcc7-e7bb-4419-b8a9-9cfb2a6f8b9e
2025-06-30 10:03:20,991 INFO  - Fetched company for recruiterId=52f3dcc7-e7bb-4419-b8a9-9cfb2a6f8b9e
2025-06-30 10:03:20,998 INFO  - Fetched company for recruiterId=52f3dcc7-e7bb-4419-b8a9-9cfb2a6f8b9e
2025-06-30 10:03:21,007 INFO  - Fetched company for recruiterId=52f3dcc7-e7bb-4419-b8a9-9cfb2a6f8b9e
2025-06-30 10:03:21,014 INFO  - Fetched company for recruiterId=52f3dcc7-e7bb-4419-b8a9-9cfb2a6f8b9e
2025-06-30 10:03:21,022 INFO  - Fetched company for recruiterId=52f3dcc7-e7bb-4419-b8a9-9cfb2a6f8b9e
2025-06-30 10:03:21,033 INFO  - Fetched company for recruiterId=52f3dcc7-e7bb-4419-b8a9-9cfb2a6f8b9e
2025-06-30 10:03:21,049 INFO  - Fetched company for recruiterId=52f3dcc7-e7bb-4419-b8a9-9cfb2a6f8b9e
2025-06-30 10:03:21,623 INFO  - Fetched company for recruiterId=52f3dcc7-e7bb-4419-b8a9-9cfb2a6f8b9e
2025-06-30 10:03:21,631 INFO  - Fetched company for recruiterId=52f3dcc7-e7bb-4419-b8a9-9cfb2a6f8b9e
2025-06-30 10:03:21,640 INFO  - Fetched company for recruiterId=52f3dcc7-e7bb-4419-b8a9-9cfb2a6f8b9e
2025-06-30 10:03:21,648 INFO  - Fetched company for recruiterId=52f3dcc7-e7bb-4419-b8a9-9cfb2a6f8b9e
2025-06-30 10:03:21,656 INFO  - Fetched company for recruiterId=52f3dcc7-e7bb-4419-b8a9-9cfb2a6f8b9e
2025-06-30 10:03:21,666 INFO  - Fetched company for recruiterId=52f3dcc7-e7bb-4419-b8a9-9cfb2a6f8b9e
2025-06-30 10:03:21,675 INFO  - Fetched company for recruiterId=52f3dcc7-e7bb-4419-b8a9-9cfb2a6f8b9e
2025-06-30 10:03:21,687 INFO  - Fetched company for recruiterId=52f3dcc7-e7bb-4419-b8a9-9cfb2a6f8b9e
2025-06-30 10:03:27,890 INFO  - Fetched company for recruiterId=52f3dcc7-e7bb-4419-b8a9-9cfb2a6f8b9e
2025-06-30 10:03:27,896 INFO  - Fetched company for recruiterId=3dc93452-07a2-4843-a650-c7faed6fc07c
2025-06-30 10:03:27,898 INFO  - Fetched company for recruiterId=52f3dcc7-e7bb-4419-b8a9-9cfb2a6f8b9e
2025-06-30 10:03:27,907 INFO  - Fetched company for recruiterId=52f3dcc7-e7bb-4419-b8a9-9cfb2a6f8b9e
2025-06-30 10:03:27,916 INFO  - Fetched company for recruiterId=52f3dcc7-e7bb-4419-b8a9-9cfb2a6f8b9e
2025-06-30 10:03:27,925 INFO  - Fetched company for recruiterId=52f3dcc7-e7bb-4419-b8a9-9cfb2a6f8b9e
2025-06-30 10:03:27,932 INFO  - Fetched company for recruiterId=52f3dcc7-e7bb-4419-b8a9-9cfb2a6f8b9e
2025-06-30 10:03:27,941 INFO  - Fetched company for recruiterId=52f3dcc7-e7bb-4419-b8a9-9cfb2a6f8b9e
2025-06-30 10:03:27,947 INFO  - Fetched company for recruiterId=52f3dcc7-e7bb-4419-b8a9-9cfb2a6f8b9e
2025-06-30 10:03:28,443 INFO  - Fetched company for recruiterId=52f3dcc7-e7bb-4419-b8a9-9cfb2a6f8b9e
2025-06-30 10:03:28,451 INFO  - Fetched company for recruiterId=3dc93452-07a2-4843-a650-c7faed6fc07c
2025-06-30 10:03:28,460 INFO  - Fetched company for recruiterId=52f3dcc7-e7bb-4419-b8a9-9cfb2a6f8b9e
2025-06-30 10:03:28,463 INFO  - Fetched company for recruiterId=3dc93452-07a2-4843-a650-c7faed6fc07c
2025-06-30 10:03:28,468 INFO  - Fetched company for recruiterId=52f3dcc7-e7bb-4419-b8a9-9cfb2a6f8b9e
2025-06-30 10:03:28,478 INFO  - Fetched company for recruiterId=52f3dcc7-e7bb-4419-b8a9-9cfb2a6f8b9e
2025-06-30 10:03:28,496 INFO  - Fetched company for recruiterId=52f3dcc7-e7bb-4419-b8a9-9cfb2a6f8b9e
2025-06-30 10:03:28,516 INFO  - Fetched company for recruiterId=52f3dcc7-e7bb-4419-b8a9-9cfb2a6f8b9e
2025-06-30 10:03:28,532 INFO  - Fetched company for recruiterId=52f3dcc7-e7bb-4419-b8a9-9cfb2a6f8b9e
2025-06-30 10:03:28,650 INFO  - Fetched company for recruiterId=52f3dcc7-e7bb-4419-b8a9-9cfb2a6f8b9e
2025-06-30 10:04:40,158 INFO  - Fetched all company names.
2025-06-30 10:04:40,183 INFO  - Fetched company for recruiterId=52f3dcc7-e7bb-4419-b8a9-9cfb2a6f8b9e
2025-06-30 10:04:40,185 INFO  - Fetched company for recruiterId=3dc93452-07a2-4843-a650-c7faed6fc07c
2025-06-30 10:04:40,191 INFO  - Fetched company for recruiterId=52f3dcc7-e7bb-4419-b8a9-9cfb2a6f8b9e
2025-06-30 10:04:40,196 INFO  - Fetched company for recruiterId=3dc93452-07a2-4843-a650-c7faed6fc07c
2025-06-30 10:04:40,202 INFO  - Fetched company for recruiterId=52f3dcc7-e7bb-4419-b8a9-9cfb2a6f8b9e
2025-06-30 10:04:40,211 INFO  - Fetched company for recruiterId=52f3dcc7-e7bb-4419-b8a9-9cfb2a6f8b9e
2025-06-30 10:04:40,222 INFO  - Fetched company for recruiterId=52f3dcc7-e7bb-4419-b8a9-9cfb2a6f8b9e
2025-06-30 10:04:40,232 INFO  - Fetched company for recruiterId=52f3dcc7-e7bb-4419-b8a9-9cfb2a6f8b9e
2025-06-30 10:04:40,240 INFO  - Fetched company for recruiterId=52f3dcc7-e7bb-4419-b8a9-9cfb2a6f8b9e
2025-06-30 10:04:40,247 INFO  - Fetched company for recruiterId=52f3dcc7-e7bb-4419-b8a9-9cfb2a6f8b9e
2025-06-30 10:20:58,778 INFO  - Fetched company for recruiterId=52f3dcc7-e7bb-4419-b8a9-9cfb2a6f8b9e
2025-06-30 10:20:58,784 INFO  - Fetched company for recruiterId=3dc93452-07a2-4843-a650-c7faed6fc07c
2025-06-30 10:20:58,793 INFO  - Fetched company for recruiterId=52f3dcc7-e7bb-4419-b8a9-9cfb2a6f8b9e
2025-06-30 10:20:58,807 INFO  - Fetched company for recruiterId=3dc93452-07a2-4843-a650-c7faed6fc07c
2025-06-30 10:20:58,814 INFO  - Fetched company for recruiterId=52f3dcc7-e7bb-4419-b8a9-9cfb2a6f8b9e
2025-06-30 10:20:58,834 INFO  - Fetched company for recruiterId=3dc93452-07a2-4843-a650-c7faed6fc07c
2025-06-30 10:20:58,843 INFO  - Fetched company for recruiterId=52f3dcc7-e7bb-4419-b8a9-9cfb2a6f8b9e
2025-06-30 10:20:58,863 INFO  - Fetched company for recruiterId=52f3dcc7-e7bb-4419-b8a9-9cfb2a6f8b9e
2025-06-30 10:20:58,877 INFO  - Fetched company for recruiterId=52f3dcc7-e7bb-4419-b8a9-9cfb2a6f8b9e
2025-06-30 10:20:58,890 INFO  - Fetched company for recruiterId=52f3dcc7-e7bb-4419-b8a9-9cfb2a6f8b9e
2025-06-30 10:21:02,027 INFO  - Fetched company for recruiterId=52f3dcc7-e7bb-4419-b8a9-9cfb2a6f8b9e
2025-06-30 10:21:02,043 INFO  - Fetched company for recruiterId=52f3dcc7-e7bb-4419-b8a9-9cfb2a6f8b9e
2025-06-30 10:21:02,045 INFO  - Fetched company for recruiterId=3dc93452-07a2-4843-a650-c7faed6fc07c
2025-06-30 10:21:02,061 INFO  - Fetched company for recruiterId=3dc93452-07a2-4843-a650-c7faed6fc07c
2025-06-30 10:21:02,061 INFO  - Fetched company for recruiterId=52f3dcc7-e7bb-4419-b8a9-9cfb2a6f8b9e
2025-06-30 10:21:02,076 INFO  - Fetched company for recruiterId=3dc93452-07a2-4843-a650-c7faed6fc07c
2025-06-30 10:21:02,077 INFO  - Fetched company for recruiterId=52f3dcc7-e7bb-4419-b8a9-9cfb2a6f8b9e
2025-06-30 10:21:02,091 INFO  - Fetched company for recruiterId=52f3dcc7-e7bb-4419-b8a9-9cfb2a6f8b9e
2025-06-30 10:21:02,100 INFO  - Fetched company for recruiterId=52f3dcc7-e7bb-4419-b8a9-9cfb2a6f8b9e
2025-06-30 10:21:02,113 INFO  - Fetched company for recruiterId=52f3dcc7-e7bb-4419-b8a9-9cfb2a6f8b9e
2025-06-30 10:21:45,456 INFO  - User logged in: muthukaruppanaakash76@gmail.com
2025-06-30 10:21:57,430 INFO  - JobPost added by recruiter: 52f3dcc7-e7bb-4419-b8a9-9cfb2a6f8b9e, Job Title: Senior Frontend Developer
2025-06-30 11:13:10,781 INFO  - User logged in: muthu@gmail.com
2025-06-30 11:13:41,940 INFO  - User logged in: muthukaruppanaakash76@gmail.com
2025-06-30 11:14:00,793 INFO  - JobPost added by recruiter: 52f3dcc7-e7bb-4419-b8a9-9cfb2a6f8b9e, Job Title: Senior Frontend Developer
2025-06-30 11:14:30,077 INFO  - JobPost added by recruiter: 52f3dcc7-e7bb-4419-b8a9-9cfb2a6f8b9e, Job Title: Senior Frontend Developer
2025-06-30 11:14:30,357 INFO  - JobPost added by recruiter: 52f3dcc7-e7bb-4419-b8a9-9cfb2a6f8b9e, Job Title: Senior Frontend Developer
2025-06-30 11:14:44,428 INFO  - Fetched company for recruiterId=52f3dcc7-e7bb-4419-b8a9-9cfb2a6f8b9e
2025-06-30 11:14:44,428 INFO  - Fetched company for recruiterId=3dc93452-07a2-4843-a650-c7faed6fc07c
2025-06-30 11:14:44,449 INFO  - Fetched company for recruiterId=3dc93452-07a2-4843-a650-c7faed6fc07c
2025-06-30 11:14:44,453 INFO  - Fetched company for recruiterId=52f3dcc7-e7bb-4419-b8a9-9cfb2a6f8b9e
2025-06-30 11:14:44,490 INFO  - Fetched company for recruiterId=52f3dcc7-e7bb-4419-b8a9-9cfb2a6f8b9e
2025-06-30 11:14:44,491 INFO  - Fetched company for recruiterId=3dc93452-07a2-4843-a650-c7faed6fc07c
2025-06-30 11:14:44,507 INFO  - Fetched company for recruiterId=52f3dcc7-e7bb-4419-b8a9-9cfb2a6f8b9e
2025-06-30 11:14:44,544 INFO  - Fetched company for recruiterId=52f3dcc7-e7bb-4419-b8a9-9cfb2a6f8b9e
2025-06-30 11:14:44,556 INFO  - Fetched company for recruiterId=52f3dcc7-e7bb-4419-b8a9-9cfb2a6f8b9e
2025-06-30 11:14:44,594 INFO  - Fetched company for recruiterId=52f3dcc7-e7bb-4419-b8a9-9cfb2a6f8b9e
2025-06-30 11:15:16,348 INFO  - JobPost added by recruiter: 52f3dcc7-e7bb-4419-b8a9-9cfb2a6f8b9e, Job Title: Senior Frontend Developer
2025-06-30 11:16:03,229 INFO  - JobPost added by recruiter: 52f3dcc7-e7bb-4419-b8a9-9cfb2a6f8b9e, Job Title: Senior Frontend Developer
2025-06-30 11:16:41,871 INFO  - JobPost added by recruiter: 52f3dcc7-e7bb-4419-b8a9-9cfb2a6f8b9e, Job Title: Senior Frontend Developer
2025-06-30 11:16:46,557 INFO  - Fetched all company names.
2025-06-30 11:16:46,621 INFO  - Fetched company for recruiterId=52f3dcc7-e7bb-4419-b8a9-9cfb2a6f8b9e
2025-06-30 11:16:46,633 INFO  - Fetched company for recruiterId=52f3dcc7-e7bb-4419-b8a9-9cfb2a6f8b9e
2025-06-30 11:16:46,650 INFO  - Fetched company for recruiterId=52f3dcc7-e7bb-4419-b8a9-9cfb2a6f8b9e
2025-06-30 11:16:46,672 INFO  - Fetched company for recruiterId=52f3dcc7-e7bb-4419-b8a9-9cfb2a6f8b9e
2025-06-30 11:16:46,692 INFO  - Fetched company for recruiterId=52f3dcc7-e7bb-4419-b8a9-9cfb2a6f8b9e
2025-06-30 11:16:46,720 INFO  - Fetched company for recruiterId=52f3dcc7-e7bb-4419-b8a9-9cfb2a6f8b9e
2025-06-30 11:16:46,739 INFO  - Fetched company for recruiterId=52f3dcc7-e7bb-4419-b8a9-9cfb2a6f8b9e
2025-06-30 11:16:46,767 INFO  - Fetched company for recruiterId=52f3dcc7-e7bb-4419-b8a9-9cfb2a6f8b9e
2025-06-30 11:16:46,784 INFO  - Fetched company for recruiterId=52f3dcc7-e7bb-4419-b8a9-9cfb2a6f8b9e
2025-06-30 11:16:46,823 INFO  - Fetched company for recruiterId=52f3dcc7-e7bb-4419-b8a9-9cfb2a6f8b9e
2025-06-30 11:16:56,174 INFO  - JobPost added by recruiter: 52f3dcc7-e7bb-4419-b8a9-9cfb2a6f8b9e, Job Title: Senior Frontend Developer
2025-06-30 11:16:56,219 INFO  - Fetched company for recruiterId=52f3dcc7-e7bb-4419-b8a9-9cfb2a6f8b9e
2025-06-30 11:16:56,254 INFO  - Fetched company for recruiterId=52f3dcc7-e7bb-4419-b8a9-9cfb2a6f8b9e
2025-06-30 11:17:13,624 INFO  - Fetched company for recruiterId=52f3dcc7-e7bb-4419-b8a9-9cfb2a6f8b9e
2025-06-30 11:17:13,631 INFO  - Fetched company for recruiterId=52f3dcc7-e7bb-4419-b8a9-9cfb2a6f8b9e
2025-06-30 11:17:19,677 INFO  - Fetched company for recruiterId=52f3dcc7-e7bb-4419-b8a9-9cfb2a6f8b9e
2025-06-30 11:17:19,687 INFO  - Fetched company for recruiterId=52f3dcc7-e7bb-4419-b8a9-9cfb2a6f8b9e
2025-06-30 11:17:26,290 INFO  - Fetched company for recruiterId=52f3dcc7-e7bb-4419-b8a9-9cfb2a6f8b9e
2025-06-30 11:17:26,300 INFO  - Fetched company for recruiterId=52f3dcc7-e7bb-4419-b8a9-9cfb2a6f8b9e
2025-06-30 11:17:29,932 INFO  - Fetched company for recruiterId=52f3dcc7-e7bb-4419-b8a9-9cfb2a6f8b9e
2025-06-30 11:17:29,940 INFO  - Fetched company for recruiterId=52f3dcc7-e7bb-4419-b8a9-9cfb2a6f8b9e
2025-06-30 11:17:35,863 INFO  - Fetched company for recruiterId=52f3dcc7-e7bb-4419-b8a9-9cfb2a6f8b9e
2025-06-30 11:17:35,871 INFO  - Fetched company for recruiterId=52f3dcc7-e7bb-4419-b8a9-9cfb2a6f8b9e
2025-06-30 11:17:38,078 INFO  - Fetched company for recruiterId=52f3dcc7-e7bb-4419-b8a9-9cfb2a6f8b9e
2025-06-30 11:17:38,085 INFO  - Fetched company for recruiterId=52f3dcc7-e7bb-4419-b8a9-9cfb2a6f8b9e
2025-06-30 11:17:39,016 INFO  - Fetched company for recruiterId=52f3dcc7-e7bb-4419-b8a9-9cfb2a6f8b9e
2025-06-30 11:17:39,023 INFO  - Fetched company for recruiterId=52f3dcc7-e7bb-4419-b8a9-9cfb2a6f8b9e
2025-06-30 11:17:41,264 INFO  - Fetched company for recruiterId=52f3dcc7-e7bb-4419-b8a9-9cfb2a6f8b9e
2025-06-30 11:17:41,272 INFO  - Fetched company for recruiterId=52f3dcc7-e7bb-4419-b8a9-9cfb2a6f8b9e
2025-06-30 11:17:43,876 INFO  - Fetched company for recruiterId=52f3dcc7-e7bb-4419-b8a9-9cfb2a6f8b9e
2025-06-30 11:17:43,892 INFO  - Fetched company for recruiterId=52f3dcc7-e7bb-4419-b8a9-9cfb2a6f8b9e
2025-06-30 11:17:52,914 INFO  - Fetched company for recruiterId=52f3dcc7-e7bb-4419-b8a9-9cfb2a6f8b9e
2025-06-30 11:17:52,923 INFO  - Fetched company for recruiterId=52f3dcc7-e7bb-4419-b8a9-9cfb2a6f8b9e
2025-06-30 14:24:24,217 INFO  - User logged in: muthu@gmail.com
2025-06-30 14:24:28,274 INFO  - Fetched company for recruiterId=52f3dcc7-e7bb-4419-b8a9-9cfb2a6f8b9e
2025-06-30 14:24:28,286 INFO  - Fetched company for recruiterId=52f3dcc7-e7bb-4419-b8a9-9cfb2a6f8b9e
2025-06-30 14:24:28,293 INFO  - Fetched company for recruiterId=52f3dcc7-e7bb-4419-b8a9-9cfb2a6f8b9e
2025-06-30 14:24:28,304 INFO  - Fetched company for recruiterId=52f3dcc7-e7bb-4419-b8a9-9cfb2a6f8b9e
2025-06-30 14:24:28,315 INFO  - Fetched company for recruiterId=52f3dcc7-e7bb-4419-b8a9-9cfb2a6f8b9e
2025-06-30 14:24:28,326 INFO  - Fetched company for recruiterId=52f3dcc7-e7bb-4419-b8a9-9cfb2a6f8b9e
2025-06-30 14:24:28,343 INFO  - Fetched company for recruiterId=52f3dcc7-e7bb-4419-b8a9-9cfb2a6f8b9e
2025-06-30 14:24:28,353 INFO  - Fetched company for recruiterId=52f3dcc7-e7bb-4419-b8a9-9cfb2a6f8b9e
2025-06-30 14:24:28,366 INFO  - Fetched company for recruiterId=52f3dcc7-e7bb-4419-b8a9-9cfb2a6f8b9e
2025-06-30 14:24:28,377 INFO  - Fetched company for recruiterId=52f3dcc7-e7bb-4419-b8a9-9cfb2a6f8b9e
2025-06-30 14:26:36,506 INFO  - Fetched company for recruiterId=52f3dcc7-e7bb-4419-b8a9-9cfb2a6f8b9e
2025-06-30 14:26:36,516 INFO  - Fetched company for recruiterId=52f3dcc7-e7bb-4419-b8a9-9cfb2a6f8b9e
2025-06-30 14:26:36,546 INFO  - Fetched company for recruiterId=52f3dcc7-e7bb-4419-b8a9-9cfb2a6f8b9e
2025-06-30 14:26:36,563 INFO  - Fetched company for recruiterId=52f3dcc7-e7bb-4419-b8a9-9cfb2a6f8b9e
2025-06-30 14:26:36,579 INFO  - Fetched company for recruiterId=52f3dcc7-e7bb-4419-b8a9-9cfb2a6f8b9e
2025-06-30 14:26:36,599 INFO  - Fetched company for recruiterId=52f3dcc7-e7bb-4419-b8a9-9cfb2a6f8b9e
2025-06-30 14:26:36,615 INFO  - Fetched company for recruiterId=52f3dcc7-e7bb-4419-b8a9-9cfb2a6f8b9e
2025-06-30 14:26:36,628 INFO  - Fetched company for recruiterId=52f3dcc7-e7bb-4419-b8a9-9cfb2a6f8b9e
2025-06-30 14:26:36,652 INFO  - Fetched company for recruiterId=52f3dcc7-e7bb-4419-b8a9-9cfb2a6f8b9e
2025-06-30 14:26:36,665 INFO  - Fetched company for recruiterId=52f3dcc7-e7bb-4419-b8a9-9cfb2a6f8b9e
2025-06-30 14:26:37,126 INFO  - Fetched company for recruiterId=52f3dcc7-e7bb-4419-b8a9-9cfb2a6f8b9e
2025-06-30 14:26:37,149 INFO  - Fetched company for recruiterId=52f3dcc7-e7bb-4419-b8a9-9cfb2a6f8b9e
2025-06-30 14:26:37,161 INFO  - Fetched company for recruiterId=52f3dcc7-e7bb-4419-b8a9-9cfb2a6f8b9e
2025-06-30 14:26:37,174 INFO  - Fetched company for recruiterId=52f3dcc7-e7bb-4419-b8a9-9cfb2a6f8b9e
2025-06-30 14:26:37,200 INFO  - Fetched company for recruiterId=52f3dcc7-e7bb-4419-b8a9-9cfb2a6f8b9e
2025-06-30 14:26:40,550 INFO  - Fetched company for recruiterId=52f3dcc7-e7bb-4419-b8a9-9cfb2a6f8b9e
2025-06-30 14:26:40,565 INFO  - Fetched company for recruiterId=52f3dcc7-e7bb-4419-b8a9-9cfb2a6f8b9e
2025-06-30 14:26:40,577 INFO  - Fetched company for recruiterId=52f3dcc7-e7bb-4419-b8a9-9cfb2a6f8b9e
2025-06-30 14:26:40,599 INFO  - Fetched company for recruiterId=52f3dcc7-e7bb-4419-b8a9-9cfb2a6f8b9e
2025-06-30 14:26:40,612 INFO  - Fetched company for recruiterId=52f3dcc7-e7bb-4419-b8a9-9cfb2a6f8b9e
2025-06-30 14:26:40,625 INFO  - Fetched company for recruiterId=52f3dcc7-e7bb-4419-b8a9-9cfb2a6f8b9e
2025-06-30 14:26:40,652 INFO  - Fetched company for recruiterId=52f3dcc7-e7bb-4419-b8a9-9cfb2a6f8b9e
2025-06-30 14:26:40,674 INFO  - Fetched company for recruiterId=52f3dcc7-e7bb-4419-b8a9-9cfb2a6f8b9e
2025-06-30 14:26:40,698 INFO  - Fetched company for recruiterId=52f3dcc7-e7bb-4419-b8a9-9cfb2a6f8b9e
2025-06-30 14:26:40,721 INFO  - Fetched company for recruiterId=52f3dcc7-e7bb-4419-b8a9-9cfb2a6f8b9e
2025-06-30 14:26:42,126 INFO  - Fetched company for recruiterId=52f3dcc7-e7bb-4419-b8a9-9cfb2a6f8b9e
2025-06-30 14:26:42,149 INFO  - Fetched company for recruiterId=52f3dcc7-e7bb-4419-b8a9-9cfb2a6f8b9e
2025-06-30 14:26:42,169 INFO  - Fetched company for recruiterId=52f3dcc7-e7bb-4419-b8a9-9cfb2a6f8b9e
2025-06-30 14:26:42,205 INFO  - Fetched company for recruiterId=52f3dcc7-e7bb-4419-b8a9-9cfb2a6f8b9e
2025-06-30 14:26:42,250 INFO  - Fetched company for recruiterId=52f3dcc7-e7bb-4419-b8a9-9cfb2a6f8b9e
2025-06-30 14:26:53,048 INFO  - Fetched company for recruiterId=52f3dcc7-e7bb-4419-b8a9-9cfb2a6f8b9e
2025-06-30 14:26:53,057 INFO  - Fetched company for recruiterId=52f3dcc7-e7bb-4419-b8a9-9cfb2a6f8b9e
2025-06-30 14:26:53,067 INFO  - Fetched company for recruiterId=52f3dcc7-e7bb-4419-b8a9-9cfb2a6f8b9e
2025-06-30 14:26:53,079 INFO  - Fetched company for recruiterId=52f3dcc7-e7bb-4419-b8a9-9cfb2a6f8b9e
2025-06-30 14:26:53,110 INFO  - Fetched company for recruiterId=52f3dcc7-e7bb-4419-b8a9-9cfb2a6f8b9e
2025-06-30 14:26:53,121 INFO  - Fetched company for recruiterId=52f3dcc7-e7bb-4419-b8a9-9cfb2a6f8b9e
2025-06-30 14:26:53,146 INFO  - Fetched company for recruiterId=52f3dcc7-e7bb-4419-b8a9-9cfb2a6f8b9e
2025-06-30 14:26:53,160 INFO  - Fetched company for recruiterId=52f3dcc7-e7bb-4419-b8a9-9cfb2a6f8b9e
2025-06-30 14:26:53,180 INFO  - Fetched company for recruiterId=52f3dcc7-e7bb-4419-b8a9-9cfb2a6f8b9e
2025-06-30 14:26:53,200 INFO  - Fetched company for recruiterId=52f3dcc7-e7bb-4419-b8a9-9cfb2a6f8b9e
2025-06-30 14:26:53,804 INFO  - Fetched all company names.
2025-06-30 14:26:53,830 INFO  - Fetched company for recruiterId=52f3dcc7-e7bb-4419-b8a9-9cfb2a6f8b9e
2025-06-30 14:26:53,850 INFO  - Fetched company for recruiterId=52f3dcc7-e7bb-4419-b8a9-9cfb2a6f8b9e
2025-06-30 14:26:53,863 INFO  - Fetched company for recruiterId=52f3dcc7-e7bb-4419-b8a9-9cfb2a6f8b9e
2025-06-30 14:26:53,875 INFO  - Fetched company for recruiterId=52f3dcc7-e7bb-4419-b8a9-9cfb2a6f8b9e
2025-06-30 14:26:53,899 INFO  - Fetched company for recruiterId=52f3dcc7-e7bb-4419-b8a9-9cfb2a6f8b9e
2025-06-30 14:26:53,910 INFO  - Fetched company for recruiterId=52f3dcc7-e7bb-4419-b8a9-9cfb2a6f8b9e
2025-06-30 14:26:53,925 INFO  - Fetched company for recruiterId=52f3dcc7-e7bb-4419-b8a9-9cfb2a6f8b9e
2025-06-30 14:26:53,951 INFO  - Fetched company for recruiterId=52f3dcc7-e7bb-4419-b8a9-9cfb2a6f8b9e
2025-06-30 14:26:53,965 INFO  - Fetched company for recruiterId=52f3dcc7-e7bb-4419-b8a9-9cfb2a6f8b9e
2025-06-30 14:26:53,997 INFO  - Fetched company for recruiterId=52f3dcc7-e7bb-4419-b8a9-9cfb2a6f8b9e
2025-06-30 14:27:02,047 INFO  - Fetched company for recruiterId=52f3dcc7-e7bb-4419-b8a9-9cfb2a6f8b9e
2025-06-30 14:27:02,067 INFO  - Fetched company for recruiterId=52f3dcc7-e7bb-4419-b8a9-9cfb2a6f8b9e
2025-06-30 14:27:02,098 INFO  - Fetched company for recruiterId=52f3dcc7-e7bb-4419-b8a9-9cfb2a6f8b9e
2025-06-30 14:27:02,114 INFO  - Fetched company for recruiterId=52f3dcc7-e7bb-4419-b8a9-9cfb2a6f8b9e
2025-06-30 14:27:02,128 INFO  - Fetched company for recruiterId=52f3dcc7-e7bb-4419-b8a9-9cfb2a6f8b9e
2025-06-30 14:27:24,357 INFO  - User logged in: muthukaruppanaakash76@gmail.com
2025-06-30 14:27:28,676 INFO  - Fetched all skills.
2025-06-30 14:27:29,249 INFO  - Fetched company for recruiterId=3dc93452-07a2-4843-a650-c7faed6fc07c
2025-06-30 14:27:29,256 INFO  - Fetched company for recruiterId=3dc93452-07a2-4843-a650-c7faed6fc07c
2025-06-30 14:27:29,263 INFO  - Fetched company for recruiterId=3dc93452-07a2-4843-a650-c7faed6fc07c
2025-06-30 14:27:29,270 INFO  - Fetched company for recruiterId=3dc93452-07a2-4843-a650-c7faed6fc07c
2025-06-30 14:27:33,125 INFO  - Fetched company for recruiterId=3dc93452-07a2-4843-a650-c7faed6fc07c
2025-06-30 14:27:34,001 INFO  - Fetched company for recruiterId=3dc93452-07a2-4843-a650-c7faed6fc07c
2025-06-30 14:27:34,009 INFO  - Fetched company for recruiterId=3dc93452-07a2-4843-a650-c7faed6fc07c
2025-06-30 14:27:34,015 INFO  - Fetched company for recruiterId=3dc93452-07a2-4843-a650-c7faed6fc07c
2025-06-30 14:27:34,026 INFO  - Fetched company for recruiterId=3dc93452-07a2-4843-a650-c7faed6fc07c
2025-06-30 14:28:11,898 INFO  - Fetched all skills.
2025-06-30 14:28:12,450 INFO  - Fetched company for recruiterId=3dc93452-07a2-4843-a650-c7faed6fc07c
2025-06-30 14:28:12,461 INFO  - Fetched company for recruiterId=3dc93452-07a2-4843-a650-c7faed6fc07c
2025-06-30 14:28:12,469 INFO  - Fetched company for recruiterId=3dc93452-07a2-4843-a650-c7faed6fc07c
2025-06-30 14:28:12,477 INFO  - Fetched company for recruiterId=3dc93452-07a2-4843-a650-c7faed6fc07c
2025-06-30 14:28:50,251 INFO  - Fetched company for recruiterId=3dc93452-07a2-4843-a650-c7faed6fc07c
2025-06-30 14:28:50,259 INFO  - Fetched company for recruiterId=3dc93452-07a2-4843-a650-c7faed6fc07c
2025-06-30 14:28:50,265 INFO  - Fetched company for recruiterId=3dc93452-07a2-4843-a650-c7faed6fc07c
2025-06-30 14:28:50,302 INFO  - Fetched company for recruiterId=3dc93452-07a2-4843-a650-c7faed6fc07c
2025-06-30 14:28:57,580 INFO  - Soft deleted job post: d3d3c7e0-a6e1-44cf-9f96-3c2242c23398, RecruiterId: 3dc93452-07a2-4843-a650-c7faed6fc07c
2025-06-30 14:29:01,849 INFO  - Fetched all skills.
2025-06-30 14:29:03,707 INFO  - Fetched company for recruiterId=3dc93452-07a2-4843-a650-c7faed6fc07c
2025-06-30 14:29:03,715 INFO  - Fetched company for recruiterId=3dc93452-07a2-4843-a650-c7faed6fc07c
2025-06-30 14:29:03,725 INFO  - Fetched company for recruiterId=3dc93452-07a2-4843-a650-c7faed6fc07c
2025-06-30 14:29:13,833 INFO  - Fetched all skills.
2025-06-30 14:29:16,157 INFO  - Fetched company for recruiterId=3dc93452-07a2-4843-a650-c7faed6fc07c
2025-06-30 14:29:16,168 INFO  - Fetched company for recruiterId=3dc93452-07a2-4843-a650-c7faed6fc07c
2025-06-30 14:29:16,202 INFO  - Fetched company for recruiterId=3dc93452-07a2-4843-a650-c7faed6fc07c
2025-06-30 14:29:58,374 INFO  - Fetched company for recruiterId=3dc93452-07a2-4843-a650-c7faed6fc07c
2025-06-30 14:29:58,382 INFO  - Fetched company for recruiterId=3dc93452-07a2-4843-a650-c7faed6fc07c
2025-06-30 14:29:58,403 INFO  - Fetched company for recruiterId=3dc93452-07a2-4843-a650-c7faed6fc07c
2025-06-30 14:30:13,827 INFO  - Fetched company for recruiterId=3dc93452-07a2-4843-a650-c7faed6fc07c
2025-06-30 14:30:13,857 INFO  - Fetched company for recruiterId=3dc93452-07a2-4843-a650-c7faed6fc07c
2025-06-30 14:30:13,864 INFO  - Fetched company for recruiterId=3dc93452-07a2-4843-a650-c7faed6fc07c
2025-06-30 14:30:18,524 INFO  - Fetched company for recruiterId=3dc93452-07a2-4843-a650-c7faed6fc07c
2025-06-30 14:30:18,535 INFO  - Fetched company for recruiterId=3dc93452-07a2-4843-a650-c7faed6fc07c
2025-06-30 14:30:18,555 INFO  - Fetched company for recruiterId=3dc93452-07a2-4843-a650-c7faed6fc07c
2025-06-30 14:30:21,917 INFO  - Fetched company for recruiterId=3dc93452-07a2-4843-a650-c7faed6fc07c
2025-06-30 14:30:21,926 INFO  - Fetched company for recruiterId=3dc93452-07a2-4843-a650-c7faed6fc07c
2025-06-30 14:30:21,934 INFO  - Fetched company for recruiterId=3dc93452-07a2-4843-a650-c7faed6fc07c
2025-06-30 14:30:34,922 INFO  - Fetched company for recruiterId=3dc93452-07a2-4843-a650-c7faed6fc07c
2025-06-30 14:30:34,931 INFO  - Fetched company for recruiterId=3dc93452-07a2-4843-a650-c7faed6fc07c
2025-06-30 14:30:34,954 INFO  - Fetched company for recruiterId=3dc93452-07a2-4843-a650-c7faed6fc07c
2025-06-30 14:30:39,656 INFO  - Fetched company for recruiterId=3dc93452-07a2-4843-a650-c7faed6fc07c
2025-06-30 14:30:39,664 INFO  - Fetched company for recruiterId=3dc93452-07a2-4843-a650-c7faed6fc07c
2025-06-30 14:30:39,682 INFO  - Fetched company for recruiterId=3dc93452-07a2-4843-a650-c7faed6fc07c
2025-06-30 14:30:41,954 INFO  - Fetched company for recruiterId=3dc93452-07a2-4843-a650-c7faed6fc07c
2025-06-30 14:30:41,963 INFO  - Fetched company for recruiterId=3dc93452-07a2-4843-a650-c7faed6fc07c
2025-06-30 14:30:41,969 INFO  - Fetched company for recruiterId=3dc93452-07a2-4843-a650-c7faed6fc07c
2025-06-30 14:31:07,964 INFO  - Fetched company for recruiterId=3dc93452-07a2-4843-a650-c7faed6fc07c
2025-06-30 14:31:07,977 INFO  - Fetched company for recruiterId=3dc93452-07a2-4843-a650-c7faed6fc07c
2025-06-30 14:31:07,985 INFO  - Fetched company for recruiterId=3dc93452-07a2-4843-a650-c7faed6fc07c
2025-06-30 14:31:09,031 INFO  - Fetched company for recruiterId=3dc93452-07a2-4843-a650-c7faed6fc07c
2025-06-30 14:31:09,057 INFO  - Fetched company for recruiterId=3dc93452-07a2-4843-a650-c7faed6fc07c
2025-06-30 14:31:09,125 INFO  - Fetched company for recruiterId=3dc93452-07a2-4843-a650-c7faed6fc07c
2025-06-30 14:31:10,037 INFO  - Fetched company for recruiterId=3dc93452-07a2-4843-a650-c7faed6fc07c
2025-06-30 14:31:10,062 INFO  - Fetched company for recruiterId=3dc93452-07a2-4843-a650-c7faed6fc07c
2025-06-30 14:31:10,081 INFO  - Fetched company for recruiterId=3dc93452-07a2-4843-a650-c7faed6fc07c
2025-06-30 14:31:12,114 INFO  - Fetched company for recruiterId=3dc93452-07a2-4843-a650-c7faed6fc07c
2025-06-30 14:31:12,128 INFO  - Fetched company for recruiterId=3dc93452-07a2-4843-a650-c7faed6fc07c
2025-06-30 14:31:12,155 INFO  - Fetched company for recruiterId=3dc93452-07a2-4843-a650-c7faed6fc07c
2025-06-30 14:31:17,255 INFO  - Fetched company for recruiterId=3dc93452-07a2-4843-a650-c7faed6fc07c
2025-06-30 14:31:17,267 INFO  - Fetched company for recruiterId=3dc93452-07a2-4843-a650-c7faed6fc07c
2025-06-30 14:31:17,280 INFO  - Fetched company for recruiterId=3dc93452-07a2-4843-a650-c7faed6fc07c
2025-06-30 14:31:26,721 INFO  - Fetched company for recruiterId=3dc93452-07a2-4843-a650-c7faed6fc07c
2025-06-30 14:31:26,731 INFO  - Fetched company for recruiterId=3dc93452-07a2-4843-a650-c7faed6fc07c
2025-06-30 14:31:26,755 INFO  - Fetched company for recruiterId=3dc93452-07a2-4843-a650-c7faed6fc07c
2025-06-30 14:31:34,816 INFO  - Fetched company for recruiterId=3dc93452-07a2-4843-a650-c7faed6fc07c
2025-06-30 14:31:34,823 INFO  - Fetched company for recruiterId=3dc93452-07a2-4843-a650-c7faed6fc07c
2025-06-30 14:31:34,834 INFO  - Fetched company for recruiterId=3dc93452-07a2-4843-a650-c7faed6fc07c
2025-06-30 14:31:36,861 INFO  - Fetched company for recruiterId=3dc93452-07a2-4843-a650-c7faed6fc07c
2025-06-30 14:31:36,873 INFO  - Fetched company for recruiterId=3dc93452-07a2-4843-a650-c7faed6fc07c
2025-06-30 14:31:36,905 INFO  - Fetched company for recruiterId=3dc93452-07a2-4843-a650-c7faed6fc07c
2025-06-30 14:31:39,009 INFO  - Fetched company for recruiterId=3dc93452-07a2-4843-a650-c7faed6fc07c
2025-06-30 14:31:39,021 INFO  - Fetched company for recruiterId=3dc93452-07a2-4843-a650-c7faed6fc07c
2025-06-30 14:31:39,032 INFO  - Fetched company for recruiterId=3dc93452-07a2-4843-a650-c7faed6fc07c
2025-06-30 14:31:44,106 INFO  - Fetched company for recruiterId=3dc93452-07a2-4843-a650-c7faed6fc07c
2025-06-30 14:31:44,118 INFO  - Fetched company for recruiterId=3dc93452-07a2-4843-a650-c7faed6fc07c
2025-06-30 14:31:44,133 INFO  - Fetched company for recruiterId=3dc93452-07a2-4843-a650-c7faed6fc07c
2025-06-30 14:31:46,613 INFO  - Fetched company for recruiterId=3dc93452-07a2-4843-a650-c7faed6fc07c
2025-06-30 14:31:46,636 INFO  - Fetched company for recruiterId=3dc93452-07a2-4843-a650-c7faed6fc07c
2025-06-30 14:31:46,666 INFO  - Fetched company for recruiterId=3dc93452-07a2-4843-a650-c7faed6fc07c
2025-06-30 14:31:57,111 INFO  - Fetched company for recruiterId=3dc93452-07a2-4843-a650-c7faed6fc07c
2025-06-30 14:31:57,129 INFO  - Fetched company for recruiterId=3dc93452-07a2-4843-a650-c7faed6fc07c
2025-06-30 14:31:57,158 INFO  - Fetched company for recruiterId=3dc93452-07a2-4843-a650-c7faed6fc07c
2025-06-30 14:32:03,561 INFO  - Fetched company for recruiterId=3dc93452-07a2-4843-a650-c7faed6fc07c
2025-06-30 14:32:18,870 INFO  - Fetched company for recruiterId=3dc93452-07a2-4843-a650-c7faed6fc07c
2025-06-30 14:32:18,880 INFO  - Fetched company for recruiterId=3dc93452-07a2-4843-a650-c7faed6fc07c
2025-06-30 14:32:18,910 INFO  - Fetched company for recruiterId=3dc93452-07a2-4843-a650-c7faed6fc07c
2025-06-30 14:32:19,305 INFO  - Fetched all skills.
2025-06-30 14:32:21,887 INFO  - Fetched all skills.
2025-06-30 14:32:26,578 INFO  - Fetched company for recruiterId=3dc93452-07a2-4843-a650-c7faed6fc07c
2025-06-30 14:32:26,611 INFO  - Fetched company for recruiterId=3dc93452-07a2-4843-a650-c7faed6fc07c
2025-06-30 14:32:26,625 INFO  - Fetched company for recruiterId=3dc93452-07a2-4843-a650-c7faed6fc07c
2025-06-30 14:32:34,074 INFO  - Resume downloaded: SeekerId = 637f3638-b296-4f0d-bb3c-5a65a7f8baed, JobPostId = ce6efdf7-8ca5-494f-af1d-aca84641db3f
2025-06-30 14:32:53,462 INFO  - Fetched company for recruiterId=3dc93452-07a2-4843-a650-c7faed6fc07c
2025-06-30 14:33:02,134 INFO  - Recruiter updated successfully: Id=3dc93452-07a2-4843-a650-c7faed6fc07c, Name=Muthu Karuppan
2025-06-30 14:33:05,936 INFO  - Fetched company for recruiterId=3dc93452-07a2-4843-a650-c7faed6fc07c
2025-06-30 14:33:05,958 INFO  - Fetched company for recruiterId=3dc93452-07a2-4843-a650-c7faed6fc07c
2025-06-30 14:33:05,968 INFO  - Fetched company for recruiterId=3dc93452-07a2-4843-a650-c7faed6fc07c
2025-06-30 14:33:06,474 INFO  - Fetched company for recruiterId=3dc93452-07a2-4843-a650-c7faed6fc07c
2025-06-30 14:33:10,509 INFO  - Fetched company for recruiterId=3dc93452-07a2-4843-a650-c7faed6fc07c
2025-06-30 14:33:13,362 INFO  - Fetched company for recruiterId=3dc93452-07a2-4843-a650-c7faed6fc07c
2025-06-30 14:33:37,609 INFO  - Recruiter updated successfully: Id=3dc93452-07a2-4843-a650-c7faed6fc07c, Name=Muthu Karuppan P
2025-06-30 14:33:58,872 INFO  - Fetched company for recruiterId=3dc93452-07a2-4843-a650-c7faed6fc07c
2025-06-30 14:34:00,708 INFO  - Fetched company for recruiterId=3dc93452-07a2-4843-a650-c7faed6fc07c
2025-06-30 14:34:07,816 INFO  - Recruiter updated successfully: Id=3dc93452-07a2-4843-a650-c7faed6fc07c, Name=Muthu Karuppan P
2025-06-30 14:34:48,275 INFO  - Fetched company for recruiterId=3dc93452-07a2-4843-a650-c7faed6fc07c
2025-06-30 14:34:50,013 INFO  - Fetched company for recruiterId=3dc93452-07a2-4843-a650-c7faed6fc07c
2025-06-30 17:18:21,787 INFO  - User logged in: muthukaruppanaakash76@gmail.com
2025-06-30 17:18:26,983 INFO  - Fetched all skills.
2025-06-30 17:18:27,670 INFO  - Fetched company for recruiterId=3dc93452-07a2-4843-a650-c7faed6fc07c
2025-06-30 17:18:27,684 INFO  - Fetched company for recruiterId=3dc93452-07a2-4843-a650-c7faed6fc07c
2025-06-30 17:18:27,693 INFO  - Fetched company for recruiterId=3dc93452-07a2-4843-a650-c7faed6fc07c
2025-06-30 17:18:31,245 INFO  - Resume downloaded: SeekerId = 637f3638-b296-4f0d-bb3c-5a65a7f8baed, JobPostId = ce6efdf7-8ca5-494f-af1d-aca84641db3f
2025-06-30 17:23:54,919 INFO  - Resume downloaded: SeekerId = 637f3638-b296-4f0d-bb3c-5a65a7f8baed, JobPostId = ce6efdf7-8ca5-494f-af1d-aca84641db3f
2025-06-30 17:25:01,617 INFO  - Resume downloaded: SeekerId = 637f3638-b296-4f0d-bb3c-5a65a7f8baed, JobPostId = ce6efdf7-8ca5-494f-af1d-aca84641db3f
2025-06-30 17:26:10,924 INFO  - Fetched company for recruiterId=3dc93452-07a2-4843-a650-c7faed6fc07c
2025-06-30 17:26:12,535 INFO  - Fetched company for recruiterId=3dc93452-07a2-4843-a650-c7faed6fc07c
2025-06-30 17:26:12,542 INFO  - Fetched company for recruiterId=3dc93452-07a2-4843-a650-c7faed6fc07c
2025-06-30 17:26:12,548 INFO  - Fetched company for recruiterId=3dc93452-07a2-4843-a650-c7faed6fc07c
2025-06-30 17:26:14,959 INFO  - Resume downloaded: SeekerId = 637f3638-b296-4f0d-bb3c-5a65a7f8baed, JobPostId = ce6efdf7-8ca5-494f-af1d-aca84641db3f
2025-06-30 17:31:07,190 INFO  - Fetched company for recruiterId=3dc93452-07a2-4843-a650-c7faed6fc07c
2025-06-30 17:31:07,196 INFO  - Fetched company for recruiterId=3dc93452-07a2-4843-a650-c7faed6fc07c
2025-06-30 17:31:07,211 INFO  - Fetched company for recruiterId=3dc93452-07a2-4843-a650-c7faed6fc07c
2025-06-30 17:31:57,685 INFO  - Fetched all skills.
2025-06-30 17:32:12,459 INFO  - Fetched company for recruiterId=3dc93452-07a2-4843-a650-c7faed6fc07c
2025-06-30 17:32:12,466 INFO  - Fetched company for recruiterId=3dc93452-07a2-4843-a650-c7faed6fc07c
2025-06-30 17:32:12,481 INFO  - Fetched company for recruiterId=3dc93452-07a2-4843-a650-c7faed6fc07c
2025-06-30 17:32:13,625 INFO  - Fetched all skills.
2025-06-30 17:32:16,229 INFO  - Updated job post: ce6efdf7-8ca5-494f-af1d-aca84641db3f
2025-06-30 17:32:16,327 INFO  - Updated responsibilities for postId: ce6efdf7-8ca5-494f-af1d-aca84641db3f
2025-06-30 17:32:16,387 INFO  - Updated requirements for postId: ce6efdf7-8ca5-494f-af1d-aca84641db3f
2025-06-30 17:32:16,436 INFO  - Updated post skills for job post: ce6efdf7-8ca5-494f-af1d-aca84641db3f
2025-06-30 17:32:20,314 INFO  - Fetched all skills.
2025-06-30 17:32:20,707 INFO  - Fetched company for recruiterId=3dc93452-07a2-4843-a650-c7faed6fc07c
2025-06-30 17:32:20,717 INFO  - Fetched company for recruiterId=3dc93452-07a2-4843-a650-c7faed6fc07c
2025-06-30 17:32:20,726 INFO  - Fetched company for recruiterId=3dc93452-07a2-4843-a650-c7faed6fc07c
2025-06-30 17:32:23,029 INFO  - Fetched all skills.
2025-06-30 17:32:26,521 INFO  - Fetched company for recruiterId=3dc93452-07a2-4843-a650-c7faed6fc07c
2025-06-30 17:32:26,529 INFO  - Fetched company for recruiterId=3dc93452-07a2-4843-a650-c7faed6fc07c
2025-06-30 17:32:26,534 INFO  - Fetched company for recruiterId=3dc93452-07a2-4843-a650-c7faed6fc07c
2025-06-30 17:32:31,398 INFO  - Resume downloaded: SeekerId = 637f3638-b296-4f0d-bb3c-5a65a7f8baed, JobPostId = ce6efdf7-8ca5-494f-af1d-aca84641db3f
2025-06-30 17:45:52,959 INFO  - Fetched company for recruiterId=3dc93452-07a2-4843-a650-c7faed6fc07c
2025-06-30 17:47:26,101 INFO  - Fetched company for recruiterId=3dc93452-07a2-4843-a650-c7faed6fc07c
2025-06-30 17:47:26,804 INFO  - Fetched company for recruiterId=3dc93452-07a2-4843-a650-c7faed6fc07c
2025-06-30 17:47:26,811 INFO  - Fetched company for recruiterId=3dc93452-07a2-4843-a650-c7faed6fc07c
2025-06-30 17:47:26,818 INFO  - Fetched company for recruiterId=3dc93452-07a2-4843-a650-c7faed6fc07c
2025-06-30 17:47:27,459 INFO  - Fetched all skills.
2025-06-30 17:47:30,647 INFO  - Fetched company for recruiterId=3dc93452-07a2-4843-a650-c7faed6fc07c
2025-06-30 17:47:30,653 INFO  - Fetched company for recruiterId=3dc93452-07a2-4843-a650-c7faed6fc07c
2025-06-30 17:47:30,659 INFO  - Fetched company for recruiterId=3dc93452-07a2-4843-a650-c7faed6fc07c
2025-06-30 19:47:56,111 INFO  - User logged in: muthukaruppanaakash76@gmail.com
2025-06-30 19:48:05,949 INFO  - Fetched all skills.
2025-06-30 19:48:06,955 INFO  - Fetched company for recruiterId=3dc93452-07a2-4843-a650-c7faed6fc07c
2025-06-30 19:48:06,964 INFO  - Fetched company for recruiterId=3dc93452-07a2-4843-a650-c7faed6fc07c
2025-06-30 19:48:06,972 INFO  - Fetched company for recruiterId=3dc93452-07a2-4843-a650-c7faed6fc07c
2025-06-30 19:48:44,003 INFO  - Fetched company for recruiterId=3dc93452-07a2-4843-a650-c7faed6fc07c
2025-06-30 19:48:44,009 INFO  - Fetched company for recruiterId=3dc93452-07a2-4843-a650-c7faed6fc07c
2025-06-30 19:48:44,017 INFO  - Fetched company for recruiterId=3dc93452-07a2-4843-a650-c7faed6fc07c
2025-06-30 19:48:45,879 INFO  - Fetched company for recruiterId=3dc93452-07a2-4843-a650-c7faed6fc07c
2025-06-30 19:48:45,886 INFO  - Fetched company for recruiterId=3dc93452-07a2-4843-a650-c7faed6fc07c
2025-06-30 19:48:45,895 INFO  - Fetched company for recruiterId=3dc93452-07a2-4843-a650-c7faed6fc07c
2025-06-30 19:48:57,649 INFO  - Fetched company for recruiterId=3dc93452-07a2-4843-a650-c7faed6fc07c
2025-06-30 19:48:57,657 INFO  - Fetched company for recruiterId=3dc93452-07a2-4843-a650-c7faed6fc07c
2025-06-30 19:48:57,669 INFO  - Fetched company for recruiterId=3dc93452-07a2-4843-a650-c7faed6fc07c
2025-06-30 19:49:43,936 INFO  - Fetched company for recruiterId=3dc93452-07a2-4843-a650-c7faed6fc07c
2025-06-30 19:49:43,967 INFO  - Fetched company for recruiterId=3dc93452-07a2-4843-a650-c7faed6fc07c
2025-06-30 19:49:43,976 INFO  - Fetched company for recruiterId=3dc93452-07a2-4843-a650-c7faed6fc07c
2025-06-30 19:52:05,976 INFO  - Fetched company for recruiterId=3dc93452-07a2-4843-a650-c7faed6fc07c
2025-06-30 19:52:05,984 INFO  - Fetched company for recruiterId=3dc93452-07a2-4843-a650-c7faed6fc07c
2025-06-30 19:52:05,991 INFO  - Fetched company for recruiterId=3dc93452-07a2-4843-a650-c7faed6fc07c
2025-06-30 19:54:15,066 INFO  - Fetched company for recruiterId=3dc93452-07a2-4843-a650-c7faed6fc07c
2025-06-30 19:54:15,075 INFO  - Fetched company for recruiterId=3dc93452-07a2-4843-a650-c7faed6fc07c
2025-06-30 19:54:15,084 INFO  - Fetched company for recruiterId=3dc93452-07a2-4843-a650-c7faed6fc07c
2025-06-30 19:55:04,605 INFO  - Fetched company for recruiterId=3dc93452-07a2-4843-a650-c7faed6fc07c
2025-06-30 19:55:04,614 INFO  - Fetched company for recruiterId=3dc93452-07a2-4843-a650-c7faed6fc07c
2025-06-30 19:55:04,625 INFO  - Fetched company for recruiterId=3dc93452-07a2-4843-a650-c7faed6fc07c
2025-06-30 19:55:08,362 INFO  - Fetched company for recruiterId=3dc93452-07a2-4843-a650-c7faed6fc07c
2025-06-30 19:55:08,374 INFO  - Fetched company for recruiterId=3dc93452-07a2-4843-a650-c7faed6fc07c
2025-06-30 19:55:08,382 INFO  - Fetched company for recruiterId=3dc93452-07a2-4843-a650-c7faed6fc07c
2025-06-30 19:55:13,771 INFO  - Fetched company for recruiterId=3dc93452-07a2-4843-a650-c7faed6fc07c
2025-06-30 19:55:13,778 INFO  - Fetched company for recruiterId=3dc93452-07a2-4843-a650-c7faed6fc07c
2025-06-30 19:55:15,144 INFO  - Fetched company for recruiterId=3dc93452-07a2-4843-a650-c7faed6fc07c
2025-06-30 19:55:16,257 INFO  - Fetched company for recruiterId=3dc93452-07a2-4843-a650-c7faed6fc07c
2025-06-30 19:55:16,265 INFO  - Fetched company for recruiterId=3dc93452-07a2-4843-a650-c7faed6fc07c
2025-06-30 19:55:16,274 INFO  - Fetched company for recruiterId=3dc93452-07a2-4843-a650-c7faed6fc07c
2025-06-30 19:55:16,698 INFO  - Fetched all skills.
2025-06-30 19:55:18,890 INFO  - Fetched company for recruiterId=3dc93452-07a2-4843-a650-c7faed6fc07c
2025-06-30 19:55:19,508 INFO  - Fetched company for recruiterId=3dc93452-07a2-4843-a650-c7faed6fc07c
2025-06-30 19:55:19,517 INFO  - Fetched company for recruiterId=3dc93452-07a2-4843-a650-c7faed6fc07c
2025-06-30 19:55:19,525 INFO  - Fetched company for recruiterId=3dc93452-07a2-4843-a650-c7faed6fc07c
2025-06-30 19:55:37,077 INFO  - Fetched company for recruiterId=3dc93452-07a2-4843-a650-c7faed6fc07c
2025-06-30 19:55:53,338 INFO  - User logged in: muthu@gmail.com
2025-06-30 19:55:56,985 INFO  - Fetched company for recruiterId=52f3dcc7-e7bb-4419-b8a9-9cfb2a6f8b9e
2025-06-30 19:55:56,992 INFO  - Fetched company for recruiterId=52f3dcc7-e7bb-4419-b8a9-9cfb2a6f8b9e
2025-06-30 19:55:56,999 INFO  - Fetched company for recruiterId=52f3dcc7-e7bb-4419-b8a9-9cfb2a6f8b9e
2025-06-30 19:55:57,008 INFO  - Fetched company for recruiterId=52f3dcc7-e7bb-4419-b8a9-9cfb2a6f8b9e
2025-06-30 19:55:57,017 INFO  - Fetched company for recruiterId=52f3dcc7-e7bb-4419-b8a9-9cfb2a6f8b9e
2025-06-30 19:55:57,026 INFO  - Fetched company for recruiterId=52f3dcc7-e7bb-4419-b8a9-9cfb2a6f8b9e
2025-06-30 19:55:57,038 INFO  - Fetched company for recruiterId=52f3dcc7-e7bb-4419-b8a9-9cfb2a6f8b9e
2025-06-30 19:55:57,048 INFO  - Fetched company for recruiterId=52f3dcc7-e7bb-4419-b8a9-9cfb2a6f8b9e
2025-06-30 19:55:57,058 INFO  - Fetched company for recruiterId=52f3dcc7-e7bb-4419-b8a9-9cfb2a6f8b9e
2025-06-30 19:55:57,067 INFO  - Fetched company for recruiterId=52f3dcc7-e7bb-4419-b8a9-9cfb2a6f8b9e
2025-06-30 19:56:23,225 INFO  - Fetched company for recruiterId=3dc93452-07a2-4843-a650-c7faed6fc07c
2025-06-30 19:56:23,230 INFO  - Fetched company for recruiterId=52f3dcc7-e7bb-4419-b8a9-9cfb2a6f8b9e
2025-06-30 19:56:23,239 INFO  - Fetched company for recruiterId=3dc93452-07a2-4843-a650-c7faed6fc07c
2025-06-30 19:56:23,244 INFO  - Fetched company for recruiterId=52f3dcc7-e7bb-4419-b8a9-9cfb2a6f8b9e
2025-06-30 19:56:23,266 INFO  - Fetched company for recruiterId=52f3dcc7-e7bb-4419-b8a9-9cfb2a6f8b9e
2025-06-30 19:56:23,282 INFO  - Fetched company for recruiterId=52f3dcc7-e7bb-4419-b8a9-9cfb2a6f8b9e
2025-06-30 19:56:23,302 INFO  - Fetched company for recruiterId=52f3dcc7-e7bb-4419-b8a9-9cfb2a6f8b9e
2025-06-30 19:56:23,318 INFO  - Fetched company for recruiterId=52f3dcc7-e7bb-4419-b8a9-9cfb2a6f8b9e
2025-06-30 19:57:48,921 INFO  - Fetched all company names.
2025-06-30 19:57:48,977 INFO  - Fetched company for recruiterId=3dc93452-07a2-4843-a650-c7faed6fc07c
2025-06-30 19:57:48,977 INFO  - Fetched company for recruiterId=52f3dcc7-e7bb-4419-b8a9-9cfb2a6f8b9e
2025-06-30 19:57:48,984 INFO  - Fetched company for recruiterId=52f3dcc7-e7bb-4419-b8a9-9cfb2a6f8b9e
2025-06-30 19:57:48,991 INFO  - Fetched company for recruiterId=52f3dcc7-e7bb-4419-b8a9-9cfb2a6f8b9e
2025-06-30 19:57:48,999 INFO  - Fetched company for recruiterId=52f3dcc7-e7bb-4419-b8a9-9cfb2a6f8b9e
2025-06-30 19:57:49,014 INFO  - Fetched company for recruiterId=52f3dcc7-e7bb-4419-b8a9-9cfb2a6f8b9e
2025-06-30 19:57:49,028 INFO  - Fetched company for recruiterId=52f3dcc7-e7bb-4419-b8a9-9cfb2a6f8b9e
2025-06-30 19:57:49,043 INFO  - Fetched company for recruiterId=52f3dcc7-e7bb-4419-b8a9-9cfb2a6f8b9e
2025-06-30 19:57:49,058 INFO  - Fetched company for recruiterId=52f3dcc7-e7bb-4419-b8a9-9cfb2a6f8b9e
2025-06-30 19:57:49,074 INFO  - Fetched company for recruiterId=52f3dcc7-e7bb-4419-b8a9-9cfb2a6f8b9e
2025-06-30 19:58:01,588 INFO  - Fetched company for recruiterId=3dc93452-07a2-4843-a650-c7faed6fc07c
2025-06-30 19:58:18,486 INFO  - Fetched company for recruiterId=3dc93452-07a2-4843-a650-c7faed6fc07c
2025-06-30 19:58:19,489 INFO  - Fetched company for recruiterId=3dc93452-07a2-4843-a650-c7faed6fc07c
2025-06-30 19:58:20,273 INFO  - Fetched company for recruiterId=3dc93452-07a2-4843-a650-c7faed6fc07c
2025-06-30 19:58:46,581 INFO  - Fetched company for recruiterId=3dc93452-07a2-4843-a650-c7faed6fc07c
2025-06-30 19:58:51,796 INFO  - Fetched company for recruiterId=3dc93452-07a2-4843-a650-c7faed6fc07c
2025-06-30 19:59:07,008 INFO  - Fetched company for recruiterId=3dc93452-07a2-4843-a650-c7faed6fc07c
2025-06-30 19:59:08,912 INFO  - Fetched company for recruiterId=3dc93452-07a2-4843-a650-c7faed6fc07c
2025-06-30 19:59:19,606 INFO  - Fetched company for recruiterId=3dc93452-07a2-4843-a650-c7faed6fc07c
2025-06-30 20:06:55,586 INFO  - Fetched all company names.
2025-06-30 20:06:55,606 INFO  - Fetched company for recruiterId=3dc93452-07a2-4843-a650-c7faed6fc07c
2025-06-30 20:06:55,609 INFO  - Fetched company for recruiterId=52f3dcc7-e7bb-4419-b8a9-9cfb2a6f8b9e
2025-06-30 20:06:55,618 INFO  - Fetched company for recruiterId=52f3dcc7-e7bb-4419-b8a9-9cfb2a6f8b9e
2025-06-30 20:06:55,625 INFO  - Fetched company for recruiterId=52f3dcc7-e7bb-4419-b8a9-9cfb2a6f8b9e
2025-06-30 20:06:55,634 INFO  - Fetched company for recruiterId=52f3dcc7-e7bb-4419-b8a9-9cfb2a6f8b9e
2025-06-30 20:06:55,640 INFO  - Fetched company for recruiterId=52f3dcc7-e7bb-4419-b8a9-9cfb2a6f8b9e
2025-06-30 20:06:55,648 INFO  - Fetched company for recruiterId=52f3dcc7-e7bb-4419-b8a9-9cfb2a6f8b9e
2025-06-30 20:06:55,655 INFO  - Fetched company for recruiterId=52f3dcc7-e7bb-4419-b8a9-9cfb2a6f8b9e
2025-06-30 20:06:55,666 INFO  - Fetched company for recruiterId=52f3dcc7-e7bb-4419-b8a9-9cfb2a6f8b9e
2025-06-30 20:06:55,676 INFO  - Fetched company for recruiterId=52f3dcc7-e7bb-4419-b8a9-9cfb2a6f8b9e
2025-06-30 20:07:17,347 INFO  - Fetched company for recruiterId=52f3dcc7-e7bb-4419-b8a9-9cfb2a6f8b9e
2025-06-30 20:07:17,347 INFO  - Fetched company for recruiterId=3dc93452-07a2-4843-a650-c7faed6fc07c
2025-06-30 20:07:17,356 INFO  - Fetched company for recruiterId=52f3dcc7-e7bb-4419-b8a9-9cfb2a6f8b9e
2025-06-30 20:07:17,356 INFO  - Fetched company for recruiterId=3dc93452-07a2-4843-a650-c7faed6fc07c
2025-06-30 20:07:17,364 INFO  - Fetched company for recruiterId=52f3dcc7-e7bb-4419-b8a9-9cfb2a6f8b9e
2025-06-30 20:07:17,364 INFO  - Fetched company for recruiterId=3dc93452-07a2-4843-a650-c7faed6fc07c
2025-06-30 20:07:17,371 INFO  - Fetched company for recruiterId=52f3dcc7-e7bb-4419-b8a9-9cfb2a6f8b9e
2025-06-30 20:07:17,378 INFO  - Fetched company for recruiterId=52f3dcc7-e7bb-4419-b8a9-9cfb2a6f8b9e
2025-06-30 20:07:17,383 INFO  - Fetched company for recruiterId=52f3dcc7-e7bb-4419-b8a9-9cfb2a6f8b9e
2025-06-30 20:07:17,389 INFO  - Fetched company for recruiterId=52f3dcc7-e7bb-4419-b8a9-9cfb2a6f8b9e
2025-06-30 20:07:17,396 INFO  - Fetched company for recruiterId=52f3dcc7-e7bb-4419-b8a9-9cfb2a6f8b9e
2025-06-30 20:07:17,402 INFO  - Fetched company for recruiterId=52f3dcc7-e7bb-4419-b8a9-9cfb2a6f8b9e
2025-06-30 20:07:17,407 INFO  - Fetched company for recruiterId=52f3dcc7-e7bb-4419-b8a9-9cfb2a6f8b9e
2025-06-30 20:07:17,414 INFO  - Fetched company for recruiterId=52f3dcc7-e7bb-4419-b8a9-9cfb2a6f8b9e
2025-06-30 20:07:17,419 INFO  - Fetched company for recruiterId=52f3dcc7-e7bb-4419-b8a9-9cfb2a6f8b9e
2025-06-30 20:07:17,425 INFO  - Fetched company for recruiterId=52f3dcc7-e7bb-4419-b8a9-9cfb2a6f8b9e
2025-06-30 20:07:17,431 INFO  - Fetched company for recruiterId=52f3dcc7-e7bb-4419-b8a9-9cfb2a6f8b9e
2025-06-30 20:07:17,437 INFO  - Fetched company for recruiterId=52f3dcc7-e7bb-4419-b8a9-9cfb2a6f8b9e
2025-06-30 20:07:17,445 INFO  - Fetched company for recruiterId=52f3dcc7-e7bb-4419-b8a9-9cfb2a6f8b9e
2025-06-30 20:07:19,755 INFO  - Fetched company for recruiterId=3dc93452-07a2-4843-a650-c7faed6fc07c
2025-06-30 20:07:22,487 INFO  - Fetched company for recruiterId=52f3dcc7-e7bb-4419-b8a9-9cfb2a6f8b9e
2025-06-30 20:07:22,488 INFO  - Fetched company for recruiterId=3dc93452-07a2-4843-a650-c7faed6fc07c
2025-06-30 20:07:22,497 INFO  - Fetched company for recruiterId=52f3dcc7-e7bb-4419-b8a9-9cfb2a6f8b9e
2025-06-30 20:07:22,505 INFO  - Fetched company for recruiterId=52f3dcc7-e7bb-4419-b8a9-9cfb2a6f8b9e
2025-06-30 20:07:22,512 INFO  - Fetched company for recruiterId=52f3dcc7-e7bb-4419-b8a9-9cfb2a6f8b9e
2025-06-30 20:07:22,518 INFO  - Fetched company for recruiterId=52f3dcc7-e7bb-4419-b8a9-9cfb2a6f8b9e
2025-06-30 20:07:22,522 INFO  - Fetched company for recruiterId=52f3dcc7-e7bb-4419-b8a9-9cfb2a6f8b9e
2025-06-30 20:07:22,530 INFO  - Fetched company for recruiterId=52f3dcc7-e7bb-4419-b8a9-9cfb2a6f8b9e
2025-06-30 20:07:22,536 INFO  - Fetched company for recruiterId=52f3dcc7-e7bb-4419-b8a9-9cfb2a6f8b9e
2025-06-30 20:07:22,544 INFO  - Fetched company for recruiterId=52f3dcc7-e7bb-4419-b8a9-9cfb2a6f8b9e
2025-06-30 20:09:59,317 INFO  - Fetched company for recruiterId=3dc93452-07a2-4843-a650-c7faed6fc07c
2025-06-30 20:09:59,325 INFO  - Fetched company for recruiterId=3dc93452-07a2-4843-a650-c7faed6fc07c
2025-06-30 20:09:59,325 INFO  - Fetched company for recruiterId=52f3dcc7-e7bb-4419-b8a9-9cfb2a6f8b9e
2025-06-30 20:09:59,333 INFO  - Fetched company for recruiterId=3dc93452-07a2-4843-a650-c7faed6fc07c
2025-06-30 20:09:59,333 INFO  - Fetched company for recruiterId=52f3dcc7-e7bb-4419-b8a9-9cfb2a6f8b9e
2025-06-30 20:09:59,341 INFO  - Fetched company for recruiterId=52f3dcc7-e7bb-4419-b8a9-9cfb2a6f8b9e
2025-06-30 20:09:59,347 INFO  - Fetched company for recruiterId=52f3dcc7-e7bb-4419-b8a9-9cfb2a6f8b9e
2025-06-30 20:09:59,355 INFO  - Fetched company for recruiterId=52f3dcc7-e7bb-4419-b8a9-9cfb2a6f8b9e
2025-06-30 20:09:59,362 INFO  - Fetched company for recruiterId=52f3dcc7-e7bb-4419-b8a9-9cfb2a6f8b9e
2025-06-30 20:09:59,369 INFO  - Fetched company for recruiterId=52f3dcc7-e7bb-4419-b8a9-9cfb2a6f8b9e
2025-06-30 20:09:59,375 INFO  - Fetched company for recruiterId=52f3dcc7-e7bb-4419-b8a9-9cfb2a6f8b9e
2025-06-30 20:10:21,625 INFO  - Fetched all company names.
2025-06-30 20:10:21,631 INFO  - Fetched company for recruiterId=52f3dcc7-e7bb-4419-b8a9-9cfb2a6f8b9e
2025-06-30 20:10:21,643 INFO  - Fetched company for recruiterId=52f3dcc7-e7bb-4419-b8a9-9cfb2a6f8b9e
2025-06-30 20:10:21,649 INFO  - Fetched company for recruiterId=3dc93452-07a2-4843-a650-c7faed6fc07c
2025-06-30 20:10:21,662 INFO  - Fetched company for recruiterId=52f3dcc7-e7bb-4419-b8a9-9cfb2a6f8b9e
2025-06-30 20:10:21,664 INFO  - Fetched company for recruiterId=3dc93452-07a2-4843-a650-c7faed6fc07c
2025-06-30 20:10:21,678 INFO  - Fetched company for recruiterId=52f3dcc7-e7bb-4419-b8a9-9cfb2a6f8b9e
2025-06-30 20:10:21,678 INFO  - Fetched company for recruiterId=3dc93452-07a2-4843-a650-c7faed6fc07c
2025-06-30 20:10:21,692 INFO  - Fetched company for recruiterId=52f3dcc7-e7bb-4419-b8a9-9cfb2a6f8b9e
2025-06-30 20:10:21,715 INFO  - Fetched company for recruiterId=52f3dcc7-e7bb-4419-b8a9-9cfb2a6f8b9e
2025-06-30 20:10:21,734 INFO  - Fetched company for recruiterId=52f3dcc7-e7bb-4419-b8a9-9cfb2a6f8b9e
2025-06-30 20:10:21,752 INFO  - Fetched company for recruiterId=52f3dcc7-e7bb-4419-b8a9-9cfb2a6f8b9e
2025-06-30 20:21:43,196 INFO  - Fetched all company names.
2025-06-30 20:21:43,218 INFO  - Fetched company for recruiterId=3dc93452-07a2-4843-a650-c7faed6fc07c
2025-06-30 20:21:43,219 INFO  - Fetched company for recruiterId=52f3dcc7-e7bb-4419-b8a9-9cfb2a6f8b9e
2025-06-30 20:21:43,226 INFO  - Fetched company for recruiterId=52f3dcc7-e7bb-4419-b8a9-9cfb2a6f8b9e
2025-06-30 20:21:43,233 INFO  - Fetched company for recruiterId=52f3dcc7-e7bb-4419-b8a9-9cfb2a6f8b9e
2025-06-30 20:21:43,240 INFO  - Fetched company for recruiterId=52f3dcc7-e7bb-4419-b8a9-9cfb2a6f8b9e
2025-06-30 20:21:43,249 INFO  - Fetched company for recruiterId=52f3dcc7-e7bb-4419-b8a9-9cfb2a6f8b9e
2025-06-30 20:21:43,256 INFO  - Fetched company for recruiterId=52f3dcc7-e7bb-4419-b8a9-9cfb2a6f8b9e
2025-06-30 20:21:43,267 INFO  - Fetched company for recruiterId=52f3dcc7-e7bb-4419-b8a9-9cfb2a6f8b9e
2025-06-30 20:21:43,276 INFO  - Fetched company for recruiterId=52f3dcc7-e7bb-4419-b8a9-9cfb2a6f8b9e
2025-06-30 20:21:43,284 INFO  - Fetched company for recruiterId=52f3dcc7-e7bb-4419-b8a9-9cfb2a6f8b9e
2025-06-30 20:23:12,074 INFO  - Fetched all company names.
2025-06-30 20:23:12,112 INFO  - Fetched company for recruiterId=52f3dcc7-e7bb-4419-b8a9-9cfb2a6f8b9e
2025-06-30 20:23:12,112 INFO  - Fetched company for recruiterId=3dc93452-07a2-4843-a650-c7faed6fc07c
2025-06-30 20:23:12,132 INFO  - Fetched company for recruiterId=52f3dcc7-e7bb-4419-b8a9-9cfb2a6f8b9e
2025-06-30 20:23:12,140 INFO  - Fetched company for recruiterId=52f3dcc7-e7bb-4419-b8a9-9cfb2a6f8b9e
2025-06-30 20:23:12,148 INFO  - Fetched company for recruiterId=52f3dcc7-e7bb-4419-b8a9-9cfb2a6f8b9e
2025-06-30 20:23:12,158 INFO  - Fetched company for recruiterId=52f3dcc7-e7bb-4419-b8a9-9cfb2a6f8b9e
2025-06-30 20:23:12,166 INFO  - Fetched company for recruiterId=52f3dcc7-e7bb-4419-b8a9-9cfb2a6f8b9e
2025-06-30 20:23:12,171 INFO  - Fetched company for recruiterId=52f3dcc7-e7bb-4419-b8a9-9cfb2a6f8b9e
2025-06-30 20:23:12,179 INFO  - Fetched company for recruiterId=52f3dcc7-e7bb-4419-b8a9-9cfb2a6f8b9e
2025-06-30 20:23:12,185 INFO  - Fetched company for recruiterId=52f3dcc7-e7bb-4419-b8a9-9cfb2a6f8b9e
2025-06-30 20:24:21,247 INFO  - Fetched all company names.
2025-06-30 20:24:21,266 INFO  - Fetched company for recruiterId=52f3dcc7-e7bb-4419-b8a9-9cfb2a6f8b9e
2025-06-30 20:24:21,266 INFO  - Fetched company for recruiterId=3dc93452-07a2-4843-a650-c7faed6fc07c
2025-06-30 20:24:21,274 INFO  - Fetched company for recruiterId=52f3dcc7-e7bb-4419-b8a9-9cfb2a6f8b9e
2025-06-30 20:24:21,281 INFO  - Fetched company for recruiterId=52f3dcc7-e7bb-4419-b8a9-9cfb2a6f8b9e
2025-06-30 20:24:21,288 INFO  - Fetched company for recruiterId=52f3dcc7-e7bb-4419-b8a9-9cfb2a6f8b9e
2025-06-30 20:24:21,295 INFO  - Fetched company for recruiterId=52f3dcc7-e7bb-4419-b8a9-9cfb2a6f8b9e
2025-06-30 20:24:21,302 INFO  - Fetched company for recruiterId=52f3dcc7-e7bb-4419-b8a9-9cfb2a6f8b9e
2025-06-30 20:24:21,310 INFO  - Fetched company for recruiterId=52f3dcc7-e7bb-4419-b8a9-9cfb2a6f8b9e
2025-06-30 20:24:21,320 INFO  - Fetched company for recruiterId=52f3dcc7-e7bb-4419-b8a9-9cfb2a6f8b9e
2025-06-30 20:24:21,327 INFO  - Fetched company for recruiterId=52f3dcc7-e7bb-4419-b8a9-9cfb2a6f8b9e
2025-06-30 20:24:31,438 INFO  - Fetched all company names.
2025-06-30 20:24:31,450 INFO  - Fetched company for recruiterId=52f3dcc7-e7bb-4419-b8a9-9cfb2a6f8b9e
2025-06-30 20:24:31,450 INFO  - Fetched company for recruiterId=3dc93452-07a2-4843-a650-c7faed6fc07c
2025-06-30 20:24:31,457 INFO  - Fetched company for recruiterId=52f3dcc7-e7bb-4419-b8a9-9cfb2a6f8b9e
2025-06-30 20:24:31,467 INFO  - Fetched company for recruiterId=52f3dcc7-e7bb-4419-b8a9-9cfb2a6f8b9e
2025-06-30 20:24:31,473 INFO  - Fetched company for recruiterId=52f3dcc7-e7bb-4419-b8a9-9cfb2a6f8b9e
2025-06-30 20:24:31,481 INFO  - Fetched company for recruiterId=52f3dcc7-e7bb-4419-b8a9-9cfb2a6f8b9e
2025-06-30 20:24:31,490 INFO  - Fetched company for recruiterId=52f3dcc7-e7bb-4419-b8a9-9cfb2a6f8b9e
2025-06-30 20:24:31,501 INFO  - Fetched company for recruiterId=52f3dcc7-e7bb-4419-b8a9-9cfb2a6f8b9e
2025-06-30 20:24:31,511 INFO  - Fetched company for recruiterId=52f3dcc7-e7bb-4419-b8a9-9cfb2a6f8b9e
2025-06-30 20:24:31,518 INFO  - Fetched company for recruiterId=52f3dcc7-e7bb-4419-b8a9-9cfb2a6f8b9e
2025-06-30 20:24:33,385 INFO  - Fetched company for recruiterId=52f3dcc7-e7bb-4419-b8a9-9cfb2a6f8b9e
2025-06-30 20:24:33,397 INFO  - Fetched company for recruiterId=52f3dcc7-e7bb-4419-b8a9-9cfb2a6f8b9e
2025-06-30 20:24:33,403 INFO  - Fetched company for recruiterId=52f3dcc7-e7bb-4419-b8a9-9cfb2a6f8b9e
2025-06-30 20:24:33,409 INFO  - Fetched company for recruiterId=52f3dcc7-e7bb-4419-b8a9-9cfb2a6f8b9e
2025-06-30 20:24:33,416 INFO  - Fetched company for recruiterId=52f3dcc7-e7bb-4419-b8a9-9cfb2a6f8b9e
2025-06-30 20:24:34,963 INFO  - Fetched all company names.
2025-06-30 20:24:34,980 INFO  - Fetched company for recruiterId=52f3dcc7-e7bb-4419-b8a9-9cfb2a6f8b9e
2025-06-30 20:24:34,983 INFO  - Fetched company for recruiterId=3dc93452-07a2-4843-a650-c7faed6fc07c
2025-06-30 20:24:34,987 INFO  - Fetched company for recruiterId=52f3dcc7-e7bb-4419-b8a9-9cfb2a6f8b9e
2025-06-30 20:24:34,994 INFO  - Fetched company for recruiterId=52f3dcc7-e7bb-4419-b8a9-9cfb2a6f8b9e
2025-06-30 20:24:35,001 INFO  - Fetched company for recruiterId=52f3dcc7-e7bb-4419-b8a9-9cfb2a6f8b9e
2025-06-30 20:24:35,016 INFO  - Fetched company for recruiterId=52f3dcc7-e7bb-4419-b8a9-9cfb2a6f8b9e
2025-06-30 20:24:35,023 INFO  - Fetched company for recruiterId=52f3dcc7-e7bb-4419-b8a9-9cfb2a6f8b9e
2025-06-30 20:24:35,032 INFO  - Fetched company for recruiterId=52f3dcc7-e7bb-4419-b8a9-9cfb2a6f8b9e
2025-06-30 20:24:35,039 INFO  - Fetched company for recruiterId=52f3dcc7-e7bb-4419-b8a9-9cfb2a6f8b9e
2025-06-30 20:24:35,046 INFO  - Fetched company for recruiterId=52f3dcc7-e7bb-4419-b8a9-9cfb2a6f8b9e
2025-06-30 20:26:31,580 INFO  - User logged in: muthu@gmail.com
2025-06-30 20:26:35,073 INFO  - Fetched company for recruiterId=52f3dcc7-e7bb-4419-b8a9-9cfb2a6f8b9e
2025-06-30 20:26:35,083 INFO  - Fetched company for recruiterId=52f3dcc7-e7bb-4419-b8a9-9cfb2a6f8b9e
2025-06-30 20:26:35,091 INFO  - Fetched company for recruiterId=52f3dcc7-e7bb-4419-b8a9-9cfb2a6f8b9e
2025-06-30 20:26:35,100 INFO  - Fetched company for recruiterId=52f3dcc7-e7bb-4419-b8a9-9cfb2a6f8b9e
2025-06-30 20:26:35,107 INFO  - Fetched company for recruiterId=52f3dcc7-e7bb-4419-b8a9-9cfb2a6f8b9e
2025-06-30 20:26:35,515 INFO  - Fetched company for recruiterId=52f3dcc7-e7bb-4419-b8a9-9cfb2a6f8b9e
2025-06-30 20:26:35,521 INFO  - Fetched company for recruiterId=52f3dcc7-e7bb-4419-b8a9-9cfb2a6f8b9e
2025-06-30 20:26:35,527 INFO  - Fetched company for recruiterId=52f3dcc7-e7bb-4419-b8a9-9cfb2a6f8b9e
2025-06-30 20:26:35,536 INFO  - Fetched company for recruiterId=52f3dcc7-e7bb-4419-b8a9-9cfb2a6f8b9e
2025-06-30 20:26:35,541 INFO  - Fetched company for recruiterId=52f3dcc7-e7bb-4419-b8a9-9cfb2a6f8b9e
2025-06-30 20:26:35,548 INFO  - Fetched company for recruiterId=52f3dcc7-e7bb-4419-b8a9-9cfb2a6f8b9e
2025-06-30 20:26:35,556 INFO  - Fetched company for recruiterId=52f3dcc7-e7bb-4419-b8a9-9cfb2a6f8b9e
2025-06-30 20:26:35,565 INFO  - Fetched company for recruiterId=52f3dcc7-e7bb-4419-b8a9-9cfb2a6f8b9e
2025-06-30 20:26:35,574 INFO  - Fetched company for recruiterId=52f3dcc7-e7bb-4419-b8a9-9cfb2a6f8b9e
2025-06-30 20:26:35,586 INFO  - Fetched company for recruiterId=52f3dcc7-e7bb-4419-b8a9-9cfb2a6f8b9e
2025-06-30 20:27:06,532 INFO  - Fetched all company names.
2025-06-30 20:27:06,770 INFO  - Fetched company for recruiterId=52f3dcc7-e7bb-4419-b8a9-9cfb2a6f8b9e
2025-06-30 20:27:06,770 INFO  - Fetched company for recruiterId=3dc93452-07a2-4843-a650-c7faed6fc07c
2025-06-30 20:27:06,816 INFO  - Fetched company for recruiterId=52f3dcc7-e7bb-4419-b8a9-9cfb2a6f8b9e
2025-06-30 20:27:06,827 INFO  - Fetched company for recruiterId=52f3dcc7-e7bb-4419-b8a9-9cfb2a6f8b9e
2025-06-30 20:27:06,839 INFO  - Fetched company for recruiterId=52f3dcc7-e7bb-4419-b8a9-9cfb2a6f8b9e
2025-06-30 20:27:06,851 INFO  - Fetched company for recruiterId=52f3dcc7-e7bb-4419-b8a9-9cfb2a6f8b9e
2025-06-30 20:27:06,862 INFO  - Fetched company for recruiterId=52f3dcc7-e7bb-4419-b8a9-9cfb2a6f8b9e
2025-06-30 20:27:06,873 INFO  - Fetched company for recruiterId=52f3dcc7-e7bb-4419-b8a9-9cfb2a6f8b9e
2025-06-30 20:27:06,891 INFO  - Fetched company for recruiterId=52f3dcc7-e7bb-4419-b8a9-9cfb2a6f8b9e
2025-06-30 20:27:06,901 INFO  - Fetched company for recruiterId=52f3dcc7-e7bb-4419-b8a9-9cfb2a6f8b9e
2025-06-30 20:27:09,541 INFO  - Fetched company for recruiterId=52f3dcc7-e7bb-4419-b8a9-9cfb2a6f8b9e
2025-06-30 20:27:09,551 INFO  - Fetched company for recruiterId=52f3dcc7-e7bb-4419-b8a9-9cfb2a6f8b9e
2025-06-30 20:27:09,560 INFO  - Fetched company for recruiterId=52f3dcc7-e7bb-4419-b8a9-9cfb2a6f8b9e
2025-06-30 20:27:09,572 INFO  - Fetched company for recruiterId=52f3dcc7-e7bb-4419-b8a9-9cfb2a6f8b9e
2025-06-30 20:27:09,583 INFO  - Fetched company for recruiterId=52f3dcc7-e7bb-4419-b8a9-9cfb2a6f8b9e
2025-06-30 20:27:09,596 INFO  - Fetched company for recruiterId=52f3dcc7-e7bb-4419-b8a9-9cfb2a6f8b9e
2025-06-30 20:27:09,608 INFO  - Fetched company for recruiterId=52f3dcc7-e7bb-4419-b8a9-9cfb2a6f8b9e
2025-06-30 20:27:09,619 INFO  - Fetched company for recruiterId=52f3dcc7-e7bb-4419-b8a9-9cfb2a6f8b9e
2025-06-30 20:27:09,629 INFO  - Fetched company for recruiterId=52f3dcc7-e7bb-4419-b8a9-9cfb2a6f8b9e
2025-06-30 20:27:09,641 INFO  - Fetched company for recruiterId=52f3dcc7-e7bb-4419-b8a9-9cfb2a6f8b9e
2025-06-30 20:27:33,629 INFO  - Fetched company for recruiterId=3dc93452-07a2-4843-a650-c7faed6fc07c
2025-06-30 20:27:33,637 INFO  - Fetched company for recruiterId=52f3dcc7-e7bb-4419-b8a9-9cfb2a6f8b9e
2025-06-30 20:27:33,643 INFO  - Fetched company for recruiterId=3dc93452-07a2-4843-a650-c7faed6fc07c
2025-06-30 20:27:33,651 INFO  - Fetched company for recruiterId=52f3dcc7-e7bb-4419-b8a9-9cfb2a6f8b9e
2025-06-30 20:27:33,669 INFO  - Fetched company for recruiterId=52f3dcc7-e7bb-4419-b8a9-9cfb2a6f8b9e
2025-06-30 20:27:33,683 INFO  - Fetched company for recruiterId=52f3dcc7-e7bb-4419-b8a9-9cfb2a6f8b9e
2025-06-30 20:27:33,704 INFO  - Fetched company for recruiterId=52f3dcc7-e7bb-4419-b8a9-9cfb2a6f8b9e
2025-06-30 20:27:33,715 INFO  - Fetched company for recruiterId=52f3dcc7-e7bb-4419-b8a9-9cfb2a6f8b9e
2025-06-30 20:29:55,437 INFO  - Fetched company for recruiterId=52f3dcc7-e7bb-4419-b8a9-9cfb2a6f8b9e
2025-06-30 20:29:55,460 INFO  - Fetched company for recruiterId=52f3dcc7-e7bb-4419-b8a9-9cfb2a6f8b9e
2025-06-30 20:29:55,470 INFO  - Fetched company for recruiterId=52f3dcc7-e7bb-4419-b8a9-9cfb2a6f8b9e
2025-06-30 20:29:55,482 INFO  - Fetched company for recruiterId=52f3dcc7-e7bb-4419-b8a9-9cfb2a6f8b9e
2025-06-30 20:29:55,497 INFO  - Fetched company for recruiterId=52f3dcc7-e7bb-4419-b8a9-9cfb2a6f8b9e
2025-06-30 20:29:55,505 INFO  - Fetched company for recruiterId=52f3dcc7-e7bb-4419-b8a9-9cfb2a6f8b9e
2025-06-30 20:29:55,515 INFO  - Fetched company for recruiterId=52f3dcc7-e7bb-4419-b8a9-9cfb2a6f8b9e
2025-06-30 20:29:55,528 INFO  - Fetched company for recruiterId=52f3dcc7-e7bb-4419-b8a9-9cfb2a6f8b9e
2025-06-30 20:29:55,539 INFO  - Fetched company for recruiterId=52f3dcc7-e7bb-4419-b8a9-9cfb2a6f8b9e
2025-06-30 20:29:55,551 INFO  - Fetched company for recruiterId=52f3dcc7-e7bb-4419-b8a9-9cfb2a6f8b9e
2025-06-30 20:33:31,160 INFO  - Fetched company for recruiterId=52f3dcc7-e7bb-4419-b8a9-9cfb2a6f8b9e
2025-06-30 20:33:31,167 INFO  - Fetched company for recruiterId=52f3dcc7-e7bb-4419-b8a9-9cfb2a6f8b9e
2025-06-30 20:33:31,185 INFO  - Fetched company for recruiterId=52f3dcc7-e7bb-4419-b8a9-9cfb2a6f8b9e
2025-06-30 20:33:31,196 INFO  - Fetched company for recruiterId=52f3dcc7-e7bb-4419-b8a9-9cfb2a6f8b9e
2025-06-30 20:33:31,204 INFO  - Fetched company for recruiterId=52f3dcc7-e7bb-4419-b8a9-9cfb2a6f8b9e
2025-06-30 20:33:31,212 INFO  - Fetched company for recruiterId=52f3dcc7-e7bb-4419-b8a9-9cfb2a6f8b9e
2025-06-30 20:33:31,220 INFO  - Fetched company for recruiterId=52f3dcc7-e7bb-4419-b8a9-9cfb2a6f8b9e
2025-06-30 20:33:31,232 INFO  - Fetched company for recruiterId=52f3dcc7-e7bb-4419-b8a9-9cfb2a6f8b9e
2025-06-30 20:33:31,242 INFO  - Fetched company for recruiterId=52f3dcc7-e7bb-4419-b8a9-9cfb2a6f8b9e
2025-06-30 20:33:31,253 INFO  - Fetched company for recruiterId=52f3dcc7-e7bb-4419-b8a9-9cfb2a6f8b9e
2025-06-30 20:33:34,948 INFO  - Fetched company for recruiterId=52f3dcc7-e7bb-4419-b8a9-9cfb2a6f8b9e
2025-06-30 20:33:34,958 INFO  - Fetched company for recruiterId=52f3dcc7-e7bb-4419-b8a9-9cfb2a6f8b9e
2025-06-30 20:33:34,964 INFO  - Fetched company for recruiterId=52f3dcc7-e7bb-4419-b8a9-9cfb2a6f8b9e
2025-06-30 20:33:34,973 INFO  - Fetched company for recruiterId=52f3dcc7-e7bb-4419-b8a9-9cfb2a6f8b9e
2025-06-30 20:33:34,984 INFO  - Fetched company for recruiterId=52f3dcc7-e7bb-4419-b8a9-9cfb2a6f8b9e
2025-06-30 20:33:34,992 INFO  - Fetched company for recruiterId=52f3dcc7-e7bb-4419-b8a9-9cfb2a6f8b9e
2025-06-30 20:33:34,999 INFO  - Fetched company for recruiterId=52f3dcc7-e7bb-4419-b8a9-9cfb2a6f8b9e
2025-06-30 20:33:35,007 INFO  - Fetched company for recruiterId=52f3dcc7-e7bb-4419-b8a9-9cfb2a6f8b9e
2025-06-30 20:33:35,025 INFO  - Fetched company for recruiterId=52f3dcc7-e7bb-4419-b8a9-9cfb2a6f8b9e
2025-06-30 20:33:35,031 INFO  - Fetched company for recruiterId=52f3dcc7-e7bb-4419-b8a9-9cfb2a6f8b9e
2025-06-30 20:33:40,844 INFO  - Fetched company for recruiterId=52f3dcc7-e7bb-4419-b8a9-9cfb2a6f8b9e
2025-06-30 20:33:40,849 INFO  - Fetched company for recruiterId=52f3dcc7-e7bb-4419-b8a9-9cfb2a6f8b9e
2025-06-30 20:33:40,855 INFO  - Fetched company for recruiterId=52f3dcc7-e7bb-4419-b8a9-9cfb2a6f8b9e
2025-06-30 20:33:40,861 INFO  - Fetched company for recruiterId=52f3dcc7-e7bb-4419-b8a9-9cfb2a6f8b9e
2025-06-30 20:33:40,866 INFO  - Fetched company for recruiterId=52f3dcc7-e7bb-4419-b8a9-9cfb2a6f8b9e
2025-06-30 20:33:40,872 INFO  - Fetched company for recruiterId=52f3dcc7-e7bb-4419-b8a9-9cfb2a6f8b9e
2025-06-30 20:33:40,879 INFO  - Fetched company for recruiterId=52f3dcc7-e7bb-4419-b8a9-9cfb2a6f8b9e
2025-06-30 20:33:40,884 INFO  - Fetched company for recruiterId=52f3dcc7-e7bb-4419-b8a9-9cfb2a6f8b9e
2025-06-30 20:33:40,890 INFO  - Fetched company for recruiterId=52f3dcc7-e7bb-4419-b8a9-9cfb2a6f8b9e
2025-06-30 20:33:40,896 INFO  - Fetched company for recruiterId=52f3dcc7-e7bb-4419-b8a9-9cfb2a6f8b9e
2025-06-30 20:34:46,835 INFO  - Fetched company for recruiterId=52f3dcc7-e7bb-4419-b8a9-9cfb2a6f8b9e
2025-06-30 20:34:46,841 INFO  - Fetched company for recruiterId=52f3dcc7-e7bb-4419-b8a9-9cfb2a6f8b9e
2025-06-30 20:34:46,850 INFO  - Fetched company for recruiterId=52f3dcc7-e7bb-4419-b8a9-9cfb2a6f8b9e
2025-06-30 20:34:46,855 INFO  - Fetched company for recruiterId=52f3dcc7-e7bb-4419-b8a9-9cfb2a6f8b9e
2025-06-30 20:34:46,925 INFO  - Fetched company for recruiterId=52f3dcc7-e7bb-4419-b8a9-9cfb2a6f8b9e
2025-06-30 20:34:46,931 INFO  - Fetched company for recruiterId=52f3dcc7-e7bb-4419-b8a9-9cfb2a6f8b9e
2025-06-30 20:34:46,936 INFO  - Fetched company for recruiterId=52f3dcc7-e7bb-4419-b8a9-9cfb2a6f8b9e
2025-06-30 20:34:46,942 INFO  - Fetched company for recruiterId=52f3dcc7-e7bb-4419-b8a9-9cfb2a6f8b9e
2025-06-30 20:34:46,947 INFO  - Fetched company for recruiterId=52f3dcc7-e7bb-4419-b8a9-9cfb2a6f8b9e
2025-06-30 20:34:46,952 INFO  - Fetched company for recruiterId=52f3dcc7-e7bb-4419-b8a9-9cfb2a6f8b9e
2025-06-30 20:34:50,962 INFO  - Fetched company for recruiterId=52f3dcc7-e7bb-4419-b8a9-9cfb2a6f8b9e
2025-06-30 20:34:50,977 INFO  - Fetched company for recruiterId=52f3dcc7-e7bb-4419-b8a9-9cfb2a6f8b9e
2025-06-30 20:34:50,985 INFO  - Fetched company for recruiterId=52f3dcc7-e7bb-4419-b8a9-9cfb2a6f8b9e
2025-06-30 20:34:50,993 INFO  - Fetched company for recruiterId=52f3dcc7-e7bb-4419-b8a9-9cfb2a6f8b9e
2025-06-30 20:34:51,002 INFO  - Fetched company for recruiterId=52f3dcc7-e7bb-4419-b8a9-9cfb2a6f8b9e
2025-06-30 20:34:51,011 INFO  - Fetched company for recruiterId=52f3dcc7-e7bb-4419-b8a9-9cfb2a6f8b9e
2025-06-30 20:34:51,017 INFO  - Fetched company for recruiterId=52f3dcc7-e7bb-4419-b8a9-9cfb2a6f8b9e
2025-06-30 20:34:51,025 INFO  - Fetched company for recruiterId=52f3dcc7-e7bb-4419-b8a9-9cfb2a6f8b9e
2025-06-30 20:34:51,034 INFO  - Fetched company for recruiterId=52f3dcc7-e7bb-4419-b8a9-9cfb2a6f8b9e
2025-06-30 20:34:51,041 INFO  - Fetched company for recruiterId=52f3dcc7-e7bb-4419-b8a9-9cfb2a6f8b9e
2025-06-30 20:35:09,557 INFO  - Fetched all company names.
2025-06-30 20:35:09,606 INFO  - Fetched company for recruiterId=52f3dcc7-e7bb-4419-b8a9-9cfb2a6f8b9e
2025-06-30 20:35:09,614 INFO  - Fetched company for recruiterId=52f3dcc7-e7bb-4419-b8a9-9cfb2a6f8b9e
2025-06-30 20:35:09,621 INFO  - Fetched company for recruiterId=52f3dcc7-e7bb-4419-b8a9-9cfb2a6f8b9e
2025-06-30 20:35:09,629 INFO  - Fetched company for recruiterId=52f3dcc7-e7bb-4419-b8a9-9cfb2a6f8b9e
2025-06-30 20:35:09,634 INFO  - Fetched company for recruiterId=52f3dcc7-e7bb-4419-b8a9-9cfb2a6f8b9e
2025-06-30 20:35:09,639 INFO  - Fetched company for recruiterId=52f3dcc7-e7bb-4419-b8a9-9cfb2a6f8b9e
2025-06-30 20:35:09,646 INFO  - Fetched company for recruiterId=52f3dcc7-e7bb-4419-b8a9-9cfb2a6f8b9e
2025-06-30 20:35:09,651 INFO  - Fetched company for recruiterId=52f3dcc7-e7bb-4419-b8a9-9cfb2a6f8b9e
2025-06-30 20:35:09,656 INFO  - Fetched company for recruiterId=52f3dcc7-e7bb-4419-b8a9-9cfb2a6f8b9e
2025-06-30 20:35:09,661 INFO  - Fetched company for recruiterId=52f3dcc7-e7bb-4419-b8a9-9cfb2a6f8b9e
2025-06-30 20:35:23,680 INFO  - Fetched all company names.
2025-06-30 20:35:23,690 INFO  - Fetched company for recruiterId=52f3dcc7-e7bb-4419-b8a9-9cfb2a6f8b9e
2025-06-30 20:35:23,699 INFO  - Fetched company for recruiterId=52f3dcc7-e7bb-4419-b8a9-9cfb2a6f8b9e
2025-06-30 20:35:23,706 INFO  - Fetched company for recruiterId=52f3dcc7-e7bb-4419-b8a9-9cfb2a6f8b9e
2025-06-30 20:35:23,714 INFO  - Fetched company for recruiterId=52f3dcc7-e7bb-4419-b8a9-9cfb2a6f8b9e
2025-06-30 20:35:23,722 INFO  - Fetched company for recruiterId=52f3dcc7-e7bb-4419-b8a9-9cfb2a6f8b9e
2025-06-30 20:35:23,731 INFO  - Fetched company for recruiterId=52f3dcc7-e7bb-4419-b8a9-9cfb2a6f8b9e
2025-06-30 20:35:23,736 INFO  - Fetched company for recruiterId=52f3dcc7-e7bb-4419-b8a9-9cfb2a6f8b9e
2025-06-30 20:35:23,741 INFO  - Fetched company for recruiterId=52f3dcc7-e7bb-4419-b8a9-9cfb2a6f8b9e
2025-06-30 20:35:23,749 INFO  - Fetched company for recruiterId=52f3dcc7-e7bb-4419-b8a9-9cfb2a6f8b9e
2025-06-30 20:35:23,758 INFO  - Fetched company for recruiterId=52f3dcc7-e7bb-4419-b8a9-9cfb2a6f8b9e
2025-06-30 20:35:41,711 INFO  - Fetched company for recruiterId=52f3dcc7-e7bb-4419-b8a9-9cfb2a6f8b9e
2025-06-30 20:35:41,719 INFO  - Fetched company for recruiterId=52f3dcc7-e7bb-4419-b8a9-9cfb2a6f8b9e
2025-06-30 20:35:41,725 INFO  - Fetched company for recruiterId=52f3dcc7-e7bb-4419-b8a9-9cfb2a6f8b9e
2025-06-30 20:35:41,731 INFO  - Fetched company for recruiterId=52f3dcc7-e7bb-4419-b8a9-9cfb2a6f8b9e
2025-06-30 20:35:41,739 INFO  - Fetched company for recruiterId=52f3dcc7-e7bb-4419-b8a9-9cfb2a6f8b9e
2025-06-30 20:35:41,747 INFO  - Fetched company for recruiterId=52f3dcc7-e7bb-4419-b8a9-9cfb2a6f8b9e
2025-06-30 20:35:41,762 INFO  - Fetched company for recruiterId=52f3dcc7-e7bb-4419-b8a9-9cfb2a6f8b9e
2025-06-30 20:35:41,768 INFO  - Fetched company for recruiterId=52f3dcc7-e7bb-4419-b8a9-9cfb2a6f8b9e
2025-06-30 20:35:41,774 INFO  - Fetched company for recruiterId=52f3dcc7-e7bb-4419-b8a9-9cfb2a6f8b9e
2025-06-30 20:35:41,783 INFO  - Fetched company for recruiterId=52f3dcc7-e7bb-4419-b8a9-9cfb2a6f8b9e
2025-06-30 20:36:14,418 INFO  - Fetched all company names.
2025-06-30 20:36:17,794 INFO  - Fetched company for recruiterId=52f3dcc7-e7bb-4419-b8a9-9cfb2a6f8b9e
2025-06-30 20:36:17,799 INFO  - Fetched company for recruiterId=52f3dcc7-e7bb-4419-b8a9-9cfb2a6f8b9e
2025-06-30 20:36:17,804 INFO  - Fetched company for recruiterId=52f3dcc7-e7bb-4419-b8a9-9cfb2a6f8b9e
2025-06-30 20:36:17,809 INFO  - Fetched company for recruiterId=52f3dcc7-e7bb-4419-b8a9-9cfb2a6f8b9e
2025-06-30 20:36:17,816 INFO  - Fetched company for recruiterId=52f3dcc7-e7bb-4419-b8a9-9cfb2a6f8b9e
2025-06-30 20:36:17,822 INFO  - Fetched company for recruiterId=52f3dcc7-e7bb-4419-b8a9-9cfb2a6f8b9e
2025-06-30 20:36:17,828 INFO  - Fetched company for recruiterId=52f3dcc7-e7bb-4419-b8a9-9cfb2a6f8b9e
2025-06-30 20:36:17,836 INFO  - Fetched company for recruiterId=52f3dcc7-e7bb-4419-b8a9-9cfb2a6f8b9e
2025-06-30 20:36:17,845 INFO  - Fetched company for recruiterId=52f3dcc7-e7bb-4419-b8a9-9cfb2a6f8b9e
2025-06-30 20:36:17,853 INFO  - Fetched company for recruiterId=52f3dcc7-e7bb-4419-b8a9-9cfb2a6f8b9e
2025-06-30 20:36:22,428 INFO  - Fetched all company names.
2025-06-30 20:36:22,434 INFO  - Fetched company for recruiterId=52f3dcc7-e7bb-4419-b8a9-9cfb2a6f8b9e
2025-06-30 20:36:22,439 INFO  - Fetched company for recruiterId=52f3dcc7-e7bb-4419-b8a9-9cfb2a6f8b9e
2025-06-30 20:36:22,444 INFO  - Fetched company for recruiterId=52f3dcc7-e7bb-4419-b8a9-9cfb2a6f8b9e
2025-06-30 20:36:22,450 INFO  - Fetched company for recruiterId=52f3dcc7-e7bb-4419-b8a9-9cfb2a6f8b9e
2025-06-30 20:36:22,455 INFO  - Fetched company for recruiterId=52f3dcc7-e7bb-4419-b8a9-9cfb2a6f8b9e
2025-06-30 20:36:22,460 INFO  - Fetched company for recruiterId=52f3dcc7-e7bb-4419-b8a9-9cfb2a6f8b9e
2025-06-30 20:36:22,466 INFO  - Fetched company for recruiterId=52f3dcc7-e7bb-4419-b8a9-9cfb2a6f8b9e
2025-06-30 20:36:22,471 INFO  - Fetched company for recruiterId=52f3dcc7-e7bb-4419-b8a9-9cfb2a6f8b9e
2025-06-30 20:36:22,476 INFO  - Fetched company for recruiterId=52f3dcc7-e7bb-4419-b8a9-9cfb2a6f8b9e
2025-06-30 20:36:22,481 INFO  - Fetched company for recruiterId=52f3dcc7-e7bb-4419-b8a9-9cfb2a6f8b9e
2025-06-30 20:36:31,300 INFO  - Fetched all company names.
2025-06-30 20:36:31,303 INFO  - Fetched company for recruiterId=52f3dcc7-e7bb-4419-b8a9-9cfb2a6f8b9e
2025-06-30 20:36:31,308 INFO  - Fetched company for recruiterId=52f3dcc7-e7bb-4419-b8a9-9cfb2a6f8b9e
2025-06-30 20:36:31,315 INFO  - Fetched company for recruiterId=52f3dcc7-e7bb-4419-b8a9-9cfb2a6f8b9e
2025-06-30 20:36:31,322 INFO  - Fetched company for recruiterId=52f3dcc7-e7bb-4419-b8a9-9cfb2a6f8b9e
2025-06-30 20:36:31,329 INFO  - Fetched company for recruiterId=52f3dcc7-e7bb-4419-b8a9-9cfb2a6f8b9e
2025-06-30 20:36:31,336 INFO  - Fetched company for recruiterId=52f3dcc7-e7bb-4419-b8a9-9cfb2a6f8b9e
2025-06-30 20:36:31,342 INFO  - Fetched company for recruiterId=52f3dcc7-e7bb-4419-b8a9-9cfb2a6f8b9e
2025-06-30 20:36:31,348 INFO  - Fetched company for recruiterId=52f3dcc7-e7bb-4419-b8a9-9cfb2a6f8b9e
2025-06-30 20:36:31,355 INFO  - Fetched company for recruiterId=52f3dcc7-e7bb-4419-b8a9-9cfb2a6f8b9e
2025-06-30 20:36:31,362 INFO  - Fetched company for recruiterId=52f3dcc7-e7bb-4419-b8a9-9cfb2a6f8b9e
2025-06-30 20:38:40,713 INFO  - Fetched all company names.
2025-06-30 20:38:40,717 INFO  - Fetched company for recruiterId=52f3dcc7-e7bb-4419-b8a9-9cfb2a6f8b9e
2025-06-30 20:38:40,724 INFO  - Fetched company for recruiterId=52f3dcc7-e7bb-4419-b8a9-9cfb2a6f8b9e
2025-06-30 20:38:40,729 INFO  - Fetched company for recruiterId=52f3dcc7-e7bb-4419-b8a9-9cfb2a6f8b9e
2025-06-30 20:38:40,736 INFO  - Fetched company for recruiterId=52f3dcc7-e7bb-4419-b8a9-9cfb2a6f8b9e
2025-06-30 20:38:40,742 INFO  - Fetched company for recruiterId=52f3dcc7-e7bb-4419-b8a9-9cfb2a6f8b9e
2025-06-30 20:38:40,747 INFO  - Fetched company for recruiterId=52f3dcc7-e7bb-4419-b8a9-9cfb2a6f8b9e
2025-06-30 20:38:40,753 INFO  - Fetched company for recruiterId=52f3dcc7-e7bb-4419-b8a9-9cfb2a6f8b9e
2025-06-30 20:38:40,758 INFO  - Fetched company for recruiterId=52f3dcc7-e7bb-4419-b8a9-9cfb2a6f8b9e
2025-06-30 20:38:40,764 INFO  - Fetched company for recruiterId=52f3dcc7-e7bb-4419-b8a9-9cfb2a6f8b9e
2025-06-30 20:38:40,771 INFO  - Fetched company for recruiterId=52f3dcc7-e7bb-4419-b8a9-9cfb2a6f8b9e
2025-06-30 20:38:43,478 INFO  - Fetched all company names.
2025-06-30 20:38:43,483 INFO  - Fetched company for recruiterId=52f3dcc7-e7bb-4419-b8a9-9cfb2a6f8b9e
2025-06-30 20:38:43,495 INFO  - Fetched company for recruiterId=52f3dcc7-e7bb-4419-b8a9-9cfb2a6f8b9e
2025-06-30 20:38:43,513 INFO  - Fetched company for recruiterId=52f3dcc7-e7bb-4419-b8a9-9cfb2a6f8b9e
2025-06-30 20:38:43,536 INFO  - Fetched company for recruiterId=52f3dcc7-e7bb-4419-b8a9-9cfb2a6f8b9e
2025-06-30 20:38:43,553 INFO  - Fetched company for recruiterId=52f3dcc7-e7bb-4419-b8a9-9cfb2a6f8b9e
2025-06-30 20:38:43,568 INFO  - Fetched company for recruiterId=52f3dcc7-e7bb-4419-b8a9-9cfb2a6f8b9e
2025-06-30 20:38:43,606 INFO  - Fetched company for recruiterId=52f3dcc7-e7bb-4419-b8a9-9cfb2a6f8b9e
2025-06-30 20:38:43,623 INFO  - Fetched company for recruiterId=52f3dcc7-e7bb-4419-b8a9-9cfb2a6f8b9e
2025-06-30 20:38:43,639 INFO  - Fetched company for recruiterId=52f3dcc7-e7bb-4419-b8a9-9cfb2a6f8b9e
2025-06-30 20:38:43,654 INFO  - Fetched company for recruiterId=52f3dcc7-e7bb-4419-b8a9-9cfb2a6f8b9e
2025-06-30 20:38:50,652 INFO  - Fetched all company names.
2025-06-30 20:38:50,658 INFO  - Fetched company for recruiterId=52f3dcc7-e7bb-4419-b8a9-9cfb2a6f8b9e
2025-06-30 20:38:50,665 INFO  - Fetched company for recruiterId=52f3dcc7-e7bb-4419-b8a9-9cfb2a6f8b9e
2025-06-30 20:38:50,672 INFO  - Fetched company for recruiterId=52f3dcc7-e7bb-4419-b8a9-9cfb2a6f8b9e
2025-06-30 20:38:50,736 INFO  - Fetched company for recruiterId=52f3dcc7-e7bb-4419-b8a9-9cfb2a6f8b9e
2025-06-30 20:38:50,760 INFO  - Fetched company for recruiterId=52f3dcc7-e7bb-4419-b8a9-9cfb2a6f8b9e
2025-06-30 20:38:50,766 INFO  - Fetched company for recruiterId=52f3dcc7-e7bb-4419-b8a9-9cfb2a6f8b9e
2025-06-30 20:38:50,771 INFO  - Fetched company for recruiterId=52f3dcc7-e7bb-4419-b8a9-9cfb2a6f8b9e
2025-06-30 20:38:50,776 INFO  - Fetched company for recruiterId=52f3dcc7-e7bb-4419-b8a9-9cfb2a6f8b9e
2025-06-30 20:38:50,781 INFO  - Fetched company for recruiterId=52f3dcc7-e7bb-4419-b8a9-9cfb2a6f8b9e
2025-06-30 20:38:50,787 INFO  - Fetched company for recruiterId=52f3dcc7-e7bb-4419-b8a9-9cfb2a6f8b9e
2025-06-30 20:38:54,267 INFO  - Fetched all company names.
2025-06-30 20:38:54,271 INFO  - Fetched company for recruiterId=52f3dcc7-e7bb-4419-b8a9-9cfb2a6f8b9e
2025-06-30 20:38:54,277 INFO  - Fetched company for recruiterId=52f3dcc7-e7bb-4419-b8a9-9cfb2a6f8b9e
2025-06-30 20:38:54,285 INFO  - Fetched company for recruiterId=52f3dcc7-e7bb-4419-b8a9-9cfb2a6f8b9e
2025-06-30 20:38:54,295 INFO  - Fetched company for recruiterId=52f3dcc7-e7bb-4419-b8a9-9cfb2a6f8b9e
2025-06-30 20:38:54,302 INFO  - Fetched company for recruiterId=52f3dcc7-e7bb-4419-b8a9-9cfb2a6f8b9e
2025-06-30 20:38:54,309 INFO  - Fetched company for recruiterId=52f3dcc7-e7bb-4419-b8a9-9cfb2a6f8b9e
2025-06-30 20:38:54,317 INFO  - Fetched company for recruiterId=52f3dcc7-e7bb-4419-b8a9-9cfb2a6f8b9e
2025-06-30 20:38:54,323 INFO  - Fetched company for recruiterId=52f3dcc7-e7bb-4419-b8a9-9cfb2a6f8b9e
2025-06-30 20:38:54,330 INFO  - Fetched company for recruiterId=52f3dcc7-e7bb-4419-b8a9-9cfb2a6f8b9e
2025-06-30 20:38:54,337 INFO  - Fetched company for recruiterId=52f3dcc7-e7bb-4419-b8a9-9cfb2a6f8b9e
2025-06-30 20:39:00,499 INFO  - Fetched all company names.
2025-06-30 20:39:00,503 INFO  - Fetched company for recruiterId=52f3dcc7-e7bb-4419-b8a9-9cfb2a6f8b9e
2025-06-30 20:39:00,512 INFO  - Fetched company for recruiterId=52f3dcc7-e7bb-4419-b8a9-9cfb2a6f8b9e
2025-06-30 20:39:00,522 INFO  - Fetched company for recruiterId=52f3dcc7-e7bb-4419-b8a9-9cfb2a6f8b9e
2025-06-30 20:39:00,528 INFO  - Fetched company for recruiterId=52f3dcc7-e7bb-4419-b8a9-9cfb2a6f8b9e
2025-06-30 20:39:00,536 INFO  - Fetched company for recruiterId=52f3dcc7-e7bb-4419-b8a9-9cfb2a6f8b9e
2025-06-30 20:39:00,542 INFO  - Fetched company for recruiterId=52f3dcc7-e7bb-4419-b8a9-9cfb2a6f8b9e
2025-06-30 20:39:00,548 INFO  - Fetched company for recruiterId=52f3dcc7-e7bb-4419-b8a9-9cfb2a6f8b9e
2025-06-30 20:39:00,556 INFO  - Fetched company for recruiterId=52f3dcc7-e7bb-4419-b8a9-9cfb2a6f8b9e
2025-06-30 20:39:00,562 INFO  - Fetched company for recruiterId=52f3dcc7-e7bb-4419-b8a9-9cfb2a6f8b9e
2025-06-30 20:39:00,571 INFO  - Fetched company for recruiterId=52f3dcc7-e7bb-4419-b8a9-9cfb2a6f8b9e
2025-06-30 20:39:04,304 INFO  - Fetched all company names.
2025-06-30 20:39:04,307 INFO  - Fetched company for recruiterId=52f3dcc7-e7bb-4419-b8a9-9cfb2a6f8b9e
2025-06-30 20:39:04,312 INFO  - Fetched company for recruiterId=52f3dcc7-e7bb-4419-b8a9-9cfb2a6f8b9e
2025-06-30 20:39:04,319 INFO  - Fetched company for recruiterId=52f3dcc7-e7bb-4419-b8a9-9cfb2a6f8b9e
2025-06-30 20:39:04,327 INFO  - Fetched company for recruiterId=52f3dcc7-e7bb-4419-b8a9-9cfb2a6f8b9e
2025-06-30 20:39:04,333 INFO  - Fetched company for recruiterId=52f3dcc7-e7bb-4419-b8a9-9cfb2a6f8b9e
2025-06-30 20:39:04,342 INFO  - Fetched company for recruiterId=52f3dcc7-e7bb-4419-b8a9-9cfb2a6f8b9e
2025-06-30 20:39:04,348 INFO  - Fetched company for recruiterId=52f3dcc7-e7bb-4419-b8a9-9cfb2a6f8b9e
2025-06-30 20:39:04,354 INFO  - Fetched company for recruiterId=52f3dcc7-e7bb-4419-b8a9-9cfb2a6f8b9e
2025-06-30 20:39:04,361 INFO  - Fetched company for recruiterId=52f3dcc7-e7bb-4419-b8a9-9cfb2a6f8b9e
2025-06-30 20:39:04,367 INFO  - Fetched company for recruiterId=52f3dcc7-e7bb-4419-b8a9-9cfb2a6f8b9e
2025-06-30 20:39:15,264 INFO  - Fetched all company names.
2025-06-30 20:39:15,267 INFO  - Fetched company for recruiterId=52f3dcc7-e7bb-4419-b8a9-9cfb2a6f8b9e
2025-06-30 20:39:15,274 INFO  - Fetched company for recruiterId=52f3dcc7-e7bb-4419-b8a9-9cfb2a6f8b9e
2025-06-30 20:39:15,281 INFO  - Fetched company for recruiterId=52f3dcc7-e7bb-4419-b8a9-9cfb2a6f8b9e
2025-06-30 20:39:15,287 INFO  - Fetched company for recruiterId=52f3dcc7-e7bb-4419-b8a9-9cfb2a6f8b9e
2025-06-30 20:39:15,294 INFO  - Fetched company for recruiterId=52f3dcc7-e7bb-4419-b8a9-9cfb2a6f8b9e
2025-06-30 20:39:15,300 INFO  - Fetched company for recruiterId=52f3dcc7-e7bb-4419-b8a9-9cfb2a6f8b9e
2025-06-30 20:39:15,308 INFO  - Fetched company for recruiterId=52f3dcc7-e7bb-4419-b8a9-9cfb2a6f8b9e
2025-06-30 20:39:15,314 INFO  - Fetched company for recruiterId=52f3dcc7-e7bb-4419-b8a9-9cfb2a6f8b9e
2025-06-30 20:39:15,320 INFO  - Fetched company for recruiterId=52f3dcc7-e7bb-4419-b8a9-9cfb2a6f8b9e
2025-06-30 20:39:15,326 INFO  - Fetched company for recruiterId=52f3dcc7-e7bb-4419-b8a9-9cfb2a6f8b9e
2025-06-30 20:41:44,808 INFO  - Fetched company for recruiterId=52f3dcc7-e7bb-4419-b8a9-9cfb2a6f8b9e
2025-06-30 20:41:44,817 INFO  - Fetched company for recruiterId=52f3dcc7-e7bb-4419-b8a9-9cfb2a6f8b9e
2025-06-30 20:41:44,824 INFO  - Fetched company for recruiterId=52f3dcc7-e7bb-4419-b8a9-9cfb2a6f8b9e
2025-06-30 20:41:44,831 INFO  - Fetched company for recruiterId=52f3dcc7-e7bb-4419-b8a9-9cfb2a6f8b9e
2025-06-30 20:41:44,837 INFO  - Fetched company for recruiterId=52f3dcc7-e7bb-4419-b8a9-9cfb2a6f8b9e
2025-06-30 20:41:44,844 INFO  - Fetched company for recruiterId=52f3dcc7-e7bb-4419-b8a9-9cfb2a6f8b9e
2025-06-30 20:41:44,850 INFO  - Fetched company for recruiterId=52f3dcc7-e7bb-4419-b8a9-9cfb2a6f8b9e
2025-06-30 20:41:44,857 INFO  - Fetched company for recruiterId=52f3dcc7-e7bb-4419-b8a9-9cfb2a6f8b9e
2025-06-30 20:41:44,865 INFO  - Fetched company for recruiterId=52f3dcc7-e7bb-4419-b8a9-9cfb2a6f8b9e
2025-06-30 20:41:44,872 INFO  - Fetched company for recruiterId=52f3dcc7-e7bb-4419-b8a9-9cfb2a6f8b9e
2025-06-30 20:41:55,383 INFO  - Fetched company for recruiterId=52f3dcc7-e7bb-4419-b8a9-9cfb2a6f8b9e
2025-06-30 20:41:55,389 INFO  - Fetched company for recruiterId=52f3dcc7-e7bb-4419-b8a9-9cfb2a6f8b9e
2025-06-30 20:41:55,396 INFO  - Fetched company for recruiterId=52f3dcc7-e7bb-4419-b8a9-9cfb2a6f8b9e
2025-06-30 20:41:55,402 INFO  - Fetched company for recruiterId=52f3dcc7-e7bb-4419-b8a9-9cfb2a6f8b9e
2025-06-30 20:41:55,407 INFO  - Fetched company for recruiterId=52f3dcc7-e7bb-4419-b8a9-9cfb2a6f8b9e
2025-06-30 20:41:55,412 INFO  - Fetched company for recruiterId=52f3dcc7-e7bb-4419-b8a9-9cfb2a6f8b9e
2025-06-30 20:41:55,418 INFO  - Fetched company for recruiterId=52f3dcc7-e7bb-4419-b8a9-9cfb2a6f8b9e
2025-06-30 20:41:55,427 INFO  - Fetched company for recruiterId=52f3dcc7-e7bb-4419-b8a9-9cfb2a6f8b9e
2025-06-30 20:41:55,432 INFO  - Fetched company for recruiterId=52f3dcc7-e7bb-4419-b8a9-9cfb2a6f8b9e
2025-06-30 20:41:55,439 INFO  - Fetched company for recruiterId=52f3dcc7-e7bb-4419-b8a9-9cfb2a6f8b9e
2025-06-30 20:44:06,009 INFO  - Fetched company for recruiterId=52f3dcc7-e7bb-4419-b8a9-9cfb2a6f8b9e
2025-06-30 20:44:06,034 INFO  - Fetched company for recruiterId=52f3dcc7-e7bb-4419-b8a9-9cfb2a6f8b9e
2025-06-30 20:44:06,042 INFO  - Fetched company for recruiterId=52f3dcc7-e7bb-4419-b8a9-9cfb2a6f8b9e
2025-06-30 20:44:06,053 INFO  - Fetched company for recruiterId=52f3dcc7-e7bb-4419-b8a9-9cfb2a6f8b9e
2025-06-30 20:44:06,069 INFO  - Fetched company for recruiterId=52f3dcc7-e7bb-4419-b8a9-9cfb2a6f8b9e
2025-06-30 20:44:06,084 INFO  - Fetched company for recruiterId=52f3dcc7-e7bb-4419-b8a9-9cfb2a6f8b9e
2025-06-30 20:44:06,096 INFO  - Fetched company for recruiterId=52f3dcc7-e7bb-4419-b8a9-9cfb2a6f8b9e
2025-06-30 20:44:06,109 INFO  - Fetched company for recruiterId=52f3dcc7-e7bb-4419-b8a9-9cfb2a6f8b9e
2025-06-30 20:44:06,116 INFO  - Fetched company for recruiterId=52f3dcc7-e7bb-4419-b8a9-9cfb2a6f8b9e
2025-06-30 20:44:06,128 INFO  - Fetched company for recruiterId=52f3dcc7-e7bb-4419-b8a9-9cfb2a6f8b9e
2025-06-30 20:44:50,497 INFO  - Fetched company for recruiterId=52f3dcc7-e7bb-4419-b8a9-9cfb2a6f8b9e
2025-06-30 20:44:50,528 INFO  - Fetched company for recruiterId=52f3dcc7-e7bb-4419-b8a9-9cfb2a6f8b9e
2025-06-30 20:44:50,541 INFO  - Fetched company for recruiterId=52f3dcc7-e7bb-4419-b8a9-9cfb2a6f8b9e
2025-06-30 20:44:50,551 INFO  - Fetched company for recruiterId=52f3dcc7-e7bb-4419-b8a9-9cfb2a6f8b9e
2025-06-30 20:44:50,560 INFO  - Fetched company for recruiterId=52f3dcc7-e7bb-4419-b8a9-9cfb2a6f8b9e
2025-06-30 20:44:50,568 INFO  - Fetched company for recruiterId=52f3dcc7-e7bb-4419-b8a9-9cfb2a6f8b9e
2025-06-30 20:44:50,579 INFO  - Fetched company for recruiterId=52f3dcc7-e7bb-4419-b8a9-9cfb2a6f8b9e
2025-06-30 20:44:50,591 INFO  - Fetched company for recruiterId=52f3dcc7-e7bb-4419-b8a9-9cfb2a6f8b9e
2025-06-30 20:44:50,596 INFO  - Fetched company for recruiterId=52f3dcc7-e7bb-4419-b8a9-9cfb2a6f8b9e
2025-06-30 20:44:50,612 INFO  - Fetched company for recruiterId=52f3dcc7-e7bb-4419-b8a9-9cfb2a6f8b9e
2025-06-30 20:45:06,018 INFO  - Fetched company for recruiterId=52f3dcc7-e7bb-4419-b8a9-9cfb2a6f8b9e
2025-06-30 20:45:06,023 INFO  - Fetched company for recruiterId=52f3dcc7-e7bb-4419-b8a9-9cfb2a6f8b9e
2025-06-30 20:45:06,029 INFO  - Fetched company for recruiterId=52f3dcc7-e7bb-4419-b8a9-9cfb2a6f8b9e
2025-06-30 20:45:06,035 INFO  - Fetched company for recruiterId=52f3dcc7-e7bb-4419-b8a9-9cfb2a6f8b9e
2025-06-30 20:45:06,040 INFO  - Fetched company for recruiterId=52f3dcc7-e7bb-4419-b8a9-9cfb2a6f8b9e
2025-06-30 20:45:06,049 INFO  - Fetched company for recruiterId=52f3dcc7-e7bb-4419-b8a9-9cfb2a6f8b9e
2025-06-30 20:45:06,055 INFO  - Fetched company for recruiterId=52f3dcc7-e7bb-4419-b8a9-9cfb2a6f8b9e
2025-06-30 20:45:06,060 INFO  - Fetched company for recruiterId=52f3dcc7-e7bb-4419-b8a9-9cfb2a6f8b9e
2025-06-30 20:45:06,066 INFO  - Fetched company for recruiterId=52f3dcc7-e7bb-4419-b8a9-9cfb2a6f8b9e
2025-06-30 20:45:06,072 INFO  - Fetched company for recruiterId=52f3dcc7-e7bb-4419-b8a9-9cfb2a6f8b9e
2025-06-30 20:45:13,646 INFO  - Fetched company for recruiterId=52f3dcc7-e7bb-4419-b8a9-9cfb2a6f8b9e
2025-06-30 20:45:13,652 INFO  - Fetched company for recruiterId=52f3dcc7-e7bb-4419-b8a9-9cfb2a6f8b9e
2025-06-30 20:45:13,659 INFO  - Fetched company for recruiterId=52f3dcc7-e7bb-4419-b8a9-9cfb2a6f8b9e
2025-06-30 20:45:13,670 INFO  - Fetched company for recruiterId=52f3dcc7-e7bb-4419-b8a9-9cfb2a6f8b9e
2025-06-30 20:45:13,677 INFO  - Fetched company for recruiterId=52f3dcc7-e7bb-4419-b8a9-9cfb2a6f8b9e
2025-06-30 20:45:13,682 INFO  - Fetched company for recruiterId=52f3dcc7-e7bb-4419-b8a9-9cfb2a6f8b9e
2025-06-30 20:45:13,688 INFO  - Fetched company for recruiterId=52f3dcc7-e7bb-4419-b8a9-9cfb2a6f8b9e
2025-06-30 20:45:13,696 INFO  - Fetched company for recruiterId=52f3dcc7-e7bb-4419-b8a9-9cfb2a6f8b9e
2025-06-30 20:45:13,701 INFO  - Fetched company for recruiterId=52f3dcc7-e7bb-4419-b8a9-9cfb2a6f8b9e
2025-06-30 20:45:13,711 INFO  - Fetched company for recruiterId=52f3dcc7-e7bb-4419-b8a9-9cfb2a6f8b9e
2025-06-30 20:45:17,425 INFO  - Fetched company for recruiterId=52f3dcc7-e7bb-4419-b8a9-9cfb2a6f8b9e
2025-06-30 20:45:17,434 INFO  - Fetched company for recruiterId=52f3dcc7-e7bb-4419-b8a9-9cfb2a6f8b9e
2025-06-30 20:45:17,443 INFO  - Fetched company for recruiterId=52f3dcc7-e7bb-4419-b8a9-9cfb2a6f8b9e
2025-06-30 20:45:17,451 INFO  - Fetched company for recruiterId=52f3dcc7-e7bb-4419-b8a9-9cfb2a6f8b9e
2025-06-30 20:45:17,460 INFO  - Fetched company for recruiterId=52f3dcc7-e7bb-4419-b8a9-9cfb2a6f8b9e
2025-06-30 20:45:17,467 INFO  - Fetched company for recruiterId=52f3dcc7-e7bb-4419-b8a9-9cfb2a6f8b9e
2025-06-30 20:45:17,475 INFO  - Fetched company for recruiterId=52f3dcc7-e7bb-4419-b8a9-9cfb2a6f8b9e
2025-06-30 20:45:17,482 INFO  - Fetched company for recruiterId=52f3dcc7-e7bb-4419-b8a9-9cfb2a6f8b9e
2025-06-30 20:45:17,488 INFO  - Fetched company for recruiterId=52f3dcc7-e7bb-4419-b8a9-9cfb2a6f8b9e
2025-06-30 20:45:17,495 INFO  - Fetched company for recruiterId=52f3dcc7-e7bb-4419-b8a9-9cfb2a6f8b9e
2025-06-30 20:45:19,386 INFO  - Fetched company for recruiterId=52f3dcc7-e7bb-4419-b8a9-9cfb2a6f8b9e
2025-06-30 20:45:19,392 INFO  - Fetched company for recruiterId=52f3dcc7-e7bb-4419-b8a9-9cfb2a6f8b9e
2025-06-30 20:45:19,399 INFO  - Fetched company for recruiterId=52f3dcc7-e7bb-4419-b8a9-9cfb2a6f8b9e
2025-06-30 20:45:19,424 INFO  - Fetched company for recruiterId=52f3dcc7-e7bb-4419-b8a9-9cfb2a6f8b9e
2025-06-30 20:45:19,485 INFO  - Fetched company for recruiterId=52f3dcc7-e7bb-4419-b8a9-9cfb2a6f8b9e
2025-06-30 20:45:19,490 INFO  - Fetched company for recruiterId=52f3dcc7-e7bb-4419-b8a9-9cfb2a6f8b9e
2025-06-30 20:45:19,496 INFO  - Fetched company for recruiterId=52f3dcc7-e7bb-4419-b8a9-9cfb2a6f8b9e
2025-06-30 20:45:19,503 INFO  - Fetched company for recruiterId=52f3dcc7-e7bb-4419-b8a9-9cfb2a6f8b9e
2025-06-30 20:45:19,509 INFO  - Fetched company for recruiterId=52f3dcc7-e7bb-4419-b8a9-9cfb2a6f8b9e
2025-06-30 20:45:19,515 INFO  - Fetched company for recruiterId=52f3dcc7-e7bb-4419-b8a9-9cfb2a6f8b9e
2025-06-30 20:45:41,927 INFO  - Fetched company for recruiterId=52f3dcc7-e7bb-4419-b8a9-9cfb2a6f8b9e
2025-06-30 20:45:41,935 INFO  - Fetched company for recruiterId=52f3dcc7-e7bb-4419-b8a9-9cfb2a6f8b9e
2025-06-30 20:45:41,943 INFO  - Fetched company for recruiterId=52f3dcc7-e7bb-4419-b8a9-9cfb2a6f8b9e
2025-06-30 20:45:41,950 INFO  - Fetched company for recruiterId=52f3dcc7-e7bb-4419-b8a9-9cfb2a6f8b9e
2025-06-30 20:45:41,957 INFO  - Fetched company for recruiterId=52f3dcc7-e7bb-4419-b8a9-9cfb2a6f8b9e
2025-06-30 20:45:41,965 INFO  - Fetched company for recruiterId=52f3dcc7-e7bb-4419-b8a9-9cfb2a6f8b9e
2025-06-30 20:45:41,973 INFO  - Fetched company for recruiterId=52f3dcc7-e7bb-4419-b8a9-9cfb2a6f8b9e
2025-06-30 20:45:41,979 INFO  - Fetched company for recruiterId=52f3dcc7-e7bb-4419-b8a9-9cfb2a6f8b9e
2025-06-30 20:45:41,985 INFO  - Fetched company for recruiterId=52f3dcc7-e7bb-4419-b8a9-9cfb2a6f8b9e
2025-06-30 20:45:41,992 INFO  - Fetched company for recruiterId=52f3dcc7-e7bb-4419-b8a9-9cfb2a6f8b9e
2025-06-30 20:46:00,145 INFO  - Fetched company for recruiterId=52f3dcc7-e7bb-4419-b8a9-9cfb2a6f8b9e
2025-06-30 20:46:00,165 INFO  - Fetched company for recruiterId=52f3dcc7-e7bb-4419-b8a9-9cfb2a6f8b9e
2025-06-30 20:46:00,175 INFO  - Fetched company for recruiterId=52f3dcc7-e7bb-4419-b8a9-9cfb2a6f8b9e
2025-06-30 20:46:00,186 INFO  - Fetched company for recruiterId=52f3dcc7-e7bb-4419-b8a9-9cfb2a6f8b9e
2025-06-30 20:46:00,202 INFO  - Fetched company for recruiterId=52f3dcc7-e7bb-4419-b8a9-9cfb2a6f8b9e
2025-06-30 20:46:00,218 INFO  - Fetched company for recruiterId=52f3dcc7-e7bb-4419-b8a9-9cfb2a6f8b9e
2025-06-30 20:46:00,237 INFO  - Fetched company for recruiterId=52f3dcc7-e7bb-4419-b8a9-9cfb2a6f8b9e
2025-06-30 20:46:00,250 INFO  - Fetched company for recruiterId=52f3dcc7-e7bb-4419-b8a9-9cfb2a6f8b9e
2025-06-30 20:46:00,263 INFO  - Fetched company for recruiterId=52f3dcc7-e7bb-4419-b8a9-9cfb2a6f8b9e
2025-06-30 20:46:00,270 INFO  - Fetched company for recruiterId=52f3dcc7-e7bb-4419-b8a9-9cfb2a6f8b9e
2025-06-30 20:46:14,488 INFO  - Fetched company for recruiterId=52f3dcc7-e7bb-4419-b8a9-9cfb2a6f8b9e
2025-06-30 20:46:14,494 INFO  - Fetched company for recruiterId=52f3dcc7-e7bb-4419-b8a9-9cfb2a6f8b9e
2025-06-30 20:46:14,500 INFO  - Fetched company for recruiterId=52f3dcc7-e7bb-4419-b8a9-9cfb2a6f8b9e
2025-06-30 20:46:14,506 INFO  - Fetched company for recruiterId=52f3dcc7-e7bb-4419-b8a9-9cfb2a6f8b9e
2025-06-30 20:46:14,512 INFO  - Fetched company for recruiterId=52f3dcc7-e7bb-4419-b8a9-9cfb2a6f8b9e
2025-06-30 20:46:14,518 INFO  - Fetched company for recruiterId=52f3dcc7-e7bb-4419-b8a9-9cfb2a6f8b9e
2025-06-30 20:46:14,524 INFO  - Fetched company for recruiterId=52f3dcc7-e7bb-4419-b8a9-9cfb2a6f8b9e
2025-06-30 20:46:14,534 INFO  - Fetched company for recruiterId=52f3dcc7-e7bb-4419-b8a9-9cfb2a6f8b9e
2025-06-30 20:46:14,539 INFO  - Fetched company for recruiterId=52f3dcc7-e7bb-4419-b8a9-9cfb2a6f8b9e
2025-06-30 20:46:14,547 INFO  - Fetched company for recruiterId=52f3dcc7-e7bb-4419-b8a9-9cfb2a6f8b9e
2025-06-30 20:46:15,945 INFO  - Fetched company for recruiterId=52f3dcc7-e7bb-4419-b8a9-9cfb2a6f8b9e
2025-06-30 20:46:15,952 INFO  - Fetched company for recruiterId=52f3dcc7-e7bb-4419-b8a9-9cfb2a6f8b9e
2025-06-30 20:46:15,977 INFO  - Fetched company for recruiterId=52f3dcc7-e7bb-4419-b8a9-9cfb2a6f8b9e
2025-06-30 20:46:15,983 INFO  - Fetched company for recruiterId=52f3dcc7-e7bb-4419-b8a9-9cfb2a6f8b9e
2025-06-30 20:46:15,989 INFO  - Fetched company for recruiterId=52f3dcc7-e7bb-4419-b8a9-9cfb2a6f8b9e
2025-06-30 20:46:15,995 INFO  - Fetched company for recruiterId=52f3dcc7-e7bb-4419-b8a9-9cfb2a6f8b9e
2025-06-30 20:46:16,001 INFO  - Fetched company for recruiterId=52f3dcc7-e7bb-4419-b8a9-9cfb2a6f8b9e
2025-06-30 20:46:16,006 INFO  - Fetched company for recruiterId=52f3dcc7-e7bb-4419-b8a9-9cfb2a6f8b9e
2025-06-30 20:46:16,013 INFO  - Fetched company for recruiterId=52f3dcc7-e7bb-4419-b8a9-9cfb2a6f8b9e
2025-06-30 20:46:16,018 INFO  - Fetched company for recruiterId=52f3dcc7-e7bb-4419-b8a9-9cfb2a6f8b9e
2025-06-30 20:46:19,281 INFO  - Fetched company for recruiterId=52f3dcc7-e7bb-4419-b8a9-9cfb2a6f8b9e
2025-06-30 20:46:19,291 INFO  - Fetched company for recruiterId=52f3dcc7-e7bb-4419-b8a9-9cfb2a6f8b9e
2025-06-30 20:46:19,297 INFO  - Fetched company for recruiterId=52f3dcc7-e7bb-4419-b8a9-9cfb2a6f8b9e
2025-06-30 20:46:19,303 INFO  - Fetched company for recruiterId=52f3dcc7-e7bb-4419-b8a9-9cfb2a6f8b9e
2025-06-30 20:46:19,311 INFO  - Fetched company for recruiterId=52f3dcc7-e7bb-4419-b8a9-9cfb2a6f8b9e
2025-06-30 20:46:19,320 INFO  - Fetched company for recruiterId=52f3dcc7-e7bb-4419-b8a9-9cfb2a6f8b9e
2025-06-30 20:46:19,326 INFO  - Fetched company for recruiterId=52f3dcc7-e7bb-4419-b8a9-9cfb2a6f8b9e
2025-06-30 20:46:19,336 INFO  - Fetched company for recruiterId=52f3dcc7-e7bb-4419-b8a9-9cfb2a6f8b9e
2025-06-30 20:46:19,343 INFO  - Fetched company for recruiterId=52f3dcc7-e7bb-4419-b8a9-9cfb2a6f8b9e
2025-06-30 20:46:19,350 INFO  - Fetched company for recruiterId=52f3dcc7-e7bb-4419-b8a9-9cfb2a6f8b9e
2025-06-30 20:46:27,160 INFO  - Fetched company for recruiterId=52f3dcc7-e7bb-4419-b8a9-9cfb2a6f8b9e
2025-06-30 20:46:27,167 INFO  - Fetched company for recruiterId=52f3dcc7-e7bb-4419-b8a9-9cfb2a6f8b9e
2025-06-30 20:46:27,175 INFO  - Fetched company for recruiterId=52f3dcc7-e7bb-4419-b8a9-9cfb2a6f8b9e
2025-06-30 20:46:27,183 INFO  - Fetched company for recruiterId=52f3dcc7-e7bb-4419-b8a9-9cfb2a6f8b9e
2025-06-30 20:46:27,190 INFO  - Fetched company for recruiterId=52f3dcc7-e7bb-4419-b8a9-9cfb2a6f8b9e
2025-06-30 20:46:27,196 INFO  - Fetched company for recruiterId=52f3dcc7-e7bb-4419-b8a9-9cfb2a6f8b9e
2025-06-30 20:46:27,204 INFO  - Fetched company for recruiterId=52f3dcc7-e7bb-4419-b8a9-9cfb2a6f8b9e
2025-06-30 20:46:27,210 INFO  - Fetched company for recruiterId=52f3dcc7-e7bb-4419-b8a9-9cfb2a6f8b9e
2025-06-30 20:46:27,215 INFO  - Fetched company for recruiterId=52f3dcc7-e7bb-4419-b8a9-9cfb2a6f8b9e
2025-06-30 20:46:27,220 INFO  - Fetched company for recruiterId=52f3dcc7-e7bb-4419-b8a9-9cfb2a6f8b9e
2025-06-30 20:46:33,357 INFO  - Fetched company for recruiterId=52f3dcc7-e7bb-4419-b8a9-9cfb2a6f8b9e
2025-06-30 20:46:33,362 INFO  - Fetched company for recruiterId=52f3dcc7-e7bb-4419-b8a9-9cfb2a6f8b9e
2025-06-30 20:46:33,368 INFO  - Fetched company for recruiterId=52f3dcc7-e7bb-4419-b8a9-9cfb2a6f8b9e
2025-06-30 20:46:33,373 INFO  - Fetched company for recruiterId=52f3dcc7-e7bb-4419-b8a9-9cfb2a6f8b9e
2025-06-30 20:46:33,379 INFO  - Fetched company for recruiterId=52f3dcc7-e7bb-4419-b8a9-9cfb2a6f8b9e
2025-06-30 20:46:33,385 INFO  - Fetched company for recruiterId=52f3dcc7-e7bb-4419-b8a9-9cfb2a6f8b9e
2025-06-30 20:46:33,392 INFO  - Fetched company for recruiterId=52f3dcc7-e7bb-4419-b8a9-9cfb2a6f8b9e
2025-06-30 20:46:33,399 INFO  - Fetched company for recruiterId=52f3dcc7-e7bb-4419-b8a9-9cfb2a6f8b9e
2025-06-30 20:46:33,405 INFO  - Fetched company for recruiterId=52f3dcc7-e7bb-4419-b8a9-9cfb2a6f8b9e
2025-06-30 20:46:33,412 INFO  - Fetched company for recruiterId=52f3dcc7-e7bb-4419-b8a9-9cfb2a6f8b9e
2025-06-30 20:46:37,963 INFO  - Fetched all company names.
2025-06-30 20:46:37,989 INFO  - Fetched company for recruiterId=3dc93452-07a2-4843-a650-c7faed6fc07c
2025-06-30 20:46:37,989 INFO  - Fetched company for recruiterId=52f3dcc7-e7bb-4419-b8a9-9cfb2a6f8b9e
2025-06-30 20:46:37,997 INFO  - Fetched company for recruiterId=52f3dcc7-e7bb-4419-b8a9-9cfb2a6f8b9e
2025-06-30 20:46:38,003 INFO  - Fetched company for recruiterId=52f3dcc7-e7bb-4419-b8a9-9cfb2a6f8b9e
2025-06-30 20:46:38,010 INFO  - Fetched company for recruiterId=52f3dcc7-e7bb-4419-b8a9-9cfb2a6f8b9e
2025-06-30 20:46:38,017 INFO  - Fetched company for recruiterId=52f3dcc7-e7bb-4419-b8a9-9cfb2a6f8b9e
2025-06-30 20:46:38,025 INFO  - Fetched company for recruiterId=52f3dcc7-e7bb-4419-b8a9-9cfb2a6f8b9e
2025-06-30 20:46:38,035 INFO  - Fetched company for recruiterId=52f3dcc7-e7bb-4419-b8a9-9cfb2a6f8b9e
2025-06-30 20:46:38,042 INFO  - Fetched company for recruiterId=52f3dcc7-e7bb-4419-b8a9-9cfb2a6f8b9e
2025-06-30 20:46:38,049 INFO  - Fetched company for recruiterId=52f3dcc7-e7bb-4419-b8a9-9cfb2a6f8b9e
2025-06-30 20:46:41,308 INFO  - Fetched company for recruiterId=52f3dcc7-e7bb-4419-b8a9-9cfb2a6f8b9e
2025-06-30 20:46:41,316 INFO  - Fetched company for recruiterId=52f3dcc7-e7bb-4419-b8a9-9cfb2a6f8b9e
2025-06-30 20:46:41,322 INFO  - Fetched company for recruiterId=52f3dcc7-e7bb-4419-b8a9-9cfb2a6f8b9e
2025-06-30 20:46:41,329 INFO  - Fetched company for recruiterId=52f3dcc7-e7bb-4419-b8a9-9cfb2a6f8b9e
2025-06-30 20:46:41,337 INFO  - Fetched company for recruiterId=52f3dcc7-e7bb-4419-b8a9-9cfb2a6f8b9e
2025-06-30 20:46:41,347 INFO  - Fetched company for recruiterId=52f3dcc7-e7bb-4419-b8a9-9cfb2a6f8b9e
2025-06-30 20:46:41,355 INFO  - Fetched company for recruiterId=52f3dcc7-e7bb-4419-b8a9-9cfb2a6f8b9e
2025-06-30 20:46:41,363 INFO  - Fetched company for recruiterId=52f3dcc7-e7bb-4419-b8a9-9cfb2a6f8b9e
2025-06-30 20:46:41,371 INFO  - Fetched company for recruiterId=52f3dcc7-e7bb-4419-b8a9-9cfb2a6f8b9e
2025-06-30 20:46:41,381 INFO  - Fetched company for recruiterId=52f3dcc7-e7bb-4419-b8a9-9cfb2a6f8b9e
2025-06-30 20:46:54,391 INFO  - Fetched company for recruiterId=52f3dcc7-e7bb-4419-b8a9-9cfb2a6f8b9e
2025-06-30 20:46:54,400 INFO  - Fetched company for recruiterId=52f3dcc7-e7bb-4419-b8a9-9cfb2a6f8b9e
2025-06-30 20:46:54,406 INFO  - Fetched company for recruiterId=52f3dcc7-e7bb-4419-b8a9-9cfb2a6f8b9e
2025-06-30 20:46:54,414 INFO  - Fetched company for recruiterId=52f3dcc7-e7bb-4419-b8a9-9cfb2a6f8b9e
2025-06-30 20:46:54,420 INFO  - Fetched company for recruiterId=52f3dcc7-e7bb-4419-b8a9-9cfb2a6f8b9e
2025-06-30 20:46:54,428 INFO  - Fetched company for recruiterId=52f3dcc7-e7bb-4419-b8a9-9cfb2a6f8b9e
2025-06-30 20:46:54,435 INFO  - Fetched company for recruiterId=52f3dcc7-e7bb-4419-b8a9-9cfb2a6f8b9e
2025-06-30 20:46:54,441 INFO  - Fetched company for recruiterId=52f3dcc7-e7bb-4419-b8a9-9cfb2a6f8b9e
2025-06-30 20:46:54,448 INFO  - Fetched company for recruiterId=52f3dcc7-e7bb-4419-b8a9-9cfb2a6f8b9e
2025-06-30 20:46:54,454 INFO  - Fetched company for recruiterId=52f3dcc7-e7bb-4419-b8a9-9cfb2a6f8b9e
2025-06-30 20:47:06,375 INFO  - Fetched company for recruiterId=52f3dcc7-e7bb-4419-b8a9-9cfb2a6f8b9e
2025-06-30 20:47:06,381 INFO  - Fetched company for recruiterId=52f3dcc7-e7bb-4419-b8a9-9cfb2a6f8b9e
2025-06-30 20:47:06,385 INFO  - Fetched company for recruiterId=52f3dcc7-e7bb-4419-b8a9-9cfb2a6f8b9e
2025-06-30 20:47:06,393 INFO  - Fetched company for recruiterId=52f3dcc7-e7bb-4419-b8a9-9cfb2a6f8b9e
2025-06-30 20:47:06,400 INFO  - Fetched company for recruiterId=52f3dcc7-e7bb-4419-b8a9-9cfb2a6f8b9e
2025-06-30 20:47:06,412 INFO  - Fetched company for recruiterId=52f3dcc7-e7bb-4419-b8a9-9cfb2a6f8b9e
2025-06-30 20:47:06,424 INFO  - Fetched company for recruiterId=52f3dcc7-e7bb-4419-b8a9-9cfb2a6f8b9e
2025-06-30 20:47:06,434 INFO  - Fetched company for recruiterId=52f3dcc7-e7bb-4419-b8a9-9cfb2a6f8b9e
2025-06-30 20:47:06,445 INFO  - Fetched company for recruiterId=52f3dcc7-e7bb-4419-b8a9-9cfb2a6f8b9e
2025-06-30 20:47:06,457 INFO  - Fetched company for recruiterId=52f3dcc7-e7bb-4419-b8a9-9cfb2a6f8b9e
2025-06-30 20:47:13,290 INFO  - Fetched company for recruiterId=52f3dcc7-e7bb-4419-b8a9-9cfb2a6f8b9e
2025-06-30 20:47:13,297 INFO  - Fetched company for recruiterId=52f3dcc7-e7bb-4419-b8a9-9cfb2a6f8b9e
2025-06-30 20:47:13,304 INFO  - Fetched company for recruiterId=52f3dcc7-e7bb-4419-b8a9-9cfb2a6f8b9e
2025-06-30 20:47:13,309 INFO  - Fetched company for recruiterId=52f3dcc7-e7bb-4419-b8a9-9cfb2a6f8b9e
2025-06-30 20:47:13,318 INFO  - Fetched company for recruiterId=52f3dcc7-e7bb-4419-b8a9-9cfb2a6f8b9e
2025-06-30 20:47:13,325 INFO  - Fetched company for recruiterId=52f3dcc7-e7bb-4419-b8a9-9cfb2a6f8b9e
2025-06-30 20:47:13,334 INFO  - Fetched company for recruiterId=52f3dcc7-e7bb-4419-b8a9-9cfb2a6f8b9e
2025-06-30 20:47:13,348 INFO  - Fetched company for recruiterId=52f3dcc7-e7bb-4419-b8a9-9cfb2a6f8b9e
2025-06-30 20:47:13,358 INFO  - Fetched company for recruiterId=52f3dcc7-e7bb-4419-b8a9-9cfb2a6f8b9e
2025-06-30 20:47:13,366 INFO  - Fetched company for recruiterId=52f3dcc7-e7bb-4419-b8a9-9cfb2a6f8b9e
2025-06-30 20:47:21,186 INFO  - Fetched company for recruiterId=52f3dcc7-e7bb-4419-b8a9-9cfb2a6f8b9e
2025-06-30 20:47:21,194 INFO  - Fetched company for recruiterId=52f3dcc7-e7bb-4419-b8a9-9cfb2a6f8b9e
2025-06-30 20:47:21,202 INFO  - Fetched company for recruiterId=52f3dcc7-e7bb-4419-b8a9-9cfb2a6f8b9e
2025-06-30 20:47:21,208 INFO  - Fetched company for recruiterId=52f3dcc7-e7bb-4419-b8a9-9cfb2a6f8b9e
2025-06-30 20:47:21,216 INFO  - Fetched company for recruiterId=52f3dcc7-e7bb-4419-b8a9-9cfb2a6f8b9e
2025-06-30 20:47:21,223 INFO  - Fetched company for recruiterId=52f3dcc7-e7bb-4419-b8a9-9cfb2a6f8b9e
2025-06-30 20:47:21,245 INFO  - Fetched company for recruiterId=52f3dcc7-e7bb-4419-b8a9-9cfb2a6f8b9e
2025-06-30 20:47:21,257 INFO  - Fetched company for recruiterId=52f3dcc7-e7bb-4419-b8a9-9cfb2a6f8b9e
2025-06-30 20:47:21,264 INFO  - Fetched company for recruiterId=52f3dcc7-e7bb-4419-b8a9-9cfb2a6f8b9e
2025-06-30 20:47:21,271 INFO  - Fetched company for recruiterId=52f3dcc7-e7bb-4419-b8a9-9cfb2a6f8b9e
2025-06-30 20:47:37,509 INFO  - Fetched company for recruiterId=52f3dcc7-e7bb-4419-b8a9-9cfb2a6f8b9e
2025-06-30 20:47:37,516 INFO  - Fetched company for recruiterId=52f3dcc7-e7bb-4419-b8a9-9cfb2a6f8b9e
2025-06-30 20:47:37,525 INFO  - Fetched company for recruiterId=52f3dcc7-e7bb-4419-b8a9-9cfb2a6f8b9e
2025-06-30 20:47:37,533 INFO  - Fetched company for recruiterId=52f3dcc7-e7bb-4419-b8a9-9cfb2a6f8b9e
2025-06-30 20:47:37,542 INFO  - Fetched company for recruiterId=52f3dcc7-e7bb-4419-b8a9-9cfb2a6f8b9e
2025-06-30 20:47:37,549 INFO  - Fetched company for recruiterId=52f3dcc7-e7bb-4419-b8a9-9cfb2a6f8b9e
2025-06-30 20:47:37,555 INFO  - Fetched company for recruiterId=52f3dcc7-e7bb-4419-b8a9-9cfb2a6f8b9e
2025-06-30 20:47:37,562 INFO  - Fetched company for recruiterId=52f3dcc7-e7bb-4419-b8a9-9cfb2a6f8b9e
2025-06-30 20:47:37,573 INFO  - Fetched company for recruiterId=52f3dcc7-e7bb-4419-b8a9-9cfb2a6f8b9e
2025-06-30 20:47:37,587 INFO  - Fetched company for recruiterId=52f3dcc7-e7bb-4419-b8a9-9cfb2a6f8b9e
2025-06-30 20:47:43,317 INFO  - Fetched company for recruiterId=52f3dcc7-e7bb-4419-b8a9-9cfb2a6f8b9e
2025-06-30 20:47:43,325 INFO  - Fetched company for recruiterId=52f3dcc7-e7bb-4419-b8a9-9cfb2a6f8b9e
2025-06-30 20:47:43,334 INFO  - Fetched company for recruiterId=52f3dcc7-e7bb-4419-b8a9-9cfb2a6f8b9e
2025-06-30 20:47:43,342 INFO  - Fetched company for recruiterId=52f3dcc7-e7bb-4419-b8a9-9cfb2a6f8b9e
2025-06-30 20:47:43,350 INFO  - Fetched company for recruiterId=52f3dcc7-e7bb-4419-b8a9-9cfb2a6f8b9e
2025-06-30 20:47:43,360 INFO  - Fetched company for recruiterId=52f3dcc7-e7bb-4419-b8a9-9cfb2a6f8b9e
2025-06-30 20:47:43,371 INFO  - Fetched company for recruiterId=52f3dcc7-e7bb-4419-b8a9-9cfb2a6f8b9e
2025-06-30 20:47:43,383 INFO  - Fetched company for recruiterId=52f3dcc7-e7bb-4419-b8a9-9cfb2a6f8b9e
2025-06-30 20:47:43,391 INFO  - Fetched company for recruiterId=52f3dcc7-e7bb-4419-b8a9-9cfb2a6f8b9e
2025-06-30 20:47:43,402 INFO  - Fetched company for recruiterId=52f3dcc7-e7bb-4419-b8a9-9cfb2a6f8b9e
2025-06-30 20:47:52,306 INFO  - Fetched company for recruiterId=52f3dcc7-e7bb-4419-b8a9-9cfb2a6f8b9e
2025-06-30 20:47:52,315 INFO  - Fetched company for recruiterId=52f3dcc7-e7bb-4419-b8a9-9cfb2a6f8b9e
2025-06-30 20:47:52,323 INFO  - Fetched company for recruiterId=52f3dcc7-e7bb-4419-b8a9-9cfb2a6f8b9e
2025-06-30 20:47:52,331 INFO  - Fetched company for recruiterId=52f3dcc7-e7bb-4419-b8a9-9cfb2a6f8b9e
2025-06-30 20:47:52,339 INFO  - Fetched company for recruiterId=52f3dcc7-e7bb-4419-b8a9-9cfb2a6f8b9e
2025-06-30 20:47:52,355 INFO  - Fetched company for recruiterId=52f3dcc7-e7bb-4419-b8a9-9cfb2a6f8b9e
2025-06-30 20:47:52,366 INFO  - Fetched company for recruiterId=52f3dcc7-e7bb-4419-b8a9-9cfb2a6f8b9e
2025-06-30 20:47:52,375 INFO  - Fetched company for recruiterId=52f3dcc7-e7bb-4419-b8a9-9cfb2a6f8b9e
2025-06-30 20:47:52,384 INFO  - Fetched company for recruiterId=52f3dcc7-e7bb-4419-b8a9-9cfb2a6f8b9e
2025-06-30 20:47:52,392 INFO  - Fetched company for recruiterId=52f3dcc7-e7bb-4419-b8a9-9cfb2a6f8b9e
2025-06-30 20:48:09,290 INFO  - Fetched company for recruiterId=52f3dcc7-e7bb-4419-b8a9-9cfb2a6f8b9e
2025-06-30 20:48:09,298 INFO  - Fetched company for recruiterId=52f3dcc7-e7bb-4419-b8a9-9cfb2a6f8b9e
2025-06-30 20:48:09,305 INFO  - Fetched company for recruiterId=52f3dcc7-e7bb-4419-b8a9-9cfb2a6f8b9e
2025-06-30 20:48:09,312 INFO  - Fetched company for recruiterId=52f3dcc7-e7bb-4419-b8a9-9cfb2a6f8b9e
2025-06-30 20:48:09,319 INFO  - Fetched company for recruiterId=52f3dcc7-e7bb-4419-b8a9-9cfb2a6f8b9e
2025-06-30 20:48:09,367 INFO  - Fetched company for recruiterId=52f3dcc7-e7bb-4419-b8a9-9cfb2a6f8b9e
2025-06-30 20:48:09,380 INFO  - Fetched company for recruiterId=52f3dcc7-e7bb-4419-b8a9-9cfb2a6f8b9e
2025-06-30 20:48:09,387 INFO  - Fetched company for recruiterId=52f3dcc7-e7bb-4419-b8a9-9cfb2a6f8b9e
2025-06-30 20:48:09,398 INFO  - Fetched company for recruiterId=52f3dcc7-e7bb-4419-b8a9-9cfb2a6f8b9e
2025-06-30 20:48:09,410 INFO  - Fetched company for recruiterId=52f3dcc7-e7bb-4419-b8a9-9cfb2a6f8b9e
2025-06-30 20:48:15,587 INFO  - Fetched all company names.
2025-06-30 20:48:15,607 INFO  - Fetched company for recruiterId=3dc93452-07a2-4843-a650-c7faed6fc07c
2025-06-30 20:48:15,607 INFO  - Fetched company for recruiterId=52f3dcc7-e7bb-4419-b8a9-9cfb2a6f8b9e
2025-06-30 20:48:15,615 INFO  - Fetched company for recruiterId=52f3dcc7-e7bb-4419-b8a9-9cfb2a6f8b9e
2025-06-30 20:48:15,621 INFO  - Fetched company for recruiterId=52f3dcc7-e7bb-4419-b8a9-9cfb2a6f8b9e
2025-06-30 20:48:15,626 INFO  - Fetched company for recruiterId=52f3dcc7-e7bb-4419-b8a9-9cfb2a6f8b9e
2025-06-30 20:48:15,634 INFO  - Fetched company for recruiterId=52f3dcc7-e7bb-4419-b8a9-9cfb2a6f8b9e
2025-06-30 20:48:15,643 INFO  - Fetched company for recruiterId=52f3dcc7-e7bb-4419-b8a9-9cfb2a6f8b9e
2025-06-30 20:48:15,654 INFO  - Fetched company for recruiterId=52f3dcc7-e7bb-4419-b8a9-9cfb2a6f8b9e
2025-06-30 20:48:15,664 INFO  - Fetched company for recruiterId=52f3dcc7-e7bb-4419-b8a9-9cfb2a6f8b9e
2025-06-30 20:48:15,676 INFO  - Fetched company for recruiterId=52f3dcc7-e7bb-4419-b8a9-9cfb2a6f8b9e
2025-06-30 20:55:44,126 INFO  - Fetched all company names.
2025-06-30 20:55:44,147 INFO  - Fetched company for recruiterId=3dc93452-07a2-4843-a650-c7faed6fc07c
2025-06-30 20:55:44,148 INFO  - Fetched company for recruiterId=52f3dcc7-e7bb-4419-b8a9-9cfb2a6f8b9e
2025-06-30 20:55:44,156 INFO  - Fetched company for recruiterId=52f3dcc7-e7bb-4419-b8a9-9cfb2a6f8b9e
2025-06-30 20:55:44,163 INFO  - Fetched company for recruiterId=52f3dcc7-e7bb-4419-b8a9-9cfb2a6f8b9e
2025-06-30 20:55:44,170 INFO  - Fetched company for recruiterId=52f3dcc7-e7bb-4419-b8a9-9cfb2a6f8b9e
2025-06-30 20:55:44,178 INFO  - Fetched company for recruiterId=52f3dcc7-e7bb-4419-b8a9-9cfb2a6f8b9e
2025-06-30 20:55:44,187 INFO  - Fetched company for recruiterId=52f3dcc7-e7bb-4419-b8a9-9cfb2a6f8b9e
2025-06-30 20:55:44,194 INFO  - Fetched company for recruiterId=52f3dcc7-e7bb-4419-b8a9-9cfb2a6f8b9e
2025-06-30 20:55:44,201 INFO  - Fetched company for recruiterId=52f3dcc7-e7bb-4419-b8a9-9cfb2a6f8b9e
2025-06-30 20:55:44,207 INFO  - Fetched company for recruiterId=52f3dcc7-e7bb-4419-b8a9-9cfb2a6f8b9e
2025-06-30 20:55:45,279 INFO  - Fetched company for recruiterId=52f3dcc7-e7bb-4419-b8a9-9cfb2a6f8b9e
2025-06-30 20:55:45,286 INFO  - Fetched company for recruiterId=52f3dcc7-e7bb-4419-b8a9-9cfb2a6f8b9e
2025-06-30 20:55:45,292 INFO  - Fetched company for recruiterId=52f3dcc7-e7bb-4419-b8a9-9cfb2a6f8b9e
2025-06-30 20:55:45,300 INFO  - Fetched company for recruiterId=52f3dcc7-e7bb-4419-b8a9-9cfb2a6f8b9e
2025-06-30 20:55:45,306 INFO  - Fetched company for recruiterId=52f3dcc7-e7bb-4419-b8a9-9cfb2a6f8b9e
2025-06-30 20:55:45,313 INFO  - Fetched company for recruiterId=52f3dcc7-e7bb-4419-b8a9-9cfb2a6f8b9e
2025-06-30 20:55:45,321 INFO  - Fetched company for recruiterId=52f3dcc7-e7bb-4419-b8a9-9cfb2a6f8b9e
2025-06-30 20:55:45,330 INFO  - Fetched company for recruiterId=52f3dcc7-e7bb-4419-b8a9-9cfb2a6f8b9e
2025-06-30 20:55:45,339 INFO  - Fetched company for recruiterId=52f3dcc7-e7bb-4419-b8a9-9cfb2a6f8b9e
2025-06-30 20:55:45,346 INFO  - Fetched company for recruiterId=52f3dcc7-e7bb-4419-b8a9-9cfb2a6f8b9e
2025-06-30 20:55:46,241 INFO  - Fetched company for recruiterId=52f3dcc7-e7bb-4419-b8a9-9cfb2a6f8b9e
2025-06-30 20:55:46,249 INFO  - Fetched company for recruiterId=52f3dcc7-e7bb-4419-b8a9-9cfb2a6f8b9e
2025-06-30 20:55:46,255 INFO  - Fetched company for recruiterId=52f3dcc7-e7bb-4419-b8a9-9cfb2a6f8b9e
2025-06-30 20:55:46,261 INFO  - Fetched company for recruiterId=52f3dcc7-e7bb-4419-b8a9-9cfb2a6f8b9e
2025-06-30 20:55:46,268 INFO  - Fetched company for recruiterId=52f3dcc7-e7bb-4419-b8a9-9cfb2a6f8b9e
2025-06-30 21:03:11,866 INFO  - User logged in: muthu@gmail.com
2025-06-30 21:03:41,961 INFO  - Token refreshed for user: muthu@gmail.com
2025-06-30 21:05:34,357 INFO  - User logged in: muthukaruppanaakash76@gmail.com
2025-06-30 21:11:50,742 INFO  - Fetched company for recruiterId=3dc93452-07a2-4843-a650-c7faed6fc07c
2025-06-30 21:11:51,377 INFO  - Fetched all skills.
2025-06-30 21:12:39,093 INFO  - Fetched company for recruiterId=3dc93452-07a2-4843-a650-c7faed6fc07c
2025-06-30 21:13:02,540 INFO  - Fetched company for recruiterId=3dc93452-07a2-4843-a650-c7faed6fc07c
2025-06-30 21:13:15,896 INFO  - Fetched company for recruiterId=3dc93452-07a2-4843-a650-c7faed6fc07c
2025-06-30 21:13:24,809 INFO  - Fetched company for recruiterId=3dc93452-07a2-4843-a650-c7faed6fc07c
2025-06-30 21:13:36,494 INFO  - Fetched company for recruiterId=3dc93452-07a2-4843-a650-c7faed6fc07c
2025-06-30 21:14:42,427 INFO  - Fetched all skills.
2025-06-30 21:15:31,929 INFO  - Fetched all skills.
2025-06-30 21:16:08,111 INFO  - Fetched all skills.
2025-06-30 21:16:09,712 INFO  - User logged out: muthukaruppanaakash76@gmail.com
2025-06-30 21:16:26,262 INFO  - Fetched company for recruiterId=3dc93452-07a2-4843-a650-c7faed6fc07c
2025-06-30 21:16:26,281 INFO  - Fetched company for recruiterId=3dc93452-07a2-4843-a650-c7faed6fc07c
2025-06-30 21:16:26,291 INFO  - Fetched company for recruiterId=3dc93452-07a2-4843-a650-c7faed6fc07c
2025-06-30 21:16:29,080 INFO  - Fetched all skills.
2025-06-30 21:16:40,910 INFO  - Fetched all skills.
2025-06-30 21:17:04,480 INFO  - Fetched all skills.
2025-06-30 21:17:08,032 INFO  - Fetched all skills.
2025-06-30 21:17:16,104 INFO  - Fetched all skills.
2025-06-30 21:17:24,113 INFO  - Fetched all skills.
2025-06-30 21:17:38,405 INFO  - Fetched all skills.
2025-06-30 21:17:55,836 INFO  - Fetched all skills.
2025-06-30 21:18:11,154 INFO  - Fetched all skills.
2025-06-30 21:18:12,031 INFO  - User logged out: muthukaruppanaakash76@gmail.com
2025-06-30 21:25:19,955 INFO  - User logged in: muthu@gmail.com
2025-06-30 21:25:26,248 INFO  - Fetched company for recruiterId=52f3dcc7-e7bb-4419-b8a9-9cfb2a6f8b9e
2025-06-30 21:25:26,258 INFO  - Fetched company for recruiterId=52f3dcc7-e7bb-4419-b8a9-9cfb2a6f8b9e
2025-06-30 21:25:26,268 INFO  - Fetched company for recruiterId=52f3dcc7-e7bb-4419-b8a9-9cfb2a6f8b9e
2025-06-30 21:25:26,276 INFO  - Fetched company for recruiterId=52f3dcc7-e7bb-4419-b8a9-9cfb2a6f8b9e
2025-06-30 21:25:26,283 INFO  - Fetched company for recruiterId=52f3dcc7-e7bb-4419-b8a9-9cfb2a6f8b9e
2025-06-30 21:33:04,686 INFO  - Fetched all company names.
2025-06-30 21:33:04,711 INFO  - Fetched company for recruiterId=3dc93452-07a2-4843-a650-c7faed6fc07c
2025-06-30 21:33:04,715 INFO  - Fetched company for recruiterId=52f3dcc7-e7bb-4419-b8a9-9cfb2a6f8b9e
2025-06-30 21:33:04,737 INFO  - Fetched company for recruiterId=52f3dcc7-e7bb-4419-b8a9-9cfb2a6f8b9e
2025-06-30 21:33:04,745 INFO  - Fetched company for recruiterId=52f3dcc7-e7bb-4419-b8a9-9cfb2a6f8b9e
2025-06-30 21:33:04,752 INFO  - Fetched company for recruiterId=52f3dcc7-e7bb-4419-b8a9-9cfb2a6f8b9e
2025-06-30 21:33:04,767 INFO  - Fetched company for recruiterId=52f3dcc7-e7bb-4419-b8a9-9cfb2a6f8b9e
2025-06-30 21:33:04,789 INFO  - Fetched company for recruiterId=52f3dcc7-e7bb-4419-b8a9-9cfb2a6f8b9e
2025-06-30 21:33:04,801 INFO  - Fetched company for recruiterId=52f3dcc7-e7bb-4419-b8a9-9cfb2a6f8b9e
2025-06-30 21:33:04,835 INFO  - Fetched company for recruiterId=52f3dcc7-e7bb-4419-b8a9-9cfb2a6f8b9e
2025-06-30 21:33:04,845 INFO  - Fetched company for recruiterId=52f3dcc7-e7bb-4419-b8a9-9cfb2a6f8b9e
2025-06-30 21:33:10,085 INFO  - Fetched company for recruiterId=52f3dcc7-e7bb-4419-b8a9-9cfb2a6f8b9e
2025-06-30 21:33:10,095 INFO  - Fetched company for recruiterId=52f3dcc7-e7bb-4419-b8a9-9cfb2a6f8b9e
2025-06-30 21:33:10,103 INFO  - Fetched company for recruiterId=52f3dcc7-e7bb-4419-b8a9-9cfb2a6f8b9e
2025-06-30 21:33:10,111 INFO  - Fetched company for recruiterId=52f3dcc7-e7bb-4419-b8a9-9cfb2a6f8b9e
2025-06-30 21:33:10,137 INFO  - Fetched company for recruiterId=52f3dcc7-e7bb-4419-b8a9-9cfb2a6f8b9e
2025-06-30 21:33:10,146 INFO  - Fetched company for recruiterId=52f3dcc7-e7bb-4419-b8a9-9cfb2a6f8b9e
2025-06-30 21:33:10,154 INFO  - Fetched company for recruiterId=52f3dcc7-e7bb-4419-b8a9-9cfb2a6f8b9e
2025-06-30 21:33:10,166 INFO  - Fetched company for recruiterId=52f3dcc7-e7bb-4419-b8a9-9cfb2a6f8b9e
2025-06-30 21:33:10,187 INFO  - Fetched company for recruiterId=52f3dcc7-e7bb-4419-b8a9-9cfb2a6f8b9e
2025-06-30 21:33:10,195 INFO  - Fetched company for recruiterId=52f3dcc7-e7bb-4419-b8a9-9cfb2a6f8b9e
2025-06-30 21:34:20,939 INFO  - Fetched company for recruiterId=52f3dcc7-e7bb-4419-b8a9-9cfb2a6f8b9e
2025-06-30 21:34:20,950 INFO  - Fetched company for recruiterId=52f3dcc7-e7bb-4419-b8a9-9cfb2a6f8b9e
2025-06-30 21:34:20,957 INFO  - Fetched company for recruiterId=52f3dcc7-e7bb-4419-b8a9-9cfb2a6f8b9e
2025-06-30 21:34:20,968 INFO  - Fetched company for recruiterId=52f3dcc7-e7bb-4419-b8a9-9cfb2a6f8b9e
2025-06-30 21:34:20,988 INFO  - Fetched company for recruiterId=52f3dcc7-e7bb-4419-b8a9-9cfb2a6f8b9e
2025-06-30 21:34:20,997 INFO  - Fetched company for recruiterId=52f3dcc7-e7bb-4419-b8a9-9cfb2a6f8b9e
2025-06-30 21:34:21,037 INFO  - Fetched company for recruiterId=52f3dcc7-e7bb-4419-b8a9-9cfb2a6f8b9e
2025-06-30 21:34:21,046 INFO  - Fetched company for recruiterId=52f3dcc7-e7bb-4419-b8a9-9cfb2a6f8b9e
2025-06-30 21:34:21,058 INFO  - Fetched company for recruiterId=52f3dcc7-e7bb-4419-b8a9-9cfb2a6f8b9e
2025-06-30 21:34:21,068 INFO  - Fetched company for recruiterId=52f3dcc7-e7bb-4419-b8a9-9cfb2a6f8b9e
2025-06-30 21:34:42,346 INFO  - Fetched company for recruiterId=52f3dcc7-e7bb-4419-b8a9-9cfb2a6f8b9e
2025-06-30 21:34:42,357 INFO  - Fetched company for recruiterId=52f3dcc7-e7bb-4419-b8a9-9cfb2a6f8b9e
2025-06-30 21:34:42,367 INFO  - Fetched company for recruiterId=52f3dcc7-e7bb-4419-b8a9-9cfb2a6f8b9e
2025-06-30 21:34:42,389 INFO  - Fetched company for recruiterId=52f3dcc7-e7bb-4419-b8a9-9cfb2a6f8b9e
2025-06-30 21:34:42,395 INFO  - Fetched company for recruiterId=52f3dcc7-e7bb-4419-b8a9-9cfb2a6f8b9e
2025-06-30 21:34:42,402 INFO  - Fetched company for recruiterId=52f3dcc7-e7bb-4419-b8a9-9cfb2a6f8b9e
2025-06-30 21:34:42,411 INFO  - Fetched company for recruiterId=52f3dcc7-e7bb-4419-b8a9-9cfb2a6f8b9e
2025-06-30 21:34:42,418 INFO  - Fetched company for recruiterId=52f3dcc7-e7bb-4419-b8a9-9cfb2a6f8b9e
2025-06-30 21:34:42,439 INFO  - Fetched company for recruiterId=52f3dcc7-e7bb-4419-b8a9-9cfb2a6f8b9e
2025-06-30 21:34:42,449 INFO  - Fetched company for recruiterId=52f3dcc7-e7bb-4419-b8a9-9cfb2a6f8b9e
2025-06-30 21:34:49,844 INFO  - Fetched company for recruiterId=52f3dcc7-e7bb-4419-b8a9-9cfb2a6f8b9e
2025-06-30 21:34:49,852 INFO  - Fetched company for recruiterId=52f3dcc7-e7bb-4419-b8a9-9cfb2a6f8b9e
2025-06-30 21:34:49,867 INFO  - Fetched company for recruiterId=52f3dcc7-e7bb-4419-b8a9-9cfb2a6f8b9e
2025-06-30 21:34:49,889 INFO  - Fetched company for recruiterId=52f3dcc7-e7bb-4419-b8a9-9cfb2a6f8b9e
2025-06-30 21:34:49,903 INFO  - Fetched company for recruiterId=52f3dcc7-e7bb-4419-b8a9-9cfb2a6f8b9e
2025-06-30 21:34:49,914 INFO  - Fetched company for recruiterId=52f3dcc7-e7bb-4419-b8a9-9cfb2a6f8b9e
2025-06-30 21:34:49,939 INFO  - Fetched company for recruiterId=52f3dcc7-e7bb-4419-b8a9-9cfb2a6f8b9e
2025-06-30 21:34:49,946 INFO  - Fetched company for recruiterId=52f3dcc7-e7bb-4419-b8a9-9cfb2a6f8b9e
2025-06-30 21:34:49,957 INFO  - Fetched company for recruiterId=52f3dcc7-e7bb-4419-b8a9-9cfb2a6f8b9e
2025-06-30 21:34:49,968 INFO  - Fetched company for recruiterId=52f3dcc7-e7bb-4419-b8a9-9cfb2a6f8b9e
2025-06-30 21:34:54,842 INFO  - Fetched company for recruiterId=52f3dcc7-e7bb-4419-b8a9-9cfb2a6f8b9e
2025-06-30 21:34:54,853 INFO  - Fetched company for recruiterId=52f3dcc7-e7bb-4419-b8a9-9cfb2a6f8b9e
2025-06-30 21:34:54,860 INFO  - Fetched company for recruiterId=52f3dcc7-e7bb-4419-b8a9-9cfb2a6f8b9e
2025-06-30 21:34:54,886 INFO  - Fetched company for recruiterId=52f3dcc7-e7bb-4419-b8a9-9cfb2a6f8b9e
2025-06-30 21:34:54,892 INFO  - Fetched company for recruiterId=52f3dcc7-e7bb-4419-b8a9-9cfb2a6f8b9e
2025-06-30 21:34:54,907 INFO  - Fetched company for recruiterId=52f3dcc7-e7bb-4419-b8a9-9cfb2a6f8b9e
2025-06-30 21:34:54,938 INFO  - Fetched company for recruiterId=52f3dcc7-e7bb-4419-b8a9-9cfb2a6f8b9e
2025-06-30 21:34:54,952 INFO  - Fetched company for recruiterId=52f3dcc7-e7bb-4419-b8a9-9cfb2a6f8b9e
2025-06-30 21:34:54,959 INFO  - Fetched company for recruiterId=52f3dcc7-e7bb-4419-b8a9-9cfb2a6f8b9e
2025-06-30 21:34:54,969 INFO  - Fetched company for recruiterId=52f3dcc7-e7bb-4419-b8a9-9cfb2a6f8b9e
2025-06-30 21:34:59,618 INFO  - Fetched company for recruiterId=52f3dcc7-e7bb-4419-b8a9-9cfb2a6f8b9e
2025-06-30 21:34:59,653 INFO  - Fetched company for recruiterId=52f3dcc7-e7bb-4419-b8a9-9cfb2a6f8b9e
2025-06-30 21:34:59,661 INFO  - Fetched company for recruiterId=52f3dcc7-e7bb-4419-b8a9-9cfb2a6f8b9e
2025-06-30 21:34:59,686 INFO  - Fetched company for recruiterId=52f3dcc7-e7bb-4419-b8a9-9cfb2a6f8b9e
2025-06-30 21:34:59,694 INFO  - Fetched company for recruiterId=52f3dcc7-e7bb-4419-b8a9-9cfb2a6f8b9e
2025-06-30 21:34:59,706 INFO  - Fetched company for recruiterId=52f3dcc7-e7bb-4419-b8a9-9cfb2a6f8b9e
2025-06-30 21:34:59,718 INFO  - Fetched company for recruiterId=52f3dcc7-e7bb-4419-b8a9-9cfb2a6f8b9e
2025-06-30 21:34:59,739 INFO  - Fetched company for recruiterId=52f3dcc7-e7bb-4419-b8a9-9cfb2a6f8b9e
2025-06-30 21:34:59,753 INFO  - Fetched company for recruiterId=52f3dcc7-e7bb-4419-b8a9-9cfb2a6f8b9e
2025-06-30 21:34:59,757 INFO  - User logged out: muthu@gmail.com
2025-06-30 21:34:59,768 INFO  - Fetched company for recruiterId=52f3dcc7-e7bb-4419-b8a9-9cfb2a6f8b9e
2025-06-30 21:35:03,446 INFO  - Fetched all company names.
2025-06-30 21:35:19,237 INFO  - Fetched all company names.
2025-06-30 21:39:04,852 INFO  - Fetched all company names.
2025-06-30 21:39:17,765 INFO  - Fetched all company names.
2025-06-30 21:39:22,769 INFO  - Fetched all company names.
2025-06-30 21:40:21,800 INFO  - Recruiter registered successfully: Email=muthu1234@gmail.com, Company=TechNova Solutions
2025-06-30 21:40:26,651 INFO  - Fetched all company names.
2025-06-30 21:41:35,752 INFO  - Fetched all company names.
2025-06-30 21:41:58,757 INFO  - Fetched all company names.
2025-06-30 21:42:43,424 INFO  - Fetched all company names.
2025-06-30 21:43:05,611 INFO  - Fetched all company names.
2025-06-30 21:43:28,941 INFO  - Fetched all company names.
2025-06-30 21:44:18,111 INFO  - Fetched all company names.
2025-06-30 21:53:03,438 INFO  - Fetched all company names.
2025-06-30 21:53:30,840 INFO  - Fetched all company names.
2025-06-30 21:53:48,726 INFO  - Fetched all company names.
2025-06-30 21:54:44,870 INFO  - Fetched all company names.
2025-06-30 21:54:57,836 INFO  - Fetched all company names.
2025-06-30 21:56:11,949 INFO  - Fetched all company names.
2025-06-30 21:56:34,121 INFO  - Fetched all company names.
