2025-06-26 09:42:30,841 INFO  - User logged in: muthu@gmail.com
2025-06-26 11:26:27,871 INFO  - User logged in: muthu@gmail.com
2025-06-26 11:30:48,081 INFO  - Fetched all skills.
2025-06-26 11:33:12,591 INFO  - User logged in: muthu@gmail.com
2025-06-26 11:40:54,343 INFO  - Fetched company for recruiterId=3dc93452-07a2-4843-a650-c7faed6fc07c
2025-06-26 11:40:54,352 INFO  - Fetched company for recruiterId=3dc93452-07a2-4843-a650-c7faed6fc07c
2025-06-26 11:40:54,360 INFO  - Fetched company for recruiterId=3dc93452-07a2-4843-a650-c7faed6fc07c
2025-06-26 11:40:55,165 INFO  - Fetched all company names.
2025-06-26 11:40:55,217 INFO  - Fetched company for recruiterId=3dc93452-07a2-4843-a650-c7faed6fc07c
2025-06-26 11:40:55,225 INFO  - Fetched company for recruiterId=3dc93452-07a2-4843-a650-c7faed6fc07c
2025-06-26 11:40:55,234 INFO  - Fetched company for recruiterId=3dc93452-07a2-4843-a650-c7faed6fc07c
2025-06-26 11:40:55,241 INFO  - Fetched company for recruiterId=3dc93452-07a2-4843-a650-c7faed6fc07c
2025-06-26 11:41:06,313 INFO  - Fetched company for recruiterId=3dc93452-07a2-4843-a650-c7faed6fc07c
2025-06-26 11:41:06,333 INFO  - Fetched company for recruiterId=3dc93452-07a2-4843-a650-c7faed6fc07c
2025-06-26 11:41:06,347 INFO  - Fetched company for recruiterId=3dc93452-07a2-4843-a650-c7faed6fc07c
2025-06-26 11:41:11,309 INFO  - Fetched all company names.
2025-06-26 11:41:11,336 INFO  - Fetched company for recruiterId=3dc93452-07a2-4843-a650-c7faed6fc07c
2025-06-26 11:41:11,348 INFO  - Fetched company for recruiterId=3dc93452-07a2-4843-a650-c7faed6fc07c
2025-06-26 11:41:11,358 INFO  - Fetched company for recruiterId=3dc93452-07a2-4843-a650-c7faed6fc07c
2025-06-26 11:41:11,371 INFO  - Fetched company for recruiterId=3dc93452-07a2-4843-a650-c7faed6fc07c
2025-06-26 11:41:16,364 INFO  - Fetched company for recruiterId=3dc93452-07a2-4843-a650-c7faed6fc07c
2025-06-26 11:41:16,376 INFO  - Fetched company for recruiterId=3dc93452-07a2-4843-a650-c7faed6fc07c
2025-06-26 11:41:16,388 INFO  - Fetched company for recruiterId=3dc93452-07a2-4843-a650-c7faed6fc07c
2025-06-26 11:41:28,971 INFO  - Fetched all company names.
2025-06-26 11:41:28,986 INFO  - Fetched company for recruiterId=3dc93452-07a2-4843-a650-c7faed6fc07c
2025-06-26 11:41:28,995 INFO  - Fetched company for recruiterId=3dc93452-07a2-4843-a650-c7faed6fc07c
2025-06-26 11:41:29,006 INFO  - Fetched company for recruiterId=3dc93452-07a2-4843-a650-c7faed6fc07c
2025-06-26 11:41:29,013 INFO  - Fetched company for recruiterId=3dc93452-07a2-4843-a650-c7faed6fc07c
2025-06-26 11:41:59,530 INFO  - User logged in: muthukaruppanaakash76@gmail.com
2025-06-26 11:42:03,182 INFO  - Fetched company for recruiterId=3dc93452-07a2-4843-a650-c7faed6fc07c
2025-06-26 11:42:03,194 INFO  - Fetched company for recruiterId=3dc93452-07a2-4843-a650-c7faed6fc07c
2025-06-26 11:42:03,204 INFO  - Fetched company for recruiterId=3dc93452-07a2-4843-a650-c7faed6fc07c
2025-06-26 11:42:03,219 INFO  - Fetched company for recruiterId=3dc93452-07a2-4843-a650-c7faed6fc07c
2025-06-26 11:42:14,267 INFO  - Resume downloaded: SeekerId = 637f3638-b296-4f0d-bb3c-5a65a7f8baed, JobPostId = ce6efdf7-8ca5-494f-af1d-aca84641db3f
2025-06-26 11:42:28,915 INFO  - Resume downloaded: SeekerId = 637f3638-b296-4f0d-bb3c-5a65a7f8baed, JobPostId = ce6efdf7-8ca5-494f-af1d-aca84641db3f
2025-06-26 11:43:10,559 INFO  - Fetched company for recruiterId=3dc93452-07a2-4843-a650-c7faed6fc07c
2025-06-26 11:43:10,573 INFO  - Fetched company for recruiterId=3dc93452-07a2-4843-a650-c7faed6fc07c
2025-06-26 11:43:10,582 INFO  - Fetched company for recruiterId=3dc93452-07a2-4843-a650-c7faed6fc07c
2025-06-26 11:43:10,595 INFO  - Fetched company for recruiterId=3dc93452-07a2-4843-a650-c7faed6fc07c
2025-06-26 11:44:16,165 INFO  - Fetched company for recruiterId=3dc93452-07a2-4843-a650-c7faed6fc07c
2025-06-26 11:44:16,179 INFO  - Fetched company for recruiterId=3dc93452-07a2-4843-a650-c7faed6fc07c
2025-06-26 11:44:16,191 INFO  - Fetched company for recruiterId=3dc93452-07a2-4843-a650-c7faed6fc07c
2025-06-26 11:44:16,206 INFO  - Fetched company for recruiterId=3dc93452-07a2-4843-a650-c7faed6fc07c
2025-06-26 11:44:19,867 INFO  - Fetched company for recruiterId=3dc93452-07a2-4843-a650-c7faed6fc07c
2025-06-26 11:44:19,881 INFO  - Fetched company for recruiterId=3dc93452-07a2-4843-a650-c7faed6fc07c
2025-06-26 11:44:19,905 INFO  - Fetched company for recruiterId=3dc93452-07a2-4843-a650-c7faed6fc07c
2025-06-26 11:44:19,916 INFO  - Fetched company for recruiterId=3dc93452-07a2-4843-a650-c7faed6fc07c
2025-06-26 11:44:40,086 INFO  - Fetched company for recruiterId=3dc93452-07a2-4843-a650-c7faed6fc07c
2025-06-26 11:44:40,099 INFO  - Fetched company for recruiterId=3dc93452-07a2-4843-a650-c7faed6fc07c
2025-06-26 11:44:40,112 INFO  - Fetched company for recruiterId=3dc93452-07a2-4843-a650-c7faed6fc07c
2025-06-26 11:44:40,124 INFO  - Fetched company for recruiterId=3dc93452-07a2-4843-a650-c7faed6fc07c
2025-06-26 11:44:41,151 INFO  - Fetched company for recruiterId=3dc93452-07a2-4843-a650-c7faed6fc07c
2025-06-26 11:44:41,163 INFO  - Fetched company for recruiterId=3dc93452-07a2-4843-a650-c7faed6fc07c
2025-06-26 11:44:41,173 INFO  - Fetched company for recruiterId=3dc93452-07a2-4843-a650-c7faed6fc07c
2025-06-26 11:44:41,182 INFO  - Fetched company for recruiterId=3dc93452-07a2-4843-a650-c7faed6fc07c
2025-06-26 11:44:46,626 INFO  - Fetched company for recruiterId=3dc93452-07a2-4843-a650-c7faed6fc07c
2025-06-26 11:44:46,635 INFO  - Fetched company for recruiterId=3dc93452-07a2-4843-a650-c7faed6fc07c
2025-06-26 11:44:46,644 INFO  - Fetched company for recruiterId=3dc93452-07a2-4843-a650-c7faed6fc07c
2025-06-26 11:44:46,657 INFO  - Fetched company for recruiterId=3dc93452-07a2-4843-a650-c7faed6fc07c
2025-06-26 11:44:46,859 INFO  - Fetched company for recruiterId=3dc93452-07a2-4843-a650-c7faed6fc07c
2025-06-26 11:44:46,868 INFO  - Fetched company for recruiterId=3dc93452-07a2-4843-a650-c7faed6fc07c
2025-06-26 11:44:46,882 INFO  - Fetched company for recruiterId=3dc93452-07a2-4843-a650-c7faed6fc07c
2025-06-26 11:44:46,892 INFO  - Fetched company for recruiterId=3dc93452-07a2-4843-a650-c7faed6fc07c
2025-06-26 11:44:57,613 INFO  - Fetched company for recruiterId=3dc93452-07a2-4843-a650-c7faed6fc07c
2025-06-26 11:44:57,622 INFO  - Fetched company for recruiterId=3dc93452-07a2-4843-a650-c7faed6fc07c
2025-06-26 11:44:57,630 INFO  - Fetched company for recruiterId=3dc93452-07a2-4843-a650-c7faed6fc07c
2025-06-26 11:44:57,641 INFO  - Fetched company for recruiterId=3dc93452-07a2-4843-a650-c7faed6fc07c
2025-06-26 11:44:57,829 INFO  - Fetched company for recruiterId=3dc93452-07a2-4843-a650-c7faed6fc07c
2025-06-26 11:44:57,842 INFO  - Fetched company for recruiterId=3dc93452-07a2-4843-a650-c7faed6fc07c
2025-06-26 11:44:57,850 INFO  - Fetched company for recruiterId=3dc93452-07a2-4843-a650-c7faed6fc07c
2025-06-26 11:44:57,862 INFO  - Fetched company for recruiterId=3dc93452-07a2-4843-a650-c7faed6fc07c
2025-06-26 11:45:12,936 INFO  - Fetched company for recruiterId=3dc93452-07a2-4843-a650-c7faed6fc07c
2025-06-26 11:45:12,944 INFO  - Fetched company for recruiterId=3dc93452-07a2-4843-a650-c7faed6fc07c
2025-06-26 11:45:12,952 INFO  - Fetched company for recruiterId=3dc93452-07a2-4843-a650-c7faed6fc07c
2025-06-26 11:45:12,961 INFO  - Fetched company for recruiterId=3dc93452-07a2-4843-a650-c7faed6fc07c
2025-06-26 11:45:14,144 INFO  - Fetched company for recruiterId=3dc93452-07a2-4843-a650-c7faed6fc07c
2025-06-26 11:45:14,153 INFO  - Fetched company for recruiterId=3dc93452-07a2-4843-a650-c7faed6fc07c
2025-06-26 11:45:14,161 INFO  - Fetched company for recruiterId=3dc93452-07a2-4843-a650-c7faed6fc07c
2025-06-26 11:45:14,169 INFO  - Fetched company for recruiterId=3dc93452-07a2-4843-a650-c7faed6fc07c
2025-06-26 11:45:17,737 INFO  - Fetched company for recruiterId=3dc93452-07a2-4843-a650-c7faed6fc07c
2025-06-26 11:45:17,748 INFO  - Fetched company for recruiterId=3dc93452-07a2-4843-a650-c7faed6fc07c
2025-06-26 11:45:17,757 INFO  - Fetched company for recruiterId=3dc93452-07a2-4843-a650-c7faed6fc07c
2025-06-26 11:45:17,767 INFO  - Fetched company for recruiterId=3dc93452-07a2-4843-a650-c7faed6fc07c
2025-06-26 11:45:17,959 INFO  - Fetched company for recruiterId=3dc93452-07a2-4843-a650-c7faed6fc07c
2025-06-26 11:45:17,973 INFO  - Fetched company for recruiterId=3dc93452-07a2-4843-a650-c7faed6fc07c
2025-06-26 11:45:17,984 INFO  - Fetched company for recruiterId=3dc93452-07a2-4843-a650-c7faed6fc07c
2025-06-26 11:45:18,000 INFO  - Fetched company for recruiterId=3dc93452-07a2-4843-a650-c7faed6fc07c
2025-06-26 11:45:26,745 INFO  - Fetched company for recruiterId=3dc93452-07a2-4843-a650-c7faed6fc07c
2025-06-26 11:45:26,756 INFO  - Fetched company for recruiterId=3dc93452-07a2-4843-a650-c7faed6fc07c
2025-06-26 11:45:26,766 INFO  - Fetched company for recruiterId=3dc93452-07a2-4843-a650-c7faed6fc07c
2025-06-26 11:45:26,774 INFO  - Fetched company for recruiterId=3dc93452-07a2-4843-a650-c7faed6fc07c
2025-06-26 11:45:27,170 INFO  - Fetched company for recruiterId=3dc93452-07a2-4843-a650-c7faed6fc07c
2025-06-26 11:45:27,179 INFO  - Fetched company for recruiterId=3dc93452-07a2-4843-a650-c7faed6fc07c
2025-06-26 11:45:27,189 INFO  - Fetched company for recruiterId=3dc93452-07a2-4843-a650-c7faed6fc07c
2025-06-26 11:45:27,198 INFO  - Fetched company for recruiterId=3dc93452-07a2-4843-a650-c7faed6fc07c
2025-06-26 11:45:28,470 INFO  - Fetched company for recruiterId=3dc93452-07a2-4843-a650-c7faed6fc07c
2025-06-26 11:45:28,479 INFO  - Fetched company for recruiterId=3dc93452-07a2-4843-a650-c7faed6fc07c
2025-06-26 11:45:28,489 INFO  - Fetched company for recruiterId=3dc93452-07a2-4843-a650-c7faed6fc07c
2025-06-26 11:45:28,499 INFO  - Fetched company for recruiterId=3dc93452-07a2-4843-a650-c7faed6fc07c
2025-06-26 11:45:29,137 INFO  - Fetched company for recruiterId=3dc93452-07a2-4843-a650-c7faed6fc07c
2025-06-26 11:45:29,146 INFO  - Fetched company for recruiterId=3dc93452-07a2-4843-a650-c7faed6fc07c
2025-06-26 11:45:29,154 INFO  - Fetched company for recruiterId=3dc93452-07a2-4843-a650-c7faed6fc07c
2025-06-26 11:45:29,161 INFO  - Fetched company for recruiterId=3dc93452-07a2-4843-a650-c7faed6fc07c
2025-06-26 11:45:30,987 INFO  - Fetched company for recruiterId=3dc93452-07a2-4843-a650-c7faed6fc07c
2025-06-26 11:45:31,002 INFO  - Fetched company for recruiterId=3dc93452-07a2-4843-a650-c7faed6fc07c
2025-06-26 11:45:31,014 INFO  - Fetched company for recruiterId=3dc93452-07a2-4843-a650-c7faed6fc07c
2025-06-26 11:45:31,024 INFO  - Fetched company for recruiterId=3dc93452-07a2-4843-a650-c7faed6fc07c
2025-06-26 11:45:31,483 INFO  - Fetched company for recruiterId=3dc93452-07a2-4843-a650-c7faed6fc07c
2025-06-26 11:45:31,500 INFO  - Fetched company for recruiterId=3dc93452-07a2-4843-a650-c7faed6fc07c
2025-06-26 11:45:31,513 INFO  - Fetched company for recruiterId=3dc93452-07a2-4843-a650-c7faed6fc07c
2025-06-26 11:45:31,528 INFO  - Fetched company for recruiterId=3dc93452-07a2-4843-a650-c7faed6fc07c
2025-06-26 11:45:40,609 INFO  - Fetched company for recruiterId=3dc93452-07a2-4843-a650-c7faed6fc07c
2025-06-26 11:45:40,619 INFO  - Fetched company for recruiterId=3dc93452-07a2-4843-a650-c7faed6fc07c
2025-06-26 11:45:40,627 INFO  - Fetched company for recruiterId=3dc93452-07a2-4843-a650-c7faed6fc07c
2025-06-26 11:45:40,635 INFO  - Fetched company for recruiterId=3dc93452-07a2-4843-a650-c7faed6fc07c
2025-06-26 11:45:41,195 INFO  - Fetched company for recruiterId=3dc93452-07a2-4843-a650-c7faed6fc07c
2025-06-26 11:45:41,207 INFO  - Fetched company for recruiterId=3dc93452-07a2-4843-a650-c7faed6fc07c
2025-06-26 11:45:41,216 INFO  - Fetched company for recruiterId=3dc93452-07a2-4843-a650-c7faed6fc07c
2025-06-26 11:45:41,224 INFO  - Fetched company for recruiterId=3dc93452-07a2-4843-a650-c7faed6fc07c
2025-06-26 11:45:43,417 INFO  - Fetched company for recruiterId=3dc93452-07a2-4843-a650-c7faed6fc07c
2025-06-26 11:45:43,426 INFO  - Fetched company for recruiterId=3dc93452-07a2-4843-a650-c7faed6fc07c
2025-06-26 11:45:43,436 INFO  - Fetched company for recruiterId=3dc93452-07a2-4843-a650-c7faed6fc07c
2025-06-26 11:45:43,446 INFO  - Fetched company for recruiterId=3dc93452-07a2-4843-a650-c7faed6fc07c
2025-06-26 11:45:43,681 INFO  - Fetched company for recruiterId=3dc93452-07a2-4843-a650-c7faed6fc07c
2025-06-26 11:45:43,690 INFO  - Fetched company for recruiterId=3dc93452-07a2-4843-a650-c7faed6fc07c
2025-06-26 11:45:43,699 INFO  - Fetched company for recruiterId=3dc93452-07a2-4843-a650-c7faed6fc07c
2025-06-26 11:45:43,708 INFO  - Fetched company for recruiterId=3dc93452-07a2-4843-a650-c7faed6fc07c
2025-06-26 11:45:53,523 INFO  - Fetched company for recruiterId=3dc93452-07a2-4843-a650-c7faed6fc07c
2025-06-26 11:45:53,532 INFO  - Fetched company for recruiterId=3dc93452-07a2-4843-a650-c7faed6fc07c
2025-06-26 11:45:53,543 INFO  - Fetched company for recruiterId=3dc93452-07a2-4843-a650-c7faed6fc07c
2025-06-26 11:45:53,551 INFO  - Fetched company for recruiterId=3dc93452-07a2-4843-a650-c7faed6fc07c
2025-06-26 11:45:54,150 INFO  - Fetched company for recruiterId=3dc93452-07a2-4843-a650-c7faed6fc07c
2025-06-26 11:45:54,161 INFO  - Fetched company for recruiterId=3dc93452-07a2-4843-a650-c7faed6fc07c
2025-06-26 11:45:54,171 INFO  - Fetched company for recruiterId=3dc93452-07a2-4843-a650-c7faed6fc07c
2025-06-26 11:45:54,179 INFO  - Fetched company for recruiterId=3dc93452-07a2-4843-a650-c7faed6fc07c
2025-06-26 11:46:03,452 INFO  - Fetched company for recruiterId=3dc93452-07a2-4843-a650-c7faed6fc07c
2025-06-26 11:46:03,461 INFO  - Fetched company for recruiterId=3dc93452-07a2-4843-a650-c7faed6fc07c
2025-06-26 11:46:03,469 INFO  - Fetched company for recruiterId=3dc93452-07a2-4843-a650-c7faed6fc07c
2025-06-26 11:46:03,476 INFO  - Fetched company for recruiterId=3dc93452-07a2-4843-a650-c7faed6fc07c
2025-06-26 11:46:03,664 INFO  - Fetched company for recruiterId=3dc93452-07a2-4843-a650-c7faed6fc07c
2025-06-26 11:46:03,674 INFO  - Fetched company for recruiterId=3dc93452-07a2-4843-a650-c7faed6fc07c
2025-06-26 11:46:03,684 INFO  - Fetched company for recruiterId=3dc93452-07a2-4843-a650-c7faed6fc07c
2025-06-26 11:46:03,693 INFO  - Fetched company for recruiterId=3dc93452-07a2-4843-a650-c7faed6fc07c
2025-06-26 11:46:18,871 INFO  - Fetched company for recruiterId=3dc93452-07a2-4843-a650-c7faed6fc07c
2025-06-26 11:46:18,878 INFO  - Fetched company for recruiterId=3dc93452-07a2-4843-a650-c7faed6fc07c
2025-06-26 11:46:18,886 INFO  - Fetched company for recruiterId=3dc93452-07a2-4843-a650-c7faed6fc07c
2025-06-26 11:46:18,893 INFO  - Fetched company for recruiterId=3dc93452-07a2-4843-a650-c7faed6fc07c
2025-06-26 11:46:19,342 INFO  - Fetched company for recruiterId=3dc93452-07a2-4843-a650-c7faed6fc07c
2025-06-26 11:46:19,349 INFO  - Fetched company for recruiterId=3dc93452-07a2-4843-a650-c7faed6fc07c
2025-06-26 11:46:19,384 INFO  - Fetched company for recruiterId=3dc93452-07a2-4843-a650-c7faed6fc07c
2025-06-26 11:46:19,397 INFO  - Fetched company for recruiterId=3dc93452-07a2-4843-a650-c7faed6fc07c
2025-06-26 11:46:21,332 INFO  - Fetched company for recruiterId=3dc93452-07a2-4843-a650-c7faed6fc07c
2025-06-26 11:46:21,341 INFO  - Fetched company for recruiterId=3dc93452-07a2-4843-a650-c7faed6fc07c
2025-06-26 11:46:21,349 INFO  - Fetched company for recruiterId=3dc93452-07a2-4843-a650-c7faed6fc07c
2025-06-26 11:46:21,357 INFO  - Fetched company for recruiterId=3dc93452-07a2-4843-a650-c7faed6fc07c
2025-06-26 11:46:22,186 INFO  - Fetched company for recruiterId=3dc93452-07a2-4843-a650-c7faed6fc07c
2025-06-26 11:46:22,197 INFO  - Fetched company for recruiterId=3dc93452-07a2-4843-a650-c7faed6fc07c
2025-06-26 11:46:22,217 INFO  - Fetched company for recruiterId=3dc93452-07a2-4843-a650-c7faed6fc07c
2025-06-26 11:46:22,224 INFO  - Fetched company for recruiterId=3dc93452-07a2-4843-a650-c7faed6fc07c
2025-06-26 11:46:24,870 INFO  - Fetched company for recruiterId=3dc93452-07a2-4843-a650-c7faed6fc07c
2025-06-26 11:46:24,877 INFO  - Fetched company for recruiterId=3dc93452-07a2-4843-a650-c7faed6fc07c
2025-06-26 11:46:24,884 INFO  - Fetched company for recruiterId=3dc93452-07a2-4843-a650-c7faed6fc07c
2025-06-26 11:46:24,892 INFO  - Fetched company for recruiterId=3dc93452-07a2-4843-a650-c7faed6fc07c
2025-06-26 11:46:25,095 INFO  - Fetched company for recruiterId=3dc93452-07a2-4843-a650-c7faed6fc07c
2025-06-26 11:46:25,104 INFO  - Fetched company for recruiterId=3dc93452-07a2-4843-a650-c7faed6fc07c
2025-06-26 11:46:25,115 INFO  - Fetched company for recruiterId=3dc93452-07a2-4843-a650-c7faed6fc07c
2025-06-26 11:46:25,123 INFO  - Fetched company for recruiterId=3dc93452-07a2-4843-a650-c7faed6fc07c
2025-06-26 11:46:45,624 INFO  - Fetched company for recruiterId=3dc93452-07a2-4843-a650-c7faed6fc07c
2025-06-26 11:46:45,630 INFO  - Fetched company for recruiterId=3dc93452-07a2-4843-a650-c7faed6fc07c
2025-06-26 11:46:45,638 INFO  - Fetched company for recruiterId=3dc93452-07a2-4843-a650-c7faed6fc07c
2025-06-26 11:46:45,645 INFO  - Fetched company for recruiterId=3dc93452-07a2-4843-a650-c7faed6fc07c
2025-06-26 11:47:17,687 INFO  - Resume downloaded: SeekerId = 637f3638-b296-4f0d-bb3c-5a65a7f8baed, JobPostId = ce6efdf7-8ca5-494f-af1d-aca84641db3f
2025-06-26 11:47:48,473 INFO  - Fetched company for recruiterId=3dc93452-07a2-4843-a650-c7faed6fc07c
2025-06-26 11:47:48,490 INFO  - Fetched company for recruiterId=3dc93452-07a2-4843-a650-c7faed6fc07c
2025-06-26 11:47:48,505 INFO  - Fetched company for recruiterId=3dc93452-07a2-4843-a650-c7faed6fc07c
2025-06-26 11:47:48,519 INFO  - Fetched company for recruiterId=3dc93452-07a2-4843-a650-c7faed6fc07c
2025-06-26 11:55:29,844 INFO  - Fetched company for recruiterId=3dc93452-07a2-4843-a650-c7faed6fc07c
2025-06-26 11:55:29,860 INFO  - Fetched company for recruiterId=3dc93452-07a2-4843-a650-c7faed6fc07c
2025-06-26 11:55:29,873 INFO  - Fetched company for recruiterId=3dc93452-07a2-4843-a650-c7faed6fc07c
2025-06-26 11:55:29,884 INFO  - Fetched company for recruiterId=3dc93452-07a2-4843-a650-c7faed6fc07c
2025-06-26 11:56:07,889 INFO  - Fetched company for recruiterId=3dc93452-07a2-4843-a650-c7faed6fc07c
2025-06-26 11:56:07,897 INFO  - Fetched company for recruiterId=3dc93452-07a2-4843-a650-c7faed6fc07c
2025-06-26 11:56:07,906 INFO  - Fetched company for recruiterId=3dc93452-07a2-4843-a650-c7faed6fc07c
2025-06-26 11:56:07,913 INFO  - Fetched company for recruiterId=3dc93452-07a2-4843-a650-c7faed6fc07c
2025-06-26 11:56:26,453 INFO  - Fetched company for recruiterId=3dc93452-07a2-4843-a650-c7faed6fc07c
2025-06-26 11:56:26,469 INFO  - Fetched company for recruiterId=3dc93452-07a2-4843-a650-c7faed6fc07c
2025-06-26 11:56:26,481 INFO  - Fetched company for recruiterId=3dc93452-07a2-4843-a650-c7faed6fc07c
2025-06-26 11:56:26,495 INFO  - Fetched company for recruiterId=3dc93452-07a2-4843-a650-c7faed6fc07c
2025-06-26 11:56:37,356 INFO  - Fetched company for recruiterId=3dc93452-07a2-4843-a650-c7faed6fc07c
2025-06-26 11:56:37,363 INFO  - Fetched company for recruiterId=3dc93452-07a2-4843-a650-c7faed6fc07c
2025-06-26 11:56:37,372 INFO  - Fetched company for recruiterId=3dc93452-07a2-4843-a650-c7faed6fc07c
2025-06-26 11:56:37,379 INFO  - Fetched company for recruiterId=3dc93452-07a2-4843-a650-c7faed6fc07c
2025-06-26 11:57:00,358 INFO  - Fetched company for recruiterId=3dc93452-07a2-4843-a650-c7faed6fc07c
2025-06-26 11:57:00,367 INFO  - Fetched company for recruiterId=3dc93452-07a2-4843-a650-c7faed6fc07c
2025-06-26 11:57:00,376 INFO  - Fetched company for recruiterId=3dc93452-07a2-4843-a650-c7faed6fc07c
2025-06-26 11:57:00,384 INFO  - Fetched company for recruiterId=3dc93452-07a2-4843-a650-c7faed6fc07c
2025-06-26 11:57:05,462 INFO  - Fetched company for recruiterId=3dc93452-07a2-4843-a650-c7faed6fc07c
2025-06-26 11:57:05,474 INFO  - Fetched company for recruiterId=3dc93452-07a2-4843-a650-c7faed6fc07c
2025-06-26 11:57:05,485 INFO  - Fetched company for recruiterId=3dc93452-07a2-4843-a650-c7faed6fc07c
2025-06-26 11:57:05,494 INFO  - Fetched company for recruiterId=3dc93452-07a2-4843-a650-c7faed6fc07c
2025-06-26 11:57:31,747 INFO  - User logged in: muthu@gmail.com
2025-06-26 11:57:34,213 INFO  - Fetched all company names.
2025-06-26 11:57:34,249 INFO  - Fetched company for recruiterId=3dc93452-07a2-4843-a650-c7faed6fc07c
2025-06-26 11:57:34,259 INFO  - Fetched company for recruiterId=3dc93452-07a2-4843-a650-c7faed6fc07c
2025-06-26 11:57:34,269 INFO  - Fetched company for recruiterId=3dc93452-07a2-4843-a650-c7faed6fc07c
2025-06-26 11:57:34,279 INFO  - Fetched company for recruiterId=3dc93452-07a2-4843-a650-c7faed6fc07c
2025-06-26 11:58:30,160 INFO  - Fetched all company names.
2025-06-26 11:58:30,172 INFO  - Fetched company for recruiterId=3dc93452-07a2-4843-a650-c7faed6fc07c
2025-06-26 11:58:30,182 INFO  - Fetched company for recruiterId=3dc93452-07a2-4843-a650-c7faed6fc07c
2025-06-26 11:58:30,194 INFO  - Fetched company for recruiterId=3dc93452-07a2-4843-a650-c7faed6fc07c
2025-06-26 11:58:30,206 INFO  - Fetched company for recruiterId=3dc93452-07a2-4843-a650-c7faed6fc07c
2025-06-26 11:58:31,322 INFO  - Fetched all company names.
2025-06-26 11:58:31,407 INFO  - Fetched company for recruiterId=3dc93452-07a2-4843-a650-c7faed6fc07c
2025-06-26 11:58:31,437 INFO  - Fetched company for recruiterId=3dc93452-07a2-4843-a650-c7faed6fc07c
2025-06-26 11:58:31,452 INFO  - Fetched company for recruiterId=3dc93452-07a2-4843-a650-c7faed6fc07c
2025-06-26 11:58:31,468 INFO  - Fetched company for recruiterId=3dc93452-07a2-4843-a650-c7faed6fc07c
2025-06-26 11:58:35,626 INFO  - Fetched all company names.
2025-06-26 11:58:35,633 INFO  - Fetched company for recruiterId=3dc93452-07a2-4843-a650-c7faed6fc07c
2025-06-26 11:58:35,652 INFO  - Fetched company for recruiterId=3dc93452-07a2-4843-a650-c7faed6fc07c
2025-06-26 11:58:35,664 INFO  - Fetched company for recruiterId=3dc93452-07a2-4843-a650-c7faed6fc07c
2025-06-26 11:58:35,678 INFO  - Fetched company for recruiterId=3dc93452-07a2-4843-a650-c7faed6fc07c
2025-06-26 11:58:36,070 INFO  - Fetched all company names.
2025-06-26 11:58:36,104 INFO  - Fetched company for recruiterId=3dc93452-07a2-4843-a650-c7faed6fc07c
2025-06-26 11:58:36,124 INFO  - Fetched company for recruiterId=3dc93452-07a2-4843-a650-c7faed6fc07c
2025-06-26 11:58:36,154 INFO  - Fetched company for recruiterId=3dc93452-07a2-4843-a650-c7faed6fc07c
2025-06-26 11:58:36,178 INFO  - Fetched company for recruiterId=3dc93452-07a2-4843-a650-c7faed6fc07c
2025-06-26 11:58:43,943 INFO  - Fetched all company names.
2025-06-26 11:58:43,960 INFO  - Fetched company for recruiterId=3dc93452-07a2-4843-a650-c7faed6fc07c
2025-06-26 11:58:43,970 INFO  - Fetched company for recruiterId=3dc93452-07a2-4843-a650-c7faed6fc07c
2025-06-26 11:58:43,991 INFO  - Fetched company for recruiterId=3dc93452-07a2-4843-a650-c7faed6fc07c
2025-06-26 11:58:44,005 INFO  - Fetched company for recruiterId=3dc93452-07a2-4843-a650-c7faed6fc07c
2025-06-26 11:58:45,290 INFO  - Fetched all company names.
2025-06-26 11:58:45,328 INFO  - Fetched company for recruiterId=3dc93452-07a2-4843-a650-c7faed6fc07c
2025-06-26 11:58:45,345 INFO  - Fetched company for recruiterId=3dc93452-07a2-4843-a650-c7faed6fc07c
2025-06-26 11:58:45,368 INFO  - Fetched company for recruiterId=3dc93452-07a2-4843-a650-c7faed6fc07c
2025-06-26 11:58:45,382 INFO  - Fetched company for recruiterId=3dc93452-07a2-4843-a650-c7faed6fc07c
2025-06-26 11:58:46,550 INFO  - Fetched all company names.
2025-06-26 11:58:46,556 INFO  - Fetched company for recruiterId=3dc93452-07a2-4843-a650-c7faed6fc07c
2025-06-26 11:58:46,570 INFO  - Fetched company for recruiterId=3dc93452-07a2-4843-a650-c7faed6fc07c
2025-06-26 11:58:46,583 INFO  - Fetched company for recruiterId=3dc93452-07a2-4843-a650-c7faed6fc07c
2025-06-26 11:58:46,595 INFO  - Fetched company for recruiterId=3dc93452-07a2-4843-a650-c7faed6fc07c
2025-06-26 11:58:47,024 INFO  - Fetched company for recruiterId=3dc93452-07a2-4843-a650-c7faed6fc07c
2025-06-26 11:58:47,028 INFO  - Fetched all company names.
2025-06-26 11:58:47,050 INFO  - Fetched company for recruiterId=3dc93452-07a2-4843-a650-c7faed6fc07c
2025-06-26 11:58:47,068 INFO  - Fetched company for recruiterId=3dc93452-07a2-4843-a650-c7faed6fc07c
2025-06-26 11:58:47,092 INFO  - Fetched company for recruiterId=3dc93452-07a2-4843-a650-c7faed6fc07c
2025-06-26 11:59:00,996 INFO  - Fetched all company names.
2025-06-26 11:59:01,137 INFO  - Fetched company for recruiterId=3dc93452-07a2-4843-a650-c7faed6fc07c
2025-06-26 11:59:01,500 INFO  - Fetched all company names.
2025-06-26 11:59:01,534 INFO  - Fetched company for recruiterId=3dc93452-07a2-4843-a650-c7faed6fc07c
2025-06-26 11:59:01,588 INFO  - Fetched company for recruiterId=3dc93452-07a2-4843-a650-c7faed6fc07c
2025-06-26 11:59:01,623 INFO  - Fetched company for recruiterId=3dc93452-07a2-4843-a650-c7faed6fc07c
2025-06-26 11:59:01,640 INFO  - Fetched company for recruiterId=3dc93452-07a2-4843-a650-c7faed6fc07c
2025-06-26 11:59:20,898 INFO  - Fetched all company names.
2025-06-26 11:59:20,905 INFO  - Fetched company for recruiterId=3dc93452-07a2-4843-a650-c7faed6fc07c
2025-06-26 11:59:20,920 INFO  - Fetched company for recruiterId=3dc93452-07a2-4843-a650-c7faed6fc07c
2025-06-26 11:59:20,937 INFO  - Fetched company for recruiterId=3dc93452-07a2-4843-a650-c7faed6fc07c
2025-06-26 11:59:20,947 INFO  - Fetched company for recruiterId=3dc93452-07a2-4843-a650-c7faed6fc07c
2025-06-26 11:59:21,321 INFO  - Fetched all company names.
2025-06-26 11:59:21,359 INFO  - Fetched company for recruiterId=3dc93452-07a2-4843-a650-c7faed6fc07c
2025-06-26 11:59:21,379 INFO  - Fetched company for recruiterId=3dc93452-07a2-4843-a650-c7faed6fc07c
2025-06-26 11:59:21,398 INFO  - Fetched company for recruiterId=3dc93452-07a2-4843-a650-c7faed6fc07c
2025-06-26 11:59:21,423 INFO  - Fetched company for recruiterId=3dc93452-07a2-4843-a650-c7faed6fc07c
2025-06-26 12:00:00,688 INFO  - Fetched all company names.
2025-06-26 12:00:00,695 INFO  - Fetched company for recruiterId=3dc93452-07a2-4843-a650-c7faed6fc07c
2025-06-26 12:00:00,712 INFO  - Fetched company for recruiterId=3dc93452-07a2-4843-a650-c7faed6fc07c
2025-06-26 12:00:00,726 INFO  - Fetched company for recruiterId=3dc93452-07a2-4843-a650-c7faed6fc07c
2025-06-26 12:00:00,738 INFO  - Fetched company for recruiterId=3dc93452-07a2-4843-a650-c7faed6fc07c
2025-06-26 12:00:01,122 INFO  - Fetched all company names.
2025-06-26 12:00:01,165 INFO  - Fetched company for recruiterId=3dc93452-07a2-4843-a650-c7faed6fc07c
2025-06-26 12:00:01,187 INFO  - Fetched company for recruiterId=3dc93452-07a2-4843-a650-c7faed6fc07c
2025-06-26 12:00:01,246 INFO  - Fetched company for recruiterId=3dc93452-07a2-4843-a650-c7faed6fc07c
2025-06-26 12:00:01,267 INFO  - Fetched company for recruiterId=3dc93452-07a2-4843-a650-c7faed6fc07c
2025-06-26 12:01:09,640 INFO  - Fetched all company names.
2025-06-26 12:01:09,650 INFO  - Fetched company for recruiterId=3dc93452-07a2-4843-a650-c7faed6fc07c
2025-06-26 12:01:09,662 INFO  - Fetched company for recruiterId=3dc93452-07a2-4843-a650-c7faed6fc07c
2025-06-26 12:01:09,672 INFO  - Fetched company for recruiterId=3dc93452-07a2-4843-a650-c7faed6fc07c
2025-06-26 12:01:09,685 INFO  - Fetched company for recruiterId=3dc93452-07a2-4843-a650-c7faed6fc07c
2025-06-26 12:01:10,141 INFO  - Fetched company for recruiterId=3dc93452-07a2-4843-a650-c7faed6fc07c
2025-06-26 12:01:10,143 INFO  - Fetched all company names.
2025-06-26 12:01:10,169 INFO  - Fetched company for recruiterId=3dc93452-07a2-4843-a650-c7faed6fc07c
2025-06-26 12:01:10,182 INFO  - Fetched company for recruiterId=3dc93452-07a2-4843-a650-c7faed6fc07c
2025-06-26 12:01:10,203 INFO  - Fetched company for recruiterId=3dc93452-07a2-4843-a650-c7faed6fc07c
2025-06-26 12:01:23,605 INFO  - Fetched all company names.
2025-06-26 12:01:23,619 INFO  - Fetched company for recruiterId=3dc93452-07a2-4843-a650-c7faed6fc07c
2025-06-26 12:01:23,628 INFO  - Fetched company for recruiterId=3dc93452-07a2-4843-a650-c7faed6fc07c
2025-06-26 12:01:23,641 INFO  - Fetched company for recruiterId=3dc93452-07a2-4843-a650-c7faed6fc07c
2025-06-26 12:01:23,656 INFO  - Fetched company for recruiterId=3dc93452-07a2-4843-a650-c7faed6fc07c
2025-06-26 12:01:24,033 INFO  - Fetched all company names.
2025-06-26 12:01:24,074 INFO  - Fetched company for recruiterId=3dc93452-07a2-4843-a650-c7faed6fc07c
2025-06-26 12:01:24,092 INFO  - Fetched company for recruiterId=3dc93452-07a2-4843-a650-c7faed6fc07c
2025-06-26 12:01:24,110 INFO  - Fetched company for recruiterId=3dc93452-07a2-4843-a650-c7faed6fc07c
2025-06-26 12:01:24,159 INFO  - Fetched company for recruiterId=3dc93452-07a2-4843-a650-c7faed6fc07c
2025-06-26 12:01:31,136 INFO  - Fetched all company names.
2025-06-26 12:01:31,150 INFO  - Fetched company for recruiterId=3dc93452-07a2-4843-a650-c7faed6fc07c
2025-06-26 12:01:31,164 INFO  - Fetched company for recruiterId=3dc93452-07a2-4843-a650-c7faed6fc07c
2025-06-26 12:01:31,179 INFO  - Fetched company for recruiterId=3dc93452-07a2-4843-a650-c7faed6fc07c
2025-06-26 12:01:31,190 INFO  - Fetched company for recruiterId=3dc93452-07a2-4843-a650-c7faed6fc07c
2025-06-26 12:01:32,137 INFO  - Fetched all company names.
2025-06-26 12:01:32,208 INFO  - Fetched company for recruiterId=3dc93452-07a2-4843-a650-c7faed6fc07c
2025-06-26 12:01:32,238 INFO  - Fetched company for recruiterId=3dc93452-07a2-4843-a650-c7faed6fc07c
2025-06-26 12:01:32,272 INFO  - Fetched company for recruiterId=3dc93452-07a2-4843-a650-c7faed6fc07c
2025-06-26 12:01:32,290 INFO  - Fetched company for recruiterId=3dc93452-07a2-4843-a650-c7faed6fc07c
2025-06-26 12:01:38,593 INFO  - Fetched all company names.
2025-06-26 12:01:38,601 INFO  - Fetched company for recruiterId=3dc93452-07a2-4843-a650-c7faed6fc07c
2025-06-26 12:01:38,614 INFO  - Fetched company for recruiterId=3dc93452-07a2-4843-a650-c7faed6fc07c
2025-06-26 12:01:38,627 INFO  - Fetched company for recruiterId=3dc93452-07a2-4843-a650-c7faed6fc07c
2025-06-26 12:01:38,644 INFO  - Fetched company for recruiterId=3dc93452-07a2-4843-a650-c7faed6fc07c
2025-06-26 12:01:39,035 INFO  - Fetched all company names.
2025-06-26 12:01:39,068 INFO  - Fetched company for recruiterId=3dc93452-07a2-4843-a650-c7faed6fc07c
2025-06-26 12:01:39,090 INFO  - Fetched company for recruiterId=3dc93452-07a2-4843-a650-c7faed6fc07c
2025-06-26 12:01:39,125 INFO  - Fetched company for recruiterId=3dc93452-07a2-4843-a650-c7faed6fc07c
2025-06-26 12:01:39,155 INFO  - Fetched company for recruiterId=3dc93452-07a2-4843-a650-c7faed6fc07c
2025-06-26 12:03:22,526 INFO  - Fetched all company names.
2025-06-26 12:03:22,535 INFO  - Fetched company for recruiterId=3dc93452-07a2-4843-a650-c7faed6fc07c
2025-06-26 12:03:22,544 INFO  - Fetched company for recruiterId=3dc93452-07a2-4843-a650-c7faed6fc07c
2025-06-26 12:03:22,551 INFO  - Fetched company for recruiterId=3dc93452-07a2-4843-a650-c7faed6fc07c
2025-06-26 12:03:22,564 INFO  - Fetched company for recruiterId=3dc93452-07a2-4843-a650-c7faed6fc07c
2025-06-26 12:03:23,174 INFO  - Fetched all company names.
2025-06-26 12:03:23,220 INFO  - Fetched company for recruiterId=3dc93452-07a2-4843-a650-c7faed6fc07c
2025-06-26 12:03:23,235 INFO  - Fetched company for recruiterId=3dc93452-07a2-4843-a650-c7faed6fc07c
2025-06-26 12:03:23,250 INFO  - Fetched company for recruiterId=3dc93452-07a2-4843-a650-c7faed6fc07c
2025-06-26 12:03:23,260 INFO  - Fetched company for recruiterId=3dc93452-07a2-4843-a650-c7faed6fc07c
2025-06-26 12:03:28,844 INFO  - Fetched all company names.
2025-06-26 12:03:28,851 INFO  - Fetched company for recruiterId=3dc93452-07a2-4843-a650-c7faed6fc07c
2025-06-26 12:03:28,858 INFO  - Fetched company for recruiterId=3dc93452-07a2-4843-a650-c7faed6fc07c
2025-06-26 12:03:28,866 INFO  - Fetched company for recruiterId=3dc93452-07a2-4843-a650-c7faed6fc07c
2025-06-26 12:03:28,874 INFO  - Fetched company for recruiterId=3dc93452-07a2-4843-a650-c7faed6fc07c
2025-06-26 12:03:29,078 INFO  - Fetched all company names.
2025-06-26 12:03:29,121 INFO  - Fetched company for recruiterId=3dc93452-07a2-4843-a650-c7faed6fc07c
2025-06-26 12:03:29,132 INFO  - Fetched company for recruiterId=3dc93452-07a2-4843-a650-c7faed6fc07c
2025-06-26 12:03:29,142 INFO  - Fetched company for recruiterId=3dc93452-07a2-4843-a650-c7faed6fc07c
2025-06-26 12:03:29,149 INFO  - Fetched company for recruiterId=3dc93452-07a2-4843-a650-c7faed6fc07c
2025-06-26 12:03:39,166 INFO  - Fetched all company names.
2025-06-26 12:03:39,170 INFO  - Fetched company for recruiterId=3dc93452-07a2-4843-a650-c7faed6fc07c
2025-06-26 12:03:39,181 INFO  - Fetched company for recruiterId=3dc93452-07a2-4843-a650-c7faed6fc07c
2025-06-26 12:03:39,190 INFO  - Fetched company for recruiterId=3dc93452-07a2-4843-a650-c7faed6fc07c
2025-06-26 12:03:39,200 INFO  - Fetched company for recruiterId=3dc93452-07a2-4843-a650-c7faed6fc07c
2025-06-26 12:03:40,082 INFO  - Fetched all company names.
2025-06-26 12:03:40,112 INFO  - Fetched company for recruiterId=3dc93452-07a2-4843-a650-c7faed6fc07c
2025-06-26 12:03:40,125 INFO  - Fetched company for recruiterId=3dc93452-07a2-4843-a650-c7faed6fc07c
2025-06-26 12:03:40,134 INFO  - Fetched company for recruiterId=3dc93452-07a2-4843-a650-c7faed6fc07c
2025-06-26 12:03:40,143 INFO  - Fetched company for recruiterId=3dc93452-07a2-4843-a650-c7faed6fc07c
2025-06-26 12:03:50,095 INFO  - Fetched all company names.
2025-06-26 12:03:50,098 INFO  - Fetched company for recruiterId=3dc93452-07a2-4843-a650-c7faed6fc07c
2025-06-26 12:03:50,110 INFO  - Fetched company for recruiterId=3dc93452-07a2-4843-a650-c7faed6fc07c
2025-06-26 12:03:50,118 INFO  - Fetched company for recruiterId=3dc93452-07a2-4843-a650-c7faed6fc07c
2025-06-26 12:03:50,125 INFO  - Fetched company for recruiterId=3dc93452-07a2-4843-a650-c7faed6fc07c
2025-06-26 12:03:51,073 INFO  - Fetched all company names.
2025-06-26 12:03:51,113 INFO  - Fetched company for recruiterId=3dc93452-07a2-4843-a650-c7faed6fc07c
2025-06-26 12:03:51,126 INFO  - Fetched company for recruiterId=3dc93452-07a2-4843-a650-c7faed6fc07c
2025-06-26 12:03:51,138 INFO  - Fetched company for recruiterId=3dc93452-07a2-4843-a650-c7faed6fc07c
2025-06-26 12:03:51,146 INFO  - Fetched company for recruiterId=3dc93452-07a2-4843-a650-c7faed6fc07c
2025-06-26 12:03:52,978 INFO  - Fetched all company names.
2025-06-26 12:03:52,984 INFO  - Fetched company for recruiterId=3dc93452-07a2-4843-a650-c7faed6fc07c
2025-06-26 12:03:52,992 INFO  - Fetched company for recruiterId=3dc93452-07a2-4843-a650-c7faed6fc07c
2025-06-26 12:03:53,002 INFO  - Fetched company for recruiterId=3dc93452-07a2-4843-a650-c7faed6fc07c
2025-06-26 12:03:53,013 INFO  - Fetched company for recruiterId=3dc93452-07a2-4843-a650-c7faed6fc07c
2025-06-26 12:03:54,097 INFO  - Fetched all company names.
2025-06-26 12:03:54,128 INFO  - Fetched company for recruiterId=3dc93452-07a2-4843-a650-c7faed6fc07c
2025-06-26 12:03:54,145 INFO  - Fetched company for recruiterId=3dc93452-07a2-4843-a650-c7faed6fc07c
2025-06-26 12:03:54,183 INFO  - Fetched company for recruiterId=3dc93452-07a2-4843-a650-c7faed6fc07c
2025-06-26 12:03:54,193 INFO  - Fetched company for recruiterId=3dc93452-07a2-4843-a650-c7faed6fc07c
2025-06-26 12:03:55,669 INFO  - Fetched all company names.
2025-06-26 12:03:55,676 INFO  - Fetched company for recruiterId=3dc93452-07a2-4843-a650-c7faed6fc07c
2025-06-26 12:03:55,689 INFO  - Fetched company for recruiterId=3dc93452-07a2-4843-a650-c7faed6fc07c
2025-06-26 12:03:55,701 INFO  - Fetched company for recruiterId=3dc93452-07a2-4843-a650-c7faed6fc07c
2025-06-26 12:03:55,718 INFO  - Fetched company for recruiterId=3dc93452-07a2-4843-a650-c7faed6fc07c
2025-06-26 12:03:55,951 INFO  - Fetched all company names.
2025-06-26 12:03:55,991 INFO  - Fetched company for recruiterId=3dc93452-07a2-4843-a650-c7faed6fc07c
2025-06-26 12:03:56,008 INFO  - Fetched company for recruiterId=3dc93452-07a2-4843-a650-c7faed6fc07c
2025-06-26 12:03:56,031 INFO  - Fetched company for recruiterId=3dc93452-07a2-4843-a650-c7faed6fc07c
2025-06-26 12:03:56,046 INFO  - Fetched company for recruiterId=3dc93452-07a2-4843-a650-c7faed6fc07c
2025-06-26 12:04:27,840 INFO  - Fetched all company names.
2025-06-26 12:04:27,855 INFO  - Fetched company for recruiterId=3dc93452-07a2-4843-a650-c7faed6fc07c
2025-06-26 12:04:27,862 INFO  - Fetched company for recruiterId=3dc93452-07a2-4843-a650-c7faed6fc07c
2025-06-26 12:04:27,869 INFO  - Fetched company for recruiterId=3dc93452-07a2-4843-a650-c7faed6fc07c
2025-06-26 12:04:27,877 INFO  - Fetched company for recruiterId=3dc93452-07a2-4843-a650-c7faed6fc07c
2025-06-26 12:04:28,628 INFO  - Fetched company for recruiterId=3dc93452-07a2-4843-a650-c7faed6fc07c
2025-06-26 12:04:28,637 INFO  - Fetched company for recruiterId=3dc93452-07a2-4843-a650-c7faed6fc07c
2025-06-26 12:04:28,646 INFO  - Fetched company for recruiterId=3dc93452-07a2-4843-a650-c7faed6fc07c
2025-06-26 12:04:41,884 INFO  - Fetched company for recruiterId=3dc93452-07a2-4843-a650-c7faed6fc07c
2025-06-26 12:04:41,891 INFO  - Fetched company for recruiterId=3dc93452-07a2-4843-a650-c7faed6fc07c
2025-06-26 12:04:41,898 INFO  - Fetched company for recruiterId=3dc93452-07a2-4843-a650-c7faed6fc07c
2025-06-26 12:05:10,701 INFO  - Fetched company for recruiterId=3dc93452-07a2-4843-a650-c7faed6fc07c
2025-06-26 12:05:10,708 INFO  - Fetched company for recruiterId=3dc93452-07a2-4843-a650-c7faed6fc07c
2025-06-26 12:05:10,716 INFO  - Fetched company for recruiterId=3dc93452-07a2-4843-a650-c7faed6fc07c
2025-06-26 12:05:10,999 INFO  - Fetched company for recruiterId=3dc93452-07a2-4843-a650-c7faed6fc07c
2025-06-26 12:05:11,008 INFO  - Fetched company for recruiterId=3dc93452-07a2-4843-a650-c7faed6fc07c
2025-06-26 12:05:11,016 INFO  - Fetched company for recruiterId=3dc93452-07a2-4843-a650-c7faed6fc07c
2025-06-26 12:05:28,917 INFO  - Fetched company for recruiterId=3dc93452-07a2-4843-a650-c7faed6fc07c
2025-06-26 12:05:28,924 INFO  - Fetched company for recruiterId=3dc93452-07a2-4843-a650-c7faed6fc07c
2025-06-26 12:05:28,933 INFO  - Fetched company for recruiterId=3dc93452-07a2-4843-a650-c7faed6fc07c
2025-06-26 12:05:48,344 INFO  - Fetched all company names.
2025-06-26 12:05:48,359 INFO  - Fetched company for recruiterId=3dc93452-07a2-4843-a650-c7faed6fc07c
2025-06-26 12:05:48,369 INFO  - Fetched company for recruiterId=3dc93452-07a2-4843-a650-c7faed6fc07c
2025-06-26 12:05:48,380 INFO  - Fetched company for recruiterId=3dc93452-07a2-4843-a650-c7faed6fc07c
2025-06-26 12:05:48,389 INFO  - Fetched company for recruiterId=3dc93452-07a2-4843-a650-c7faed6fc07c
2025-06-26 12:07:02,695 INFO  - Fetched all company names.
2025-06-26 12:07:02,701 INFO  - Fetched company for recruiterId=3dc93452-07a2-4843-a650-c7faed6fc07c
2025-06-26 12:07:02,712 INFO  - Fetched company for recruiterId=3dc93452-07a2-4843-a650-c7faed6fc07c
2025-06-26 12:07:02,727 INFO  - Fetched company for recruiterId=3dc93452-07a2-4843-a650-c7faed6fc07c
2025-06-26 12:07:02,738 INFO  - Fetched company for recruiterId=3dc93452-07a2-4843-a650-c7faed6fc07c
2025-06-26 12:07:03,142 INFO  - Fetched all company names.
2025-06-26 12:07:03,238 INFO  - Fetched company for recruiterId=3dc93452-07a2-4843-a650-c7faed6fc07c
2025-06-26 12:07:03,260 INFO  - Fetched company for recruiterId=3dc93452-07a2-4843-a650-c7faed6fc07c
2025-06-26 12:07:03,280 INFO  - Fetched company for recruiterId=3dc93452-07a2-4843-a650-c7faed6fc07c
2025-06-26 12:07:03,296 INFO  - Fetched company for recruiterId=3dc93452-07a2-4843-a650-c7faed6fc07c
2025-06-26 12:07:10,636 INFO  - Fetched all company names.
2025-06-26 12:07:10,644 INFO  - Fetched company for recruiterId=3dc93452-07a2-4843-a650-c7faed6fc07c
2025-06-26 12:07:10,660 INFO  - Fetched company for recruiterId=3dc93452-07a2-4843-a650-c7faed6fc07c
2025-06-26 12:07:10,674 INFO  - Fetched company for recruiterId=3dc93452-07a2-4843-a650-c7faed6fc07c
2025-06-26 12:07:10,686 INFO  - Fetched company for recruiterId=3dc93452-07a2-4843-a650-c7faed6fc07c
2025-06-26 12:07:11,064 INFO  - Fetched all company names.
2025-06-26 12:07:11,100 INFO  - Fetched company for recruiterId=3dc93452-07a2-4843-a650-c7faed6fc07c
2025-06-26 12:07:11,115 INFO  - Fetched company for recruiterId=3dc93452-07a2-4843-a650-c7faed6fc07c
2025-06-26 12:07:11,133 INFO  - Fetched company for recruiterId=3dc93452-07a2-4843-a650-c7faed6fc07c
2025-06-26 12:07:11,155 INFO  - Fetched company for recruiterId=3dc93452-07a2-4843-a650-c7faed6fc07c
2025-06-26 12:07:21,805 INFO  - Fetched all company names.
2025-06-26 12:07:21,821 INFO  - Fetched company for recruiterId=3dc93452-07a2-4843-a650-c7faed6fc07c
2025-06-26 12:07:21,832 INFO  - Fetched company for recruiterId=3dc93452-07a2-4843-a650-c7faed6fc07c
2025-06-26 12:07:21,861 INFO  - Fetched company for recruiterId=3dc93452-07a2-4843-a650-c7faed6fc07c
2025-06-26 12:07:21,873 INFO  - Fetched company for recruiterId=3dc93452-07a2-4843-a650-c7faed6fc07c
2025-06-26 12:07:22,320 INFO  - Fetched all company names.
2025-06-26 12:07:22,346 INFO  - Fetched company for recruiterId=3dc93452-07a2-4843-a650-c7faed6fc07c
2025-06-26 12:07:22,366 INFO  - Fetched company for recruiterId=3dc93452-07a2-4843-a650-c7faed6fc07c
2025-06-26 12:07:22,410 INFO  - Fetched company for recruiterId=3dc93452-07a2-4843-a650-c7faed6fc07c
2025-06-26 12:07:22,429 INFO  - Fetched company for recruiterId=3dc93452-07a2-4843-a650-c7faed6fc07c
2025-06-26 12:07:24,235 INFO  - Fetched all company names.
2025-06-26 12:07:24,249 INFO  - Fetched company for recruiterId=3dc93452-07a2-4843-a650-c7faed6fc07c
2025-06-26 12:07:24,265 INFO  - Fetched company for recruiterId=3dc93452-07a2-4843-a650-c7faed6fc07c
2025-06-26 12:07:24,279 INFO  - Fetched company for recruiterId=3dc93452-07a2-4843-a650-c7faed6fc07c
2025-06-26 12:07:24,292 INFO  - Fetched company for recruiterId=3dc93452-07a2-4843-a650-c7faed6fc07c
2025-06-26 12:07:25,300 INFO  - Fetched all company names.
2025-06-26 12:07:25,344 INFO  - Fetched company for recruiterId=3dc93452-07a2-4843-a650-c7faed6fc07c
2025-06-26 12:07:25,364 INFO  - Fetched company for recruiterId=3dc93452-07a2-4843-a650-c7faed6fc07c
2025-06-26 12:07:25,377 INFO  - Fetched company for recruiterId=3dc93452-07a2-4843-a650-c7faed6fc07c
2025-06-26 12:07:25,411 INFO  - Fetched company for recruiterId=3dc93452-07a2-4843-a650-c7faed6fc07c
2025-06-26 12:07:25,726 INFO  - Fetched all company names.
2025-06-26 12:07:25,738 INFO  - Fetched company for recruiterId=3dc93452-07a2-4843-a650-c7faed6fc07c
2025-06-26 12:07:25,750 INFO  - Fetched company for recruiterId=3dc93452-07a2-4843-a650-c7faed6fc07c
2025-06-26 12:07:25,788 INFO  - Fetched company for recruiterId=3dc93452-07a2-4843-a650-c7faed6fc07c
2025-06-26 12:07:25,806 INFO  - Fetched company for recruiterId=3dc93452-07a2-4843-a650-c7faed6fc07c
2025-06-26 12:07:26,310 INFO  - Fetched all company names.
2025-06-26 12:07:26,354 INFO  - Fetched company for recruiterId=3dc93452-07a2-4843-a650-c7faed6fc07c
2025-06-26 12:07:26,393 INFO  - Fetched company for recruiterId=3dc93452-07a2-4843-a650-c7faed6fc07c
2025-06-26 12:07:26,409 INFO  - Fetched company for recruiterId=3dc93452-07a2-4843-a650-c7faed6fc07c
2025-06-26 12:07:26,427 INFO  - Fetched company for recruiterId=3dc93452-07a2-4843-a650-c7faed6fc07c
2025-06-26 12:07:29,765 INFO  - Fetched all company names.
2025-06-26 12:07:29,788 INFO  - Fetched company for recruiterId=3dc93452-07a2-4843-a650-c7faed6fc07c
2025-06-26 12:07:29,838 INFO  - Fetched company for recruiterId=3dc93452-07a2-4843-a650-c7faed6fc07c
2025-06-26 12:07:29,905 INFO  - Fetched company for recruiterId=3dc93452-07a2-4843-a650-c7faed6fc07c
2025-06-26 12:07:30,322 INFO  - Fetched all company names.
2025-06-26 12:07:30,410 INFO  - Fetched company for recruiterId=3dc93452-07a2-4843-a650-c7faed6fc07c
2025-06-26 12:07:30,446 INFO  - Fetched company for recruiterId=3dc93452-07a2-4843-a650-c7faed6fc07c
2025-06-26 12:07:30,517 INFO  - Fetched company for recruiterId=3dc93452-07a2-4843-a650-c7faed6fc07c
2025-06-26 12:07:30,579 INFO  - Fetched company for recruiterId=3dc93452-07a2-4843-a650-c7faed6fc07c
2025-06-26 12:07:40,730 INFO  - Fetched all company names.
2025-06-26 12:07:40,735 INFO  - Fetched company for recruiterId=3dc93452-07a2-4843-a650-c7faed6fc07c
2025-06-26 12:07:40,743 INFO  - Fetched company for recruiterId=3dc93452-07a2-4843-a650-c7faed6fc07c
2025-06-26 12:07:40,750 INFO  - Fetched company for recruiterId=3dc93452-07a2-4843-a650-c7faed6fc07c
2025-06-26 12:07:40,758 INFO  - Fetched company for recruiterId=3dc93452-07a2-4843-a650-c7faed6fc07c
2025-06-26 12:07:40,993 INFO  - Fetched all company names.
2025-06-26 12:07:41,025 INFO  - Fetched company for recruiterId=3dc93452-07a2-4843-a650-c7faed6fc07c
2025-06-26 12:07:41,060 INFO  - Fetched company for recruiterId=3dc93452-07a2-4843-a650-c7faed6fc07c
2025-06-26 12:07:41,076 INFO  - Fetched company for recruiterId=3dc93452-07a2-4843-a650-c7faed6fc07c
2025-06-26 12:07:41,087 INFO  - Fetched company for recruiterId=3dc93452-07a2-4843-a650-c7faed6fc07c
2025-06-26 12:07:49,613 INFO  - Fetched all company names.
2025-06-26 12:07:49,618 INFO  - Fetched company for recruiterId=3dc93452-07a2-4843-a650-c7faed6fc07c
2025-06-26 12:07:49,626 INFO  - Fetched company for recruiterId=3dc93452-07a2-4843-a650-c7faed6fc07c
2025-06-26 12:07:49,635 INFO  - Fetched company for recruiterId=3dc93452-07a2-4843-a650-c7faed6fc07c
2025-06-26 12:07:49,643 INFO  - Fetched company for recruiterId=3dc93452-07a2-4843-a650-c7faed6fc07c
2025-06-26 12:07:49,797 INFO  - Fetched all company names.
2025-06-26 12:07:49,822 INFO  - Fetched company for recruiterId=3dc93452-07a2-4843-a650-c7faed6fc07c
2025-06-26 12:07:49,833 INFO  - Fetched company for recruiterId=3dc93452-07a2-4843-a650-c7faed6fc07c
2025-06-26 12:07:49,843 INFO  - Fetched company for recruiterId=3dc93452-07a2-4843-a650-c7faed6fc07c
2025-06-26 12:07:49,854 INFO  - Fetched company for recruiterId=3dc93452-07a2-4843-a650-c7faed6fc07c
2025-06-26 12:07:55,213 INFO  - Fetched all company names.
2025-06-26 12:07:55,220 INFO  - Fetched company for recruiterId=3dc93452-07a2-4843-a650-c7faed6fc07c
2025-06-26 12:07:55,228 INFO  - Fetched company for recruiterId=3dc93452-07a2-4843-a650-c7faed6fc07c
2025-06-26 12:07:55,235 INFO  - Fetched company for recruiterId=3dc93452-07a2-4843-a650-c7faed6fc07c
2025-06-26 12:07:55,243 INFO  - Fetched company for recruiterId=3dc93452-07a2-4843-a650-c7faed6fc07c
2025-06-26 12:07:56,085 INFO  - Fetched all company names.
2025-06-26 12:07:56,105 INFO  - Fetched company for recruiterId=3dc93452-07a2-4843-a650-c7faed6fc07c
2025-06-26 12:07:56,117 INFO  - Fetched company for recruiterId=3dc93452-07a2-4843-a650-c7faed6fc07c
2025-06-26 12:07:56,129 INFO  - Fetched company for recruiterId=3dc93452-07a2-4843-a650-c7faed6fc07c
2025-06-26 12:07:56,137 INFO  - Fetched company for recruiterId=3dc93452-07a2-4843-a650-c7faed6fc07c
2025-06-26 12:07:58,303 INFO  - Fetched all company names.
2025-06-26 12:07:58,309 INFO  - Fetched company for recruiterId=3dc93452-07a2-4843-a650-c7faed6fc07c
2025-06-26 12:07:58,316 INFO  - Fetched company for recruiterId=3dc93452-07a2-4843-a650-c7faed6fc07c
2025-06-26 12:07:58,322 INFO  - Fetched company for recruiterId=3dc93452-07a2-4843-a650-c7faed6fc07c
2025-06-26 12:07:58,330 INFO  - Fetched company for recruiterId=3dc93452-07a2-4843-a650-c7faed6fc07c
2025-06-26 12:07:58,491 INFO  - Fetched all company names.
2025-06-26 12:07:58,518 INFO  - Fetched company for recruiterId=3dc93452-07a2-4843-a650-c7faed6fc07c
2025-06-26 12:07:58,544 INFO  - Fetched company for recruiterId=3dc93452-07a2-4843-a650-c7faed6fc07c
2025-06-26 12:07:58,554 INFO  - Fetched company for recruiterId=3dc93452-07a2-4843-a650-c7faed6fc07c
2025-06-26 12:07:58,564 INFO  - Fetched company for recruiterId=3dc93452-07a2-4843-a650-c7faed6fc07c
2025-06-26 12:09:29,528 INFO  - Fetched all company names.
2025-06-26 12:09:29,539 INFO  - Fetched company for recruiterId=3dc93452-07a2-4843-a650-c7faed6fc07c
2025-06-26 12:09:29,550 INFO  - Fetched company for recruiterId=3dc93452-07a2-4843-a650-c7faed6fc07c
2025-06-26 12:09:29,561 INFO  - Fetched company for recruiterId=3dc93452-07a2-4843-a650-c7faed6fc07c
2025-06-26 12:09:29,572 INFO  - Fetched company for recruiterId=3dc93452-07a2-4843-a650-c7faed6fc07c
2025-06-26 12:09:30,356 INFO  - Fetched all company names.
2025-06-26 12:09:30,450 INFO  - Fetched company for recruiterId=3dc93452-07a2-4843-a650-c7faed6fc07c
2025-06-26 12:09:30,481 INFO  - Fetched company for recruiterId=3dc93452-07a2-4843-a650-c7faed6fc07c
2025-06-26 12:09:30,504 INFO  - Fetched company for recruiterId=3dc93452-07a2-4843-a650-c7faed6fc07c
2025-06-26 12:09:30,535 INFO  - Fetched company for recruiterId=3dc93452-07a2-4843-a650-c7faed6fc07c
2025-06-26 12:09:40,044 INFO  - Fetched all company names.
2025-06-26 12:09:40,055 INFO  - Fetched company for recruiterId=3dc93452-07a2-4843-a650-c7faed6fc07c
2025-06-26 12:09:40,071 INFO  - Fetched company for recruiterId=3dc93452-07a2-4843-a650-c7faed6fc07c
2025-06-26 12:09:40,093 INFO  - Fetched company for recruiterId=3dc93452-07a2-4843-a650-c7faed6fc07c
2025-06-26 12:09:40,105 INFO  - Fetched company for recruiterId=3dc93452-07a2-4843-a650-c7faed6fc07c
2025-06-26 12:09:41,376 INFO  - Fetched all company names.
2025-06-26 12:09:41,447 INFO  - Fetched company for recruiterId=3dc93452-07a2-4843-a650-c7faed6fc07c
2025-06-26 12:09:41,482 INFO  - Fetched company for recruiterId=3dc93452-07a2-4843-a650-c7faed6fc07c
2025-06-26 12:09:41,505 INFO  - Fetched company for recruiterId=3dc93452-07a2-4843-a650-c7faed6fc07c
2025-06-26 12:09:41,531 INFO  - Fetched company for recruiterId=3dc93452-07a2-4843-a650-c7faed6fc07c
2025-06-26 12:09:54,730 INFO  - Fetched all company names.
2025-06-26 12:09:54,737 INFO  - Fetched company for recruiterId=3dc93452-07a2-4843-a650-c7faed6fc07c
2025-06-26 12:09:54,761 INFO  - Fetched company for recruiterId=3dc93452-07a2-4843-a650-c7faed6fc07c
2025-06-26 12:09:54,777 INFO  - Fetched company for recruiterId=3dc93452-07a2-4843-a650-c7faed6fc07c
2025-06-26 12:09:54,791 INFO  - Fetched company for recruiterId=3dc93452-07a2-4843-a650-c7faed6fc07c
2025-06-26 12:09:55,380 INFO  - Fetched all company names.
2025-06-26 12:09:55,443 INFO  - Fetched company for recruiterId=3dc93452-07a2-4843-a650-c7faed6fc07c
2025-06-26 12:09:55,457 INFO  - Fetched company for recruiterId=3dc93452-07a2-4843-a650-c7faed6fc07c
2025-06-26 12:09:55,473 INFO  - Fetched company for recruiterId=3dc93452-07a2-4843-a650-c7faed6fc07c
2025-06-26 12:09:55,491 INFO  - Fetched company for recruiterId=3dc93452-07a2-4843-a650-c7faed6fc07c
2025-06-26 12:09:57,096 INFO  - Fetched all company names.
2025-06-26 12:09:57,113 INFO  - Fetched company for recruiterId=3dc93452-07a2-4843-a650-c7faed6fc07c
2025-06-26 12:09:57,135 INFO  - Fetched company for recruiterId=3dc93452-07a2-4843-a650-c7faed6fc07c
2025-06-26 12:09:57,155 INFO  - Fetched company for recruiterId=3dc93452-07a2-4843-a650-c7faed6fc07c
2025-06-26 12:09:57,172 INFO  - Fetched company for recruiterId=3dc93452-07a2-4843-a650-c7faed6fc07c
2025-06-26 12:09:58,288 INFO  - Fetched all company names.
2025-06-26 12:09:58,376 INFO  - Fetched company for recruiterId=3dc93452-07a2-4843-a650-c7faed6fc07c
2025-06-26 12:09:58,393 INFO  - Fetched company for recruiterId=3dc93452-07a2-4843-a650-c7faed6fc07c
2025-06-26 12:09:58,405 INFO  - Fetched company for recruiterId=3dc93452-07a2-4843-a650-c7faed6fc07c
2025-06-26 12:09:58,423 INFO  - Fetched company for recruiterId=3dc93452-07a2-4843-a650-c7faed6fc07c
2025-06-26 12:10:15,312 INFO  - Fetched all company names.
2025-06-26 12:10:15,331 INFO  - Fetched company for recruiterId=3dc93452-07a2-4843-a650-c7faed6fc07c
2025-06-26 12:10:15,343 INFO  - Fetched company for recruiterId=3dc93452-07a2-4843-a650-c7faed6fc07c
2025-06-26 12:10:15,355 INFO  - Fetched company for recruiterId=3dc93452-07a2-4843-a650-c7faed6fc07c
2025-06-26 12:10:15,371 INFO  - Fetched company for recruiterId=3dc93452-07a2-4843-a650-c7faed6fc07c
2025-06-26 12:11:32,529 INFO  - Fetched all company names.
2025-06-26 12:11:32,574 INFO  - Fetched company for recruiterId=3dc93452-07a2-4843-a650-c7faed6fc07c
2025-06-26 12:11:32,586 INFO  - Fetched company for recruiterId=3dc93452-07a2-4843-a650-c7faed6fc07c
2025-06-26 12:11:32,598 INFO  - Fetched company for recruiterId=3dc93452-07a2-4843-a650-c7faed6fc07c
2025-06-26 12:11:32,605 INFO  - Fetched company for recruiterId=3dc93452-07a2-4843-a650-c7faed6fc07c
2025-06-26 12:12:08,475 INFO  - Fetched all company names.
2025-06-26 12:12:08,490 INFO  - Fetched company for recruiterId=3dc93452-07a2-4843-a650-c7faed6fc07c
2025-06-26 12:12:08,499 INFO  - Fetched company for recruiterId=3dc93452-07a2-4843-a650-c7faed6fc07c
2025-06-26 12:12:08,508 INFO  - Fetched company for recruiterId=3dc93452-07a2-4843-a650-c7faed6fc07c
2025-06-26 12:12:08,515 INFO  - Fetched company for recruiterId=3dc93452-07a2-4843-a650-c7faed6fc07c
2025-06-26 12:12:09,967 INFO  - Fetched company for recruiterId=3dc93452-07a2-4843-a650-c7faed6fc07c
2025-06-26 12:12:09,975 INFO  - Fetched company for recruiterId=3dc93452-07a2-4843-a650-c7faed6fc07c
2025-06-26 12:12:09,982 INFO  - Fetched company for recruiterId=3dc93452-07a2-4843-a650-c7faed6fc07c
2025-06-26 12:12:12,591 INFO  - Fetched all company names.
2025-06-26 12:12:12,609 INFO  - Fetched company for recruiterId=3dc93452-07a2-4843-a650-c7faed6fc07c
2025-06-26 12:12:12,616 INFO  - Fetched company for recruiterId=3dc93452-07a2-4843-a650-c7faed6fc07c
2025-06-26 12:12:12,624 INFO  - Fetched company for recruiterId=3dc93452-07a2-4843-a650-c7faed6fc07c
2025-06-26 12:12:12,633 INFO  - Fetched company for recruiterId=3dc93452-07a2-4843-a650-c7faed6fc07c
2025-06-26 12:12:18,343 INFO  - Fetched company for recruiterId=3dc93452-07a2-4843-a650-c7faed6fc07c
2025-06-26 12:12:18,351 INFO  - Fetched company for recruiterId=3dc93452-07a2-4843-a650-c7faed6fc07c
2025-06-26 12:12:18,358 INFO  - Fetched company for recruiterId=3dc93452-07a2-4843-a650-c7faed6fc07c
2025-06-26 12:13:00,243 INFO  - Fetched company for recruiterId=3dc93452-07a2-4843-a650-c7faed6fc07c
2025-06-26 12:13:00,251 INFO  - Fetched company for recruiterId=3dc93452-07a2-4843-a650-c7faed6fc07c
2025-06-26 12:13:00,259 INFO  - Fetched company for recruiterId=3dc93452-07a2-4843-a650-c7faed6fc07c
2025-06-26 12:13:04,638 INFO  - Fetched all company names.
2025-06-26 12:13:04,650 INFO  - Fetched company for recruiterId=3dc93452-07a2-4843-a650-c7faed6fc07c
2025-06-26 12:13:04,658 INFO  - Fetched company for recruiterId=3dc93452-07a2-4843-a650-c7faed6fc07c
2025-06-26 12:13:04,666 INFO  - Fetched company for recruiterId=3dc93452-07a2-4843-a650-c7faed6fc07c
2025-06-26 12:13:04,674 INFO  - Fetched company for recruiterId=3dc93452-07a2-4843-a650-c7faed6fc07c
2025-06-26 12:13:18,697 INFO  - Fetched all company names.
2025-06-26 12:13:18,711 INFO  - Fetched company for recruiterId=3dc93452-07a2-4843-a650-c7faed6fc07c
2025-06-26 12:13:18,719 INFO  - Fetched company for recruiterId=3dc93452-07a2-4843-a650-c7faed6fc07c
2025-06-26 12:13:18,727 INFO  - Fetched company for recruiterId=3dc93452-07a2-4843-a650-c7faed6fc07c
2025-06-26 12:13:18,735 INFO  - Fetched company for recruiterId=3dc93452-07a2-4843-a650-c7faed6fc07c
2025-06-26 12:20:45,308 INFO  - Fetched all company names.
2025-06-26 12:20:45,323 INFO  - Fetched company for recruiterId=3dc93452-07a2-4843-a650-c7faed6fc07c
2025-06-26 12:20:45,331 INFO  - Fetched company for recruiterId=3dc93452-07a2-4843-a650-c7faed6fc07c
2025-06-26 12:20:45,340 INFO  - Fetched company for recruiterId=3dc93452-07a2-4843-a650-c7faed6fc07c
2025-06-26 12:20:45,347 INFO  - Fetched company for recruiterId=3dc93452-07a2-4843-a650-c7faed6fc07c
2025-06-26 12:21:14,353 INFO  - Fetched all company names.
2025-06-26 12:21:14,371 INFO  - Fetched company for recruiterId=3dc93452-07a2-4843-a650-c7faed6fc07c
2025-06-26 12:21:14,380 INFO  - Fetched company for recruiterId=3dc93452-07a2-4843-a650-c7faed6fc07c
2025-06-26 12:21:14,388 INFO  - Fetched company for recruiterId=3dc93452-07a2-4843-a650-c7faed6fc07c
2025-06-26 12:21:14,396 INFO  - Fetched company for recruiterId=3dc93452-07a2-4843-a650-c7faed6fc07c
2025-06-26 12:23:10,280 INFO  - Fetched all company names.
2025-06-26 12:23:10,319 INFO  - Fetched company for recruiterId=3dc93452-07a2-4843-a650-c7faed6fc07c
2025-06-26 12:23:10,329 INFO  - Fetched company for recruiterId=3dc93452-07a2-4843-a650-c7faed6fc07c
2025-06-26 12:23:10,350 INFO  - Fetched company for recruiterId=3dc93452-07a2-4843-a650-c7faed6fc07c
2025-06-26 12:23:10,358 INFO  - Fetched company for recruiterId=3dc93452-07a2-4843-a650-c7faed6fc07c
2025-06-26 12:23:13,511 INFO  - Fetched all company names.
2025-06-26 12:23:13,522 INFO  - Fetched company for recruiterId=3dc93452-07a2-4843-a650-c7faed6fc07c
2025-06-26 12:23:13,529 INFO  - Fetched company for recruiterId=3dc93452-07a2-4843-a650-c7faed6fc07c
2025-06-26 12:23:13,536 INFO  - Fetched company for recruiterId=3dc93452-07a2-4843-a650-c7faed6fc07c
2025-06-26 12:23:13,542 INFO  - Fetched company for recruiterId=3dc93452-07a2-4843-a650-c7faed6fc07c
2025-06-26 12:23:21,001 INFO  - Fetched all company names.
2025-06-26 12:23:21,014 INFO  - Fetched company for recruiterId=3dc93452-07a2-4843-a650-c7faed6fc07c
2025-06-26 12:23:21,021 INFO  - Fetched company for recruiterId=3dc93452-07a2-4843-a650-c7faed6fc07c
2025-06-26 12:23:21,028 INFO  - Fetched company for recruiterId=3dc93452-07a2-4843-a650-c7faed6fc07c
2025-06-26 12:23:21,036 INFO  - Fetched company for recruiterId=3dc93452-07a2-4843-a650-c7faed6fc07c
2025-06-26 12:23:26,630 INFO  - Fetched all company names.
2025-06-26 12:23:26,644 INFO  - Fetched company for recruiterId=3dc93452-07a2-4843-a650-c7faed6fc07c
2025-06-26 12:23:26,653 INFO  - Fetched company for recruiterId=3dc93452-07a2-4843-a650-c7faed6fc07c
2025-06-26 12:23:26,660 INFO  - Fetched company for recruiterId=3dc93452-07a2-4843-a650-c7faed6fc07c
2025-06-26 12:23:26,666 INFO  - Fetched company for recruiterId=3dc93452-07a2-4843-a650-c7faed6fc07c
2025-06-26 12:23:30,681 INFO  - Fetched all company names.
2025-06-26 12:23:30,711 INFO  - Fetched company for recruiterId=3dc93452-07a2-4843-a650-c7faed6fc07c
2025-06-26 12:23:30,722 INFO  - Fetched company for recruiterId=3dc93452-07a2-4843-a650-c7faed6fc07c
2025-06-26 12:23:30,744 INFO  - Fetched company for recruiterId=3dc93452-07a2-4843-a650-c7faed6fc07c
2025-06-26 12:23:30,757 INFO  - Fetched company for recruiterId=3dc93452-07a2-4843-a650-c7faed6fc07c
2025-06-26 12:23:31,075 INFO  - Fetched all company names.
2025-06-26 12:23:31,101 INFO  - Fetched company for recruiterId=3dc93452-07a2-4843-a650-c7faed6fc07c
2025-06-26 12:23:31,114 INFO  - Fetched company for recruiterId=3dc93452-07a2-4843-a650-c7faed6fc07c
2025-06-26 12:23:31,121 INFO  - Fetched company for recruiterId=3dc93452-07a2-4843-a650-c7faed6fc07c
2025-06-26 12:23:31,131 INFO  - Fetched company for recruiterId=3dc93452-07a2-4843-a650-c7faed6fc07c
2025-06-26 12:23:32,926 INFO  - Fetched company for recruiterId=3dc93452-07a2-4843-a650-c7faed6fc07c
2025-06-26 12:23:32,938 INFO  - Fetched company for recruiterId=3dc93452-07a2-4843-a650-c7faed6fc07c
2025-06-26 12:23:32,987 INFO  - Fetched company for recruiterId=3dc93452-07a2-4843-a650-c7faed6fc07c
2025-06-26 12:23:42,213 INFO  - Fetched company for recruiterId=3dc93452-07a2-4843-a650-c7faed6fc07c
2025-06-26 12:23:42,221 INFO  - Fetched company for recruiterId=3dc93452-07a2-4843-a650-c7faed6fc07c
2025-06-26 12:23:42,228 INFO  - Fetched company for recruiterId=3dc93452-07a2-4843-a650-c7faed6fc07c
2025-06-26 12:23:47,989 INFO  - Fetched company for recruiterId=3dc93452-07a2-4843-a650-c7faed6fc07c
2025-06-26 12:23:48,001 INFO  - Fetched company for recruiterId=3dc93452-07a2-4843-a650-c7faed6fc07c
2025-06-26 12:23:48,012 INFO  - Fetched company for recruiterId=3dc93452-07a2-4843-a650-c7faed6fc07c
2025-06-26 12:24:10,232 INFO  - Fetched company for recruiterId=3dc93452-07a2-4843-a650-c7faed6fc07c
2025-06-26 12:24:10,240 INFO  - Fetched company for recruiterId=3dc93452-07a2-4843-a650-c7faed6fc07c
2025-06-26 12:24:10,248 INFO  - Fetched company for recruiterId=3dc93452-07a2-4843-a650-c7faed6fc07c
2025-06-26 12:24:29,374 INFO  - Fetched all company names.
2025-06-26 12:24:29,390 INFO  - Fetched company for recruiterId=3dc93452-07a2-4843-a650-c7faed6fc07c
2025-06-26 12:24:29,399 INFO  - Fetched company for recruiterId=3dc93452-07a2-4843-a650-c7faed6fc07c
2025-06-26 12:24:29,407 INFO  - Fetched company for recruiterId=3dc93452-07a2-4843-a650-c7faed6fc07c
2025-06-26 12:24:29,427 INFO  - Fetched company for recruiterId=3dc93452-07a2-4843-a650-c7faed6fc07c
2025-06-26 12:25:22,431 INFO  - User logged in: muthukaruppanaakash76@gmail.com
2025-06-26 12:25:24,683 INFO  - Fetched company for recruiterId=3dc93452-07a2-4843-a650-c7faed6fc07c
2025-06-26 12:25:24,694 INFO  - Fetched company for recruiterId=3dc93452-07a2-4843-a650-c7faed6fc07c
2025-06-26 12:25:24,704 INFO  - Fetched company for recruiterId=3dc93452-07a2-4843-a650-c7faed6fc07c
2025-06-26 12:25:24,713 INFO  - Fetched company for recruiterId=3dc93452-07a2-4843-a650-c7faed6fc07c
2025-06-26 12:26:33,156 INFO  - Fetched company for recruiterId=3dc93452-07a2-4843-a650-c7faed6fc07c
2025-06-26 12:26:33,178 INFO  - Fetched company for recruiterId=3dc93452-07a2-4843-a650-c7faed6fc07c
2025-06-26 12:26:33,194 INFO  - Fetched company for recruiterId=3dc93452-07a2-4843-a650-c7faed6fc07c
2025-06-26 12:26:33,209 INFO  - Fetched company for recruiterId=3dc93452-07a2-4843-a650-c7faed6fc07c
2025-06-26 12:27:25,607 INFO  - Fetched company for recruiterId=3dc93452-07a2-4843-a650-c7faed6fc07c
2025-06-26 12:27:25,617 INFO  - Fetched company for recruiterId=3dc93452-07a2-4843-a650-c7faed6fc07c
2025-06-26 12:27:25,626 INFO  - Fetched company for recruiterId=3dc93452-07a2-4843-a650-c7faed6fc07c
2025-06-26 12:27:25,636 INFO  - Fetched company for recruiterId=3dc93452-07a2-4843-a650-c7faed6fc07c
2025-06-26 12:28:17,135 INFO  - Fetched company for recruiterId=3dc93452-07a2-4843-a650-c7faed6fc07c
2025-06-26 12:28:17,145 INFO  - Fetched company for recruiterId=3dc93452-07a2-4843-a650-c7faed6fc07c
2025-06-26 12:28:17,153 INFO  - Fetched company for recruiterId=3dc93452-07a2-4843-a650-c7faed6fc07c
2025-06-26 12:28:17,162 INFO  - Fetched company for recruiterId=3dc93452-07a2-4843-a650-c7faed6fc07c
2025-06-26 12:28:23,640 INFO  - Fetched company for recruiterId=3dc93452-07a2-4843-a650-c7faed6fc07c
2025-06-26 12:28:23,649 INFO  - Fetched company for recruiterId=3dc93452-07a2-4843-a650-c7faed6fc07c
2025-06-26 12:28:23,658 INFO  - Fetched company for recruiterId=3dc93452-07a2-4843-a650-c7faed6fc07c
2025-06-26 12:28:23,666 INFO  - Fetched company for recruiterId=3dc93452-07a2-4843-a650-c7faed6fc07c
2025-06-26 12:29:00,126 INFO  - Fetched all skills.
2025-06-26 12:29:29,659 INFO  - Fetched all skills.
2025-06-26 12:29:40,213 INFO  - Fetched all skills.
2025-06-26 12:30:21,173 INFO  - Fetched company for recruiterId=3dc93452-07a2-4843-a650-c7faed6fc07c
2025-06-26 12:30:21,182 INFO  - Fetched company for recruiterId=3dc93452-07a2-4843-a650-c7faed6fc07c
2025-06-26 12:30:21,191 INFO  - Fetched company for recruiterId=3dc93452-07a2-4843-a650-c7faed6fc07c
2025-06-26 12:30:21,199 INFO  - Fetched company for recruiterId=3dc93452-07a2-4843-a650-c7faed6fc07c
2025-06-26 12:30:33,173 INFO  - Fetched company for recruiterId=3dc93452-07a2-4843-a650-c7faed6fc07c
2025-06-26 12:30:33,185 INFO  - Fetched company for recruiterId=3dc93452-07a2-4843-a650-c7faed6fc07c
2025-06-26 12:30:33,194 INFO  - Fetched company for recruiterId=3dc93452-07a2-4843-a650-c7faed6fc07c
2025-06-26 12:30:33,204 INFO  - Fetched company for recruiterId=3dc93452-07a2-4843-a650-c7faed6fc07c
2025-06-26 12:30:37,664 INFO  - Fetched company for recruiterId=3dc93452-07a2-4843-a650-c7faed6fc07c
2025-06-26 12:30:37,675 INFO  - Fetched company for recruiterId=3dc93452-07a2-4843-a650-c7faed6fc07c
2025-06-26 12:30:37,683 INFO  - Fetched company for recruiterId=3dc93452-07a2-4843-a650-c7faed6fc07c
2025-06-26 12:30:37,692 INFO  - Fetched company for recruiterId=3dc93452-07a2-4843-a650-c7faed6fc07c
2025-06-26 12:30:47,644 INFO  - Fetched company for recruiterId=3dc93452-07a2-4843-a650-c7faed6fc07c
2025-06-26 12:30:47,652 INFO  - Fetched company for recruiterId=3dc93452-07a2-4843-a650-c7faed6fc07c
2025-06-26 12:30:47,660 INFO  - Fetched company for recruiterId=3dc93452-07a2-4843-a650-c7faed6fc07c
2025-06-26 12:30:47,667 INFO  - Fetched company for recruiterId=3dc93452-07a2-4843-a650-c7faed6fc07c
2025-06-26 12:30:49,401 INFO  - Fetched company for recruiterId=3dc93452-07a2-4843-a650-c7faed6fc07c
2025-06-26 12:30:49,408 INFO  - Fetched company for recruiterId=3dc93452-07a2-4843-a650-c7faed6fc07c
2025-06-26 12:30:49,416 INFO  - Fetched company for recruiterId=3dc93452-07a2-4843-a650-c7faed6fc07c
2025-06-26 12:30:49,429 INFO  - Fetched company for recruiterId=3dc93452-07a2-4843-a650-c7faed6fc07c
2025-06-26 12:30:57,449 INFO  - Fetched company for recruiterId=3dc93452-07a2-4843-a650-c7faed6fc07c
2025-06-26 12:30:57,455 INFO  - Fetched company for recruiterId=3dc93452-07a2-4843-a650-c7faed6fc07c
2025-06-26 12:30:57,463 INFO  - Fetched company for recruiterId=3dc93452-07a2-4843-a650-c7faed6fc07c
2025-06-26 12:30:57,471 INFO  - Fetched company for recruiterId=3dc93452-07a2-4843-a650-c7faed6fc07c
2025-06-26 12:31:00,637 INFO  - Fetched company for recruiterId=3dc93452-07a2-4843-a650-c7faed6fc07c
2025-06-26 12:31:00,645 INFO  - Fetched company for recruiterId=3dc93452-07a2-4843-a650-c7faed6fc07c
2025-06-26 12:31:00,652 INFO  - Fetched company for recruiterId=3dc93452-07a2-4843-a650-c7faed6fc07c
2025-06-26 12:31:00,663 INFO  - Fetched company for recruiterId=3dc93452-07a2-4843-a650-c7faed6fc07c
2025-06-26 12:31:07,169 INFO  - Fetched company for recruiterId=3dc93452-07a2-4843-a650-c7faed6fc07c
2025-06-26 12:31:07,178 INFO  - Fetched company for recruiterId=3dc93452-07a2-4843-a650-c7faed6fc07c
2025-06-26 12:31:07,188 INFO  - Fetched company for recruiterId=3dc93452-07a2-4843-a650-c7faed6fc07c
2025-06-26 12:31:07,195 INFO  - Fetched company for recruiterId=3dc93452-07a2-4843-a650-c7faed6fc07c
2025-06-26 12:31:26,687 INFO  - Fetched company for recruiterId=3dc93452-07a2-4843-a650-c7faed6fc07c
2025-06-26 12:31:26,695 INFO  - Fetched company for recruiterId=3dc93452-07a2-4843-a650-c7faed6fc07c
2025-06-26 12:31:26,701 INFO  - Fetched company for recruiterId=3dc93452-07a2-4843-a650-c7faed6fc07c
2025-06-26 12:31:26,710 INFO  - Fetched company for recruiterId=3dc93452-07a2-4843-a650-c7faed6fc07c
2025-06-26 12:32:00,268 INFO  - Fetched company for recruiterId=3dc93452-07a2-4843-a650-c7faed6fc07c
2025-06-26 12:32:00,275 INFO  - Fetched company for recruiterId=3dc93452-07a2-4843-a650-c7faed6fc07c
2025-06-26 12:32:00,282 INFO  - Fetched company for recruiterId=3dc93452-07a2-4843-a650-c7faed6fc07c
2025-06-26 12:32:00,288 INFO  - Fetched company for recruiterId=3dc93452-07a2-4843-a650-c7faed6fc07c
2025-06-26 12:32:01,113 INFO  - Fetched all skills.
2025-06-26 12:32:05,141 INFO  - Fetched company for recruiterId=3dc93452-07a2-4843-a650-c7faed6fc07c
2025-06-26 12:32:05,150 INFO  - Fetched company for recruiterId=3dc93452-07a2-4843-a650-c7faed6fc07c
2025-06-26 12:32:05,158 INFO  - Fetched company for recruiterId=3dc93452-07a2-4843-a650-c7faed6fc07c
2025-06-26 12:32:05,168 INFO  - Fetched company for recruiterId=3dc93452-07a2-4843-a650-c7faed6fc07c
2025-06-26 12:32:41,677 INFO  - Fetched all skills.
2025-06-26 12:32:42,455 INFO  - Fetched company for recruiterId=3dc93452-07a2-4843-a650-c7faed6fc07c
2025-06-26 12:32:42,467 INFO  - Fetched company for recruiterId=3dc93452-07a2-4843-a650-c7faed6fc07c
2025-06-26 12:32:42,478 INFO  - Fetched company for recruiterId=3dc93452-07a2-4843-a650-c7faed6fc07c
2025-06-26 12:32:42,495 INFO  - Fetched company for recruiterId=3dc93452-07a2-4843-a650-c7faed6fc07c
2025-06-26 12:32:53,382 INFO  - Resume downloaded: SeekerId = 637f3638-b296-4f0d-bb3c-5a65a7f8baed, JobPostId = ce6efdf7-8ca5-494f-af1d-aca84641db3f
2025-06-26 12:35:57,057 INFO  - Fetched all skills.
2025-06-26 12:35:57,575 INFO  - Fetched company for recruiterId=3dc93452-07a2-4843-a650-c7faed6fc07c
2025-06-26 12:35:57,587 INFO  - Fetched company for recruiterId=3dc93452-07a2-4843-a650-c7faed6fc07c
2025-06-26 12:35:57,594 INFO  - Fetched company for recruiterId=3dc93452-07a2-4843-a650-c7faed6fc07c
2025-06-26 12:35:57,604 INFO  - Fetched company for recruiterId=3dc93452-07a2-4843-a650-c7faed6fc07c
2025-06-26 12:36:01,825 INFO  - Fetched all skills.
2025-06-26 12:36:03,610 INFO  - Fetched company for recruiterId=3dc93452-07a2-4843-a650-c7faed6fc07c
2025-06-26 12:36:03,620 INFO  - Fetched company for recruiterId=3dc93452-07a2-4843-a650-c7faed6fc07c
2025-06-26 12:36:03,627 INFO  - Fetched company for recruiterId=3dc93452-07a2-4843-a650-c7faed6fc07c
2025-06-26 12:36:03,639 INFO  - Fetched company for recruiterId=3dc93452-07a2-4843-a650-c7faed6fc07c
2025-06-26 12:36:07,859 INFO  - Fetched company for recruiterId=3dc93452-07a2-4843-a650-c7faed6fc07c
2025-06-26 12:36:07,868 INFO  - Fetched company for recruiterId=3dc93452-07a2-4843-a650-c7faed6fc07c
2025-06-26 12:36:07,877 INFO  - Fetched company for recruiterId=3dc93452-07a2-4843-a650-c7faed6fc07c
2025-06-26 12:36:07,885 INFO  - Fetched company for recruiterId=3dc93452-07a2-4843-a650-c7faed6fc07c
2025-06-26 12:36:08,657 INFO  - Fetched all skills.
2025-06-26 12:36:09,632 INFO  - Fetched all skills.
2025-06-26 12:36:10,065 INFO  - Fetched company for recruiterId=3dc93452-07a2-4843-a650-c7faed6fc07c
2025-06-26 12:36:10,072 INFO  - Fetched company for recruiterId=3dc93452-07a2-4843-a650-c7faed6fc07c
2025-06-26 12:36:10,081 INFO  - Fetched company for recruiterId=3dc93452-07a2-4843-a650-c7faed6fc07c
2025-06-26 12:36:10,088 INFO  - Fetched company for recruiterId=3dc93452-07a2-4843-a650-c7faed6fc07c
2025-06-26 12:42:18,838 INFO  - Fetched all skills.
2025-06-26 12:42:22,490 INFO  - Fetched company for recruiterId=3dc93452-07a2-4843-a650-c7faed6fc07c
2025-06-26 12:42:22,499 INFO  - Fetched company for recruiterId=3dc93452-07a2-4843-a650-c7faed6fc07c
2025-06-26 12:42:22,507 INFO  - Fetched company for recruiterId=3dc93452-07a2-4843-a650-c7faed6fc07c
2025-06-26 12:42:22,515 INFO  - Fetched company for recruiterId=3dc93452-07a2-4843-a650-c7faed6fc07c
2025-06-26 12:45:00,970 INFO  - Fetched company for recruiterId=3dc93452-07a2-4843-a650-c7faed6fc07c
2025-06-26 12:45:00,977 INFO  - Fetched company for recruiterId=3dc93452-07a2-4843-a650-c7faed6fc07c
2025-06-26 12:45:00,986 INFO  - Fetched company for recruiterId=3dc93452-07a2-4843-a650-c7faed6fc07c
2025-06-26 12:45:00,995 INFO  - Fetched company for recruiterId=3dc93452-07a2-4843-a650-c7faed6fc07c
2025-06-26 12:45:03,434 INFO  - Resume downloaded: SeekerId = 637f3638-b296-4f0d-bb3c-5a65a7f8baed, JobPostId = ce6efdf7-8ca5-494f-af1d-aca84641db3f
2025-06-26 12:46:19,424 INFO  - Fetched all skills.
2025-06-26 12:46:26,913 INFO  - Fetched all skills.
2025-06-26 12:46:29,763 INFO  - Fetched all skills.
2025-06-26 12:46:51,405 INFO  - Fetched all skills.
2025-06-26 12:46:57,303 INFO  - Fetched all skills.
2025-06-26 12:46:59,603 INFO  - Fetched all skills.
2025-06-26 12:47:08,783 INFO  - Fetched all skills.
2025-06-26 12:47:10,978 INFO  - Fetched all skills.
2025-06-26 12:47:13,644 INFO  - Fetched all skills.
2025-06-26 12:47:20,338 INFO  - Fetched all skills.
2025-06-26 12:47:31,566 INFO  - Fetched all skills.
2025-06-26 12:47:33,643 INFO  - Fetched all skills.
2025-06-26 12:59:34,425 INFO  - User logged in: muthukaruppanaakash76@gmail.com
2025-06-26 12:59:36,469 INFO  - Fetched all skills.
2025-06-26 12:59:37,022 INFO  - Fetched company for recruiterId=3dc93452-07a2-4843-a650-c7faed6fc07c
2025-06-26 12:59:37,031 INFO  - Fetched company for recruiterId=3dc93452-07a2-4843-a650-c7faed6fc07c
2025-06-26 12:59:37,039 INFO  - Fetched company for recruiterId=3dc93452-07a2-4843-a650-c7faed6fc07c
2025-06-26 12:59:37,048 INFO  - Fetched company for recruiterId=3dc93452-07a2-4843-a650-c7faed6fc07c
2025-06-26 13:00:59,492 INFO  - Fetched company for recruiterId=3dc93452-07a2-4843-a650-c7faed6fc07c
2025-06-26 13:00:59,532 INFO  - Fetched company for recruiterId=3dc93452-07a2-4843-a650-c7faed6fc07c
2025-06-26 13:00:59,553 INFO  - Fetched company for recruiterId=3dc93452-07a2-4843-a650-c7faed6fc07c
2025-06-26 13:00:59,574 INFO  - Fetched company for recruiterId=3dc93452-07a2-4843-a650-c7faed6fc07c
2025-06-26 13:01:06,563 INFO  - Fetched company for recruiterId=3dc93452-07a2-4843-a650-c7faed6fc07c
2025-06-26 13:01:06,581 INFO  - Fetched company for recruiterId=3dc93452-07a2-4843-a650-c7faed6fc07c
2025-06-26 13:01:06,594 INFO  - Fetched company for recruiterId=3dc93452-07a2-4843-a650-c7faed6fc07c
2025-06-26 13:01:06,608 INFO  - Fetched company for recruiterId=3dc93452-07a2-4843-a650-c7faed6fc07c
2025-06-26 13:01:08,913 INFO  - Fetched all skills.
2025-06-26 13:01:10,859 INFO  - Fetched all skills.
2025-06-26 13:01:11,626 INFO  - Fetched company for recruiterId=3dc93452-07a2-4843-a650-c7faed6fc07c
2025-06-26 13:01:11,643 INFO  - Fetched company for recruiterId=3dc93452-07a2-4843-a650-c7faed6fc07c
2025-06-26 13:01:11,657 INFO  - Fetched company for recruiterId=3dc93452-07a2-4843-a650-c7faed6fc07c
2025-06-26 13:01:11,672 INFO  - Fetched company for recruiterId=3dc93452-07a2-4843-a650-c7faed6fc07c
2025-06-26 13:03:54,033 INFO  - Fetched company for recruiterId=3dc93452-07a2-4843-a650-c7faed6fc07c
2025-06-26 13:03:54,047 INFO  - Fetched company for recruiterId=3dc93452-07a2-4843-a650-c7faed6fc07c
2025-06-26 13:03:54,061 INFO  - Fetched company for recruiterId=3dc93452-07a2-4843-a650-c7faed6fc07c
2025-06-26 13:03:54,077 INFO  - Fetched company for recruiterId=3dc93452-07a2-4843-a650-c7faed6fc07c
2025-06-26 13:03:58,810 INFO  - Fetched company for recruiterId=3dc93452-07a2-4843-a650-c7faed6fc07c
2025-06-26 13:03:58,821 INFO  - Fetched company for recruiterId=3dc93452-07a2-4843-a650-c7faed6fc07c
2025-06-26 13:03:58,833 INFO  - Fetched company for recruiterId=3dc93452-07a2-4843-a650-c7faed6fc07c
2025-06-26 13:03:58,847 INFO  - Fetched company for recruiterId=3dc93452-07a2-4843-a650-c7faed6fc07c
2025-06-26 13:04:50,083 INFO  - Fetched company for recruiterId=3dc93452-07a2-4843-a650-c7faed6fc07c
2025-06-26 13:04:50,095 INFO  - Fetched company for recruiterId=3dc93452-07a2-4843-a650-c7faed6fc07c
2025-06-26 13:04:50,113 INFO  - Fetched company for recruiterId=3dc93452-07a2-4843-a650-c7faed6fc07c
2025-06-26 13:04:50,128 INFO  - Fetched company for recruiterId=3dc93452-07a2-4843-a650-c7faed6fc07c
2025-06-26 13:05:34,467 INFO  - Fetched company for recruiterId=3dc93452-07a2-4843-a650-c7faed6fc07c
2025-06-26 13:05:34,483 INFO  - Fetched company for recruiterId=3dc93452-07a2-4843-a650-c7faed6fc07c
2025-06-26 13:05:34,495 INFO  - Fetched company for recruiterId=3dc93452-07a2-4843-a650-c7faed6fc07c
2025-06-26 13:05:34,510 INFO  - Fetched company for recruiterId=3dc93452-07a2-4843-a650-c7faed6fc07c
2025-06-26 15:04:11,498 INFO  - User logged in: muthu@gmail.com
2025-06-26 15:04:16,144 INFO  - Fetched company for recruiterId=3dc93452-07a2-4843-a650-c7faed6fc07c
2025-06-26 15:04:16,154 INFO  - Fetched company for recruiterId=3dc93452-07a2-4843-a650-c7faed6fc07c
2025-06-26 15:04:16,165 INFO  - Fetched company for recruiterId=3dc93452-07a2-4843-a650-c7faed6fc07c
2025-06-26 15:04:19,334 INFO  - Fetched all company names.
2025-06-26 15:04:19,350 INFO  - Fetched company for recruiterId=3dc93452-07a2-4843-a650-c7faed6fc07c
2025-06-26 15:04:19,360 INFO  - Fetched company for recruiterId=3dc93452-07a2-4843-a650-c7faed6fc07c
2025-06-26 15:04:19,371 INFO  - Fetched company for recruiterId=3dc93452-07a2-4843-a650-c7faed6fc07c
2025-06-26 15:04:19,381 INFO  - Fetched company for recruiterId=3dc93452-07a2-4843-a650-c7faed6fc07c
2025-06-26 15:04:39,316 INFO  - Fetched company for recruiterId=3dc93452-07a2-4843-a650-c7faed6fc07c
2025-06-26 15:04:43,370 INFO  - Fetched all company names.
2025-06-26 15:04:43,422 INFO  - Fetched company for recruiterId=3dc93452-07a2-4843-a650-c7faed6fc07c
2025-06-26 15:04:43,456 INFO  - Fetched company for recruiterId=3dc93452-07a2-4843-a650-c7faed6fc07c
2025-06-26 15:04:43,474 INFO  - Fetched company for recruiterId=3dc93452-07a2-4843-a650-c7faed6fc07c
2025-06-26 15:04:43,495 INFO  - Fetched company for recruiterId=3dc93452-07a2-4843-a650-c7faed6fc07c
2025-06-26 15:05:00,571 INFO  - Fetched all company names.
2025-06-26 15:05:00,575 INFO  - Fetched company for recruiterId=3dc93452-07a2-4843-a650-c7faed6fc07c
2025-06-26 15:05:00,591 INFO  - Fetched company for recruiterId=3dc93452-07a2-4843-a650-c7faed6fc07c
2025-06-26 15:05:00,600 INFO  - Fetched company for recruiterId=3dc93452-07a2-4843-a650-c7faed6fc07c
2025-06-26 15:05:00,625 INFO  - Fetched company for recruiterId=3dc93452-07a2-4843-a650-c7faed6fc07c
2025-06-26 15:05:12,899 INFO  - Fetched all company names.
2025-06-26 15:05:12,913 INFO  - Fetched company for recruiterId=3dc93452-07a2-4843-a650-c7faed6fc07c
2025-06-26 15:05:12,920 INFO  - Fetched company for recruiterId=3dc93452-07a2-4843-a650-c7faed6fc07c
2025-06-26 15:05:12,930 INFO  - Fetched company for recruiterId=3dc93452-07a2-4843-a650-c7faed6fc07c
2025-06-26 15:05:12,938 INFO  - Fetched company for recruiterId=3dc93452-07a2-4843-a650-c7faed6fc07c
2025-06-26 15:05:21,976 INFO  - Fetched all company names.
2025-06-26 15:05:22,012 INFO  - Fetched company for recruiterId=3dc93452-07a2-4843-a650-c7faed6fc07c
2025-06-26 15:05:22,023 INFO  - Fetched company for recruiterId=3dc93452-07a2-4843-a650-c7faed6fc07c
2025-06-26 15:05:22,032 INFO  - Fetched company for recruiterId=3dc93452-07a2-4843-a650-c7faed6fc07c
2025-06-26 15:05:22,042 INFO  - Fetched company for recruiterId=3dc93452-07a2-4843-a650-c7faed6fc07c
2025-06-26 15:05:47,890 INFO  - Fetched company for recruiterId=3dc93452-07a2-4843-a650-c7faed6fc07c
2025-06-26 15:05:47,900 INFO  - Fetched company for recruiterId=3dc93452-07a2-4843-a650-c7faed6fc07c
2025-06-26 15:05:53,338 INFO  - Fetched all company names.
2025-06-26 15:05:53,358 INFO  - Fetched company for recruiterId=3dc93452-07a2-4843-a650-c7faed6fc07c
2025-06-26 15:05:53,367 INFO  - Fetched company for recruiterId=3dc93452-07a2-4843-a650-c7faed6fc07c
2025-06-26 15:05:53,375 INFO  - Fetched company for recruiterId=3dc93452-07a2-4843-a650-c7faed6fc07c
2025-06-26 15:05:53,386 INFO  - Fetched company for recruiterId=3dc93452-07a2-4843-a650-c7faed6fc07c
2025-06-26 15:06:49,532 INFO  - Fetched all company names.
2025-06-26 15:06:49,551 INFO  - Fetched company for recruiterId=3dc93452-07a2-4843-a650-c7faed6fc07c
2025-06-26 15:06:49,563 INFO  - Fetched company for recruiterId=3dc93452-07a2-4843-a650-c7faed6fc07c
2025-06-26 15:06:49,572 INFO  - Fetched company for recruiterId=3dc93452-07a2-4843-a650-c7faed6fc07c
2025-06-26 15:06:49,584 INFO  - Fetched company for recruiterId=3dc93452-07a2-4843-a650-c7faed6fc07c
2025-06-26 15:06:50,174 INFO  - Fetched company for recruiterId=3dc93452-07a2-4843-a650-c7faed6fc07c
2025-06-26 15:06:50,183 INFO  - Fetched company for recruiterId=3dc93452-07a2-4843-a650-c7faed6fc07c
2025-06-26 15:06:50,194 INFO  - Fetched company for recruiterId=3dc93452-07a2-4843-a650-c7faed6fc07c
2025-06-26 15:13:19,487 INFO  - Updated education records for seeker muthu@gmail.com (ID: 637f3638-b296-4f0d-bb3c-5a65a7f8baed)
2025-06-26 15:19:12,075 INFO  - Fetched company for recruiterId=3dc93452-07a2-4843-a650-c7faed6fc07c
2025-06-26 15:19:12,085 INFO  - Fetched company for recruiterId=3dc93452-07a2-4843-a650-c7faed6fc07c
2025-06-26 15:19:12,094 INFO  - Fetched company for recruiterId=3dc93452-07a2-4843-a650-c7faed6fc07c
2025-06-26 15:19:14,130 INFO  - Fetched all company names.
2025-06-26 15:19:14,172 INFO  - Fetched company for recruiterId=3dc93452-07a2-4843-a650-c7faed6fc07c
2025-06-26 15:19:14,181 INFO  - Fetched company for recruiterId=3dc93452-07a2-4843-a650-c7faed6fc07c
2025-06-26 15:19:14,191 INFO  - Fetched company for recruiterId=3dc93452-07a2-4843-a650-c7faed6fc07c
2025-06-26 15:19:14,199 INFO  - Fetched company for recruiterId=3dc93452-07a2-4843-a650-c7faed6fc07c
2025-06-26 15:19:19,493 INFO  - Fetched company for recruiterId=3dc93452-07a2-4843-a650-c7faed6fc07c
2025-06-26 15:19:19,502 INFO  - Fetched company for recruiterId=3dc93452-07a2-4843-a650-c7faed6fc07c
2025-06-26 15:19:19,525 INFO  - Fetched company for recruiterId=3dc93452-07a2-4843-a650-c7faed6fc07c
2025-06-26 15:19:26,953 INFO  - Fetched all company names.
2025-06-26 15:19:26,982 INFO  - Fetched company for recruiterId=3dc93452-07a2-4843-a650-c7faed6fc07c
2025-06-26 15:19:26,991 INFO  - Fetched company for recruiterId=3dc93452-07a2-4843-a650-c7faed6fc07c
2025-06-26 15:19:27,000 INFO  - Fetched company for recruiterId=3dc93452-07a2-4843-a650-c7faed6fc07c
2025-06-26 15:19:27,024 INFO  - Fetched company for recruiterId=3dc93452-07a2-4843-a650-c7faed6fc07c
2025-06-26 15:19:27,624 INFO  - Fetched company for recruiterId=3dc93452-07a2-4843-a650-c7faed6fc07c
2025-06-26 15:19:27,632 INFO  - Fetched company for recruiterId=3dc93452-07a2-4843-a650-c7faed6fc07c
2025-06-26 15:19:27,641 INFO  - Fetched company for recruiterId=3dc93452-07a2-4843-a650-c7faed6fc07c
2025-06-26 15:19:30,103 INFO  - Fetched company for recruiterId=3dc93452-07a2-4843-a650-c7faed6fc07c
2025-06-26 15:19:30,125 INFO  - Fetched company for recruiterId=3dc93452-07a2-4843-a650-c7faed6fc07c
2025-06-26 15:19:30,134 INFO  - Fetched company for recruiterId=3dc93452-07a2-4843-a650-c7faed6fc07c
2025-06-26 15:19:33,993 INFO  - Fetched company for recruiterId=3dc93452-07a2-4843-a650-c7faed6fc07c
2025-06-26 15:19:34,002 INFO  - Fetched company for recruiterId=3dc93452-07a2-4843-a650-c7faed6fc07c
2025-06-26 15:19:34,025 INFO  - Fetched company for recruiterId=3dc93452-07a2-4843-a650-c7faed6fc07c
2025-06-26 15:19:35,792 INFO  - Fetched company for recruiterId=3dc93452-07a2-4843-a650-c7faed6fc07c
2025-06-26 15:19:35,799 INFO  - Fetched company for recruiterId=3dc93452-07a2-4843-a650-c7faed6fc07c
2025-06-26 15:19:35,823 INFO  - Fetched company for recruiterId=3dc93452-07a2-4843-a650-c7faed6fc07c
2025-06-26 15:19:38,494 INFO  - Fetched company for recruiterId=3dc93452-07a2-4843-a650-c7faed6fc07c
2025-06-26 15:19:38,503 INFO  - Fetched company for recruiterId=3dc93452-07a2-4843-a650-c7faed6fc07c
2025-06-26 15:19:38,524 INFO  - Fetched company for recruiterId=3dc93452-07a2-4843-a650-c7faed6fc07c
2025-06-26 15:19:39,724 INFO  - Fetched all company names.
2025-06-26 15:19:39,742 INFO  - Fetched company for recruiterId=3dc93452-07a2-4843-a650-c7faed6fc07c
2025-06-26 15:19:39,750 INFO  - Fetched company for recruiterId=3dc93452-07a2-4843-a650-c7faed6fc07c
2025-06-26 15:19:39,774 INFO  - Fetched company for recruiterId=3dc93452-07a2-4843-a650-c7faed6fc07c
2025-06-26 15:19:39,784 INFO  - Fetched company for recruiterId=3dc93452-07a2-4843-a650-c7faed6fc07c
2025-06-26 15:20:14,775 INFO  - Fetched company for recruiterId=3dc93452-07a2-4843-a650-c7faed6fc07c
2025-06-26 15:20:16,597 INFO  - Fetched company for recruiterId=3dc93452-07a2-4843-a650-c7faed6fc07c
2025-06-26 15:20:17,502 INFO  - Fetched company for recruiterId=3dc93452-07a2-4843-a650-c7faed6fc07c
2025-06-26 15:20:17,525 INFO  - Fetched company for recruiterId=3dc93452-07a2-4843-a650-c7faed6fc07c
2025-06-26 15:20:17,533 INFO  - Fetched company for recruiterId=3dc93452-07a2-4843-a650-c7faed6fc07c
2025-06-26 15:20:17,543 INFO  - Fetched company for recruiterId=3dc93452-07a2-4843-a650-c7faed6fc07c
2025-06-26 15:20:19,745 INFO  - Fetched company for recruiterId=3dc93452-07a2-4843-a650-c7faed6fc07c
2025-06-26 15:20:19,755 INFO  - Fetched company for recruiterId=3dc93452-07a2-4843-a650-c7faed6fc07c
2025-06-26 15:20:21,204 INFO  - Fetched company for recruiterId=3dc93452-07a2-4843-a650-c7faed6fc07c
2025-06-26 15:20:21,225 INFO  - Fetched company for recruiterId=3dc93452-07a2-4843-a650-c7faed6fc07c
2025-06-26 15:20:21,234 INFO  - Fetched company for recruiterId=3dc93452-07a2-4843-a650-c7faed6fc07c
2025-06-26 15:20:21,243 INFO  - Fetched company for recruiterId=3dc93452-07a2-4843-a650-c7faed6fc07c
2025-06-26 15:20:31,941 INFO  - Fetched company for recruiterId=3dc93452-07a2-4843-a650-c7faed6fc07c
2025-06-26 15:20:31,977 INFO  - Fetched company for recruiterId=3dc93452-07a2-4843-a650-c7faed6fc07c
2025-06-26 15:20:32,000 INFO  - Fetched company for recruiterId=3dc93452-07a2-4843-a650-c7faed6fc07c
2025-06-26 15:20:34,955 INFO  - Fetched all company names.
2025-06-26 15:20:34,998 INFO  - Fetched company for recruiterId=3dc93452-07a2-4843-a650-c7faed6fc07c
2025-06-26 15:20:35,026 INFO  - Fetched company for recruiterId=3dc93452-07a2-4843-a650-c7faed6fc07c
2025-06-26 15:20:35,043 INFO  - Fetched company for recruiterId=3dc93452-07a2-4843-a650-c7faed6fc07c
2025-06-26 15:20:35,074 INFO  - Fetched company for recruiterId=3dc93452-07a2-4843-a650-c7faed6fc07c
2025-06-26 15:20:36,525 INFO  - Fetched all company names.
2025-06-26 15:20:36,545 INFO  - Fetched company for recruiterId=3dc93452-07a2-4843-a650-c7faed6fc07c
2025-06-26 15:20:36,576 INFO  - Fetched company for recruiterId=3dc93452-07a2-4843-a650-c7faed6fc07c
2025-06-26 15:20:36,593 INFO  - Fetched company for recruiterId=3dc93452-07a2-4843-a650-c7faed6fc07c
2025-06-26 15:20:36,624 INFO  - Fetched company for recruiterId=3dc93452-07a2-4843-a650-c7faed6fc07c
2025-06-26 15:20:58,026 INFO  - Fetched all company names.
2025-06-26 15:20:58,055 INFO  - Fetched company for recruiterId=3dc93452-07a2-4843-a650-c7faed6fc07c
2025-06-26 15:20:58,079 INFO  - Fetched company for recruiterId=3dc93452-07a2-4843-a650-c7faed6fc07c
2025-06-26 15:20:58,100 INFO  - Fetched company for recruiterId=3dc93452-07a2-4843-a650-c7faed6fc07c
2025-06-26 15:20:58,126 INFO  - Fetched company for recruiterId=3dc93452-07a2-4843-a650-c7faed6fc07c
2025-06-26 15:27:51,464 INFO  - Fetched company for recruiterId=3dc93452-07a2-4843-a650-c7faed6fc07c
2025-06-26 15:27:51,475 INFO  - Fetched company for recruiterId=3dc93452-07a2-4843-a650-c7faed6fc07c
2025-06-26 15:27:51,483 INFO  - Fetched company for recruiterId=3dc93452-07a2-4843-a650-c7faed6fc07c
2025-06-26 15:27:51,930 INFO  - Fetched all company names.
2025-06-26 15:27:51,946 INFO  - Fetched company for recruiterId=3dc93452-07a2-4843-a650-c7faed6fc07c
2025-06-26 15:27:51,954 INFO  - Fetched company for recruiterId=3dc93452-07a2-4843-a650-c7faed6fc07c
2025-06-26 15:27:51,964 INFO  - Fetched company for recruiterId=3dc93452-07a2-4843-a650-c7faed6fc07c
2025-06-26 15:27:51,973 INFO  - Fetched company for recruiterId=3dc93452-07a2-4843-a650-c7faed6fc07c
2025-06-26 15:27:53,140 INFO  - Fetched all company names.
2025-06-26 15:27:53,152 INFO  - Fetched company for recruiterId=3dc93452-07a2-4843-a650-c7faed6fc07c
2025-06-26 15:27:53,161 INFO  - Fetched company for recruiterId=3dc93452-07a2-4843-a650-c7faed6fc07c
2025-06-26 15:27:53,170 INFO  - Fetched company for recruiterId=3dc93452-07a2-4843-a650-c7faed6fc07c
2025-06-26 15:27:53,178 INFO  - Fetched company for recruiterId=3dc93452-07a2-4843-a650-c7faed6fc07c
2025-06-26 15:28:59,182 INFO  - Fetched all company names.
2025-06-26 15:28:59,197 INFO  - Fetched company for recruiterId=3dc93452-07a2-4843-a650-c7faed6fc07c
2025-06-26 15:28:59,206 INFO  - Fetched company for recruiterId=3dc93452-07a2-4843-a650-c7faed6fc07c
2025-06-26 15:28:59,215 INFO  - Fetched company for recruiterId=3dc93452-07a2-4843-a650-c7faed6fc07c
2025-06-26 15:28:59,223 INFO  - Fetched company for recruiterId=3dc93452-07a2-4843-a650-c7faed6fc07c
2025-06-26 15:29:01,108 INFO  - Fetched all company names.
2025-06-26 15:29:01,119 INFO  - Fetched company for recruiterId=3dc93452-07a2-4843-a650-c7faed6fc07c
2025-06-26 15:29:01,129 INFO  - Fetched company for recruiterId=3dc93452-07a2-4843-a650-c7faed6fc07c
2025-06-26 15:29:01,136 INFO  - Fetched company for recruiterId=3dc93452-07a2-4843-a650-c7faed6fc07c
2025-06-26 15:29:01,145 INFO  - Fetched company for recruiterId=3dc93452-07a2-4843-a650-c7faed6fc07c
2025-06-26 15:29:38,734 INFO  - Fetched all company names.
2025-06-26 15:29:38,752 INFO  - Fetched company for recruiterId=3dc93452-07a2-4843-a650-c7faed6fc07c
2025-06-26 15:29:38,760 INFO  - Fetched company for recruiterId=3dc93452-07a2-4843-a650-c7faed6fc07c
2025-06-26 15:29:38,768 INFO  - Fetched company for recruiterId=3dc93452-07a2-4843-a650-c7faed6fc07c
2025-06-26 15:29:38,776 INFO  - Fetched company for recruiterId=3dc93452-07a2-4843-a650-c7faed6fc07c
2025-06-26 15:30:56,072 INFO  - Fetched all company names.
2025-06-26 15:30:56,106 INFO  - Fetched company for recruiterId=3dc93452-07a2-4843-a650-c7faed6fc07c
2025-06-26 15:30:56,119 INFO  - Fetched company for recruiterId=3dc93452-07a2-4843-a650-c7faed6fc07c
2025-06-26 15:30:56,132 INFO  - Fetched company for recruiterId=3dc93452-07a2-4843-a650-c7faed6fc07c
2025-06-26 15:30:56,141 INFO  - Fetched company for recruiterId=3dc93452-07a2-4843-a650-c7faed6fc07c
2025-06-26 15:31:04,637 INFO  - Fetched company for recruiterId=3dc93452-07a2-4843-a650-c7faed6fc07c
2025-06-26 15:31:04,650 INFO  - Fetched company for recruiterId=3dc93452-07a2-4843-a650-c7faed6fc07c
2025-06-26 15:31:04,657 INFO  - Fetched all company names.
2025-06-26 15:31:04,667 INFO  - Fetched company for recruiterId=3dc93452-07a2-4843-a650-c7faed6fc07c
2025-06-26 15:31:04,684 INFO  - Fetched company for recruiterId=3dc93452-07a2-4843-a650-c7faed6fc07c
2025-06-26 16:02:55,959 INFO  - User logged in: muthu@gmail.com
2025-06-26 16:04:36,728 INFO  - Fetched all company names.
2025-06-26 16:04:36,771 INFO  - Fetched company for recruiterId=3dc93452-07a2-4843-a650-c7faed6fc07c
2025-06-26 16:04:36,786 INFO  - Fetched company for recruiterId=3dc93452-07a2-4843-a650-c7faed6fc07c
2025-06-26 16:04:36,805 INFO  - Fetched company for recruiterId=3dc93452-07a2-4843-a650-c7faed6fc07c
2025-06-26 16:04:36,815 INFO  - Fetched company for recruiterId=3dc93452-07a2-4843-a650-c7faed6fc07c
2025-06-26 16:25:46,573 INFO  - Fetched all company names.
2025-06-26 16:25:46,757 INFO  - Fetched company for recruiterId=3dc93452-07a2-4843-a650-c7faed6fc07c
2025-06-26 16:25:46,773 INFO  - Fetched company for recruiterId=3dc93452-07a2-4843-a650-c7faed6fc07c
2025-06-26 16:25:46,796 INFO  - Fetched company for recruiterId=3dc93452-07a2-4843-a650-c7faed6fc07c
2025-06-26 16:25:46,805 INFO  - Fetched company for recruiterId=3dc93452-07a2-4843-a650-c7faed6fc07c
2025-06-26 16:25:47,345 INFO  - Fetched company for recruiterId=3dc93452-07a2-4843-a650-c7faed6fc07c
2025-06-26 16:25:47,355 INFO  - Fetched company for recruiterId=3dc93452-07a2-4843-a650-c7faed6fc07c
2025-06-26 16:25:47,370 INFO  - Fetched company for recruiterId=3dc93452-07a2-4843-a650-c7faed6fc07c
2025-06-26 16:25:48,568 INFO  - Fetched all company names.
2025-06-26 16:25:48,595 INFO  - Fetched company for recruiterId=3dc93452-07a2-4843-a650-c7faed6fc07c
2025-06-26 16:25:48,604 INFO  - Fetched company for recruiterId=3dc93452-07a2-4843-a650-c7faed6fc07c
2025-06-26 16:25:48,614 INFO  - Fetched company for recruiterId=3dc93452-07a2-4843-a650-c7faed6fc07c
2025-06-26 16:25:48,622 INFO  - Fetched company for recruiterId=3dc93452-07a2-4843-a650-c7faed6fc07c
2025-06-26 16:25:50,310 INFO  - Fetched all company names.
2025-06-26 16:25:50,323 INFO  - Fetched company for recruiterId=3dc93452-07a2-4843-a650-c7faed6fc07c
2025-06-26 16:25:50,345 INFO  - Fetched company for recruiterId=3dc93452-07a2-4843-a650-c7faed6fc07c
2025-06-26 16:25:50,353 INFO  - Fetched company for recruiterId=3dc93452-07a2-4843-a650-c7faed6fc07c
2025-06-26 16:25:50,363 INFO  - Fetched company for recruiterId=3dc93452-07a2-4843-a650-c7faed6fc07c
2025-06-26 16:25:50,907 INFO  - Fetched company for recruiterId=3dc93452-07a2-4843-a650-c7faed6fc07c
2025-06-26 16:25:50,919 INFO  - Fetched company for recruiterId=3dc93452-07a2-4843-a650-c7faed6fc07c
2025-06-26 16:25:50,943 INFO  - Fetched company for recruiterId=3dc93452-07a2-4843-a650-c7faed6fc07c
2025-06-26 16:28:16,758 INFO  - User logged in: muthukaruppanaakash76@gmail.com
2025-06-26 16:28:18,848 INFO  - Fetched company for recruiterId=3dc93452-07a2-4843-a650-c7faed6fc07c
2025-06-26 16:28:18,858 INFO  - Fetched company for recruiterId=3dc93452-07a2-4843-a650-c7faed6fc07c
2025-06-26 16:28:18,869 INFO  - Fetched company for recruiterId=3dc93452-07a2-4843-a650-c7faed6fc07c
2025-06-26 16:28:18,895 INFO  - Fetched company for recruiterId=3dc93452-07a2-4843-a650-c7faed6fc07c
2025-06-26 16:28:19,796 INFO  - Fetched all skills.
2025-06-26 16:28:52,928 INFO  - Fetched all skills.
2025-06-26 16:29:20,063 INFO  - Fetched all skills.
2025-06-26 16:29:39,739 INFO  - Fetched all skills.
2025-06-26 16:30:07,152 INFO  - Fetched all skills.
2025-06-26 16:35:22,300 INFO  - Fetched company for recruiterId=3dc93452-07a2-4843-a650-c7faed6fc07c
2025-06-26 16:35:22,327 INFO  - Fetched company for recruiterId=3dc93452-07a2-4843-a650-c7faed6fc07c
2025-06-26 16:35:22,336 INFO  - Fetched company for recruiterId=3dc93452-07a2-4843-a650-c7faed6fc07c
2025-06-26 16:35:22,349 INFO  - Fetched company for recruiterId=3dc93452-07a2-4843-a650-c7faed6fc07c
2025-06-26 16:35:23,779 INFO  - Fetched company for recruiterId=3dc93452-07a2-4843-a650-c7faed6fc07c
2025-06-26 16:35:23,789 INFO  - Fetched company for recruiterId=3dc93452-07a2-4843-a650-c7faed6fc07c
2025-06-26 16:35:23,799 INFO  - Fetched company for recruiterId=3dc93452-07a2-4843-a650-c7faed6fc07c
2025-06-26 16:35:23,809 INFO  - Fetched company for recruiterId=3dc93452-07a2-4843-a650-c7faed6fc07c
2025-06-26 16:35:24,731 INFO  - Fetched all skills.
2025-06-26 16:35:25,544 INFO  - Fetched company for recruiterId=3dc93452-07a2-4843-a650-c7faed6fc07c
2025-06-26 16:35:25,553 INFO  - Fetched company for recruiterId=3dc93452-07a2-4843-a650-c7faed6fc07c
2025-06-26 16:35:25,579 INFO  - Fetched company for recruiterId=3dc93452-07a2-4843-a650-c7faed6fc07c
2025-06-26 16:35:25,589 INFO  - Fetched company for recruiterId=3dc93452-07a2-4843-a650-c7faed6fc07c
2025-06-26 16:35:27,923 INFO  - Resume downloaded: SeekerId = 637f3638-b296-4f0d-bb3c-5a65a7f8baed, JobPostId = ce6efdf7-8ca5-494f-af1d-aca84641db3f
2025-06-26 16:37:40,228 INFO  - Fetched all skills.
2025-06-26 16:37:41,454 INFO  - Fetched company for recruiterId=3dc93452-07a2-4843-a650-c7faed6fc07c
2025-06-26 16:37:41,480 INFO  - Fetched company for recruiterId=3dc93452-07a2-4843-a650-c7faed6fc07c
2025-06-26 16:37:41,492 INFO  - Fetched company for recruiterId=3dc93452-07a2-4843-a650-c7faed6fc07c
2025-06-26 16:37:41,505 INFO  - Fetched company for recruiterId=3dc93452-07a2-4843-a650-c7faed6fc07c
2025-06-26 16:37:51,638 INFO  - Fetched all skills.
2025-06-26 16:37:52,442 INFO  - Fetched company for recruiterId=3dc93452-07a2-4843-a650-c7faed6fc07c
2025-06-26 16:37:52,457 INFO  - Fetched company for recruiterId=3dc93452-07a2-4843-a650-c7faed6fc07c
2025-06-26 16:37:52,480 INFO  - Fetched company for recruiterId=3dc93452-07a2-4843-a650-c7faed6fc07c
2025-06-26 16:37:52,493 INFO  - Fetched company for recruiterId=3dc93452-07a2-4843-a650-c7faed6fc07c
2025-06-26 16:41:07,440 INFO  - Fetched company for recruiterId=3dc93452-07a2-4843-a650-c7faed6fc07c
2025-06-26 16:41:07,464 INFO  - Fetched company for recruiterId=3dc93452-07a2-4843-a650-c7faed6fc07c
2025-06-26 16:41:07,491 INFO  - Fetched company for recruiterId=3dc93452-07a2-4843-a650-c7faed6fc07c
2025-06-26 16:41:07,508 INFO  - Fetched company for recruiterId=3dc93452-07a2-4843-a650-c7faed6fc07c
2025-06-26 16:46:30,110 INFO  - Fetched company for recruiterId=3dc93452-07a2-4843-a650-c7faed6fc07c
2025-06-26 16:46:30,312 INFO  - Fetched company for recruiterId=3dc93452-07a2-4843-a650-c7faed6fc07c
2025-06-26 16:46:30,335 INFO  - Fetched company for recruiterId=3dc93452-07a2-4843-a650-c7faed6fc07c
2025-06-26 16:46:30,434 INFO  - Fetched company for recruiterId=3dc93452-07a2-4843-a650-c7faed6fc07c
2025-06-26 16:46:35,975 INFO  - Fetched company for recruiterId=3dc93452-07a2-4843-a650-c7faed6fc07c
2025-06-26 16:46:36,007 INFO  - Fetched company for recruiterId=3dc93452-07a2-4843-a650-c7faed6fc07c
2025-06-26 16:46:36,025 INFO  - Fetched company for recruiterId=3dc93452-07a2-4843-a650-c7faed6fc07c
2025-06-26 16:46:36,056 INFO  - Fetched company for recruiterId=3dc93452-07a2-4843-a650-c7faed6fc07c
2025-06-26 16:46:43,783 INFO  - Fetched company for recruiterId=3dc93452-07a2-4843-a650-c7faed6fc07c
2025-06-26 16:46:43,809 INFO  - Fetched company for recruiterId=3dc93452-07a2-4843-a650-c7faed6fc07c
2025-06-26 16:46:43,857 INFO  - Fetched company for recruiterId=3dc93452-07a2-4843-a650-c7faed6fc07c
2025-06-26 16:46:43,870 INFO  - Fetched company for recruiterId=3dc93452-07a2-4843-a650-c7faed6fc07c
2025-06-26 16:49:12,508 INFO  - Fetched all skills.
2025-06-26 16:49:14,070 INFO  - Fetched all skills.
2025-06-26 16:49:14,787 INFO  - Fetched company for recruiterId=3dc93452-07a2-4843-a650-c7faed6fc07c
2025-06-26 16:49:14,809 INFO  - Fetched company for recruiterId=3dc93452-07a2-4843-a650-c7faed6fc07c
2025-06-26 16:49:14,823 INFO  - Fetched company for recruiterId=3dc93452-07a2-4843-a650-c7faed6fc07c
2025-06-26 16:49:14,838 INFO  - Fetched company for recruiterId=3dc93452-07a2-4843-a650-c7faed6fc07c
2025-06-26 16:49:30,943 INFO  - Resume downloaded: SeekerId = 637f3638-b296-4f0d-bb3c-5a65a7f8baed, JobPostId = ce6efdf7-8ca5-494f-af1d-aca84641db3f
2025-06-26 16:50:48,967 INFO  - User logged in: muthu@gmail.com
2025-06-26 16:51:09,235 INFO  - Fetched all company names.
2025-06-26 16:51:09,268 INFO  - Fetched company for recruiterId=3dc93452-07a2-4843-a650-c7faed6fc07c
2025-06-26 16:51:09,278 INFO  - Fetched company for recruiterId=3dc93452-07a2-4843-a650-c7faed6fc07c
2025-06-26 16:51:09,286 INFO  - Fetched company for recruiterId=3dc93452-07a2-4843-a650-c7faed6fc07c
2025-06-26 16:51:09,310 INFO  - Fetched company for recruiterId=3dc93452-07a2-4843-a650-c7faed6fc07c
2025-06-26 17:03:32,377 INFO  - Fetched company for recruiterId=3dc93452-07a2-4843-a650-c7faed6fc07c
2025-06-26 17:03:32,412 INFO  - Fetched company for recruiterId=3dc93452-07a2-4843-a650-c7faed6fc07c
2025-06-26 17:03:32,431 INFO  - Fetched company for recruiterId=3dc93452-07a2-4843-a650-c7faed6fc07c
2025-06-26 17:35:36,966 INFO  - User logged in: muthukaruppanaakash76@gmail.com
2025-06-26 17:35:51,854 INFO  - User logged in: muthu@gmail.com
2025-06-26 18:37:04,739 INFO  - User logged in: muthu@gmail.com
2025-06-26 18:37:09,844 INFO  - Fetched company for recruiterId=3dc93452-07a2-4843-a650-c7faed6fc07c
2025-06-26 18:37:09,854 INFO  - Fetched company for recruiterId=3dc93452-07a2-4843-a650-c7faed6fc07c
2025-06-26 18:37:09,865 INFO  - Fetched company for recruiterId=3dc93452-07a2-4843-a650-c7faed6fc07c
2025-06-26 18:37:12,653 INFO  - Fetched all company names.
2025-06-26 18:37:12,670 INFO  - Fetched company for recruiterId=3dc93452-07a2-4843-a650-c7faed6fc07c
2025-06-26 18:37:12,677 INFO  - Fetched company for recruiterId=3dc93452-07a2-4843-a650-c7faed6fc07c
2025-06-26 18:37:12,687 INFO  - Fetched company for recruiterId=3dc93452-07a2-4843-a650-c7faed6fc07c
2025-06-26 18:37:12,695 INFO  - Fetched company for recruiterId=3dc93452-07a2-4843-a650-c7faed6fc07c
2025-06-26 18:57:16,114 INFO  - Fetched company for recruiterId=3dc93452-07a2-4843-a650-c7faed6fc07c
2025-06-26 18:57:16,129 INFO  - Fetched company for recruiterId=3dc93452-07a2-4843-a650-c7faed6fc07c
2025-06-26 18:57:16,138 INFO  - Fetched company for recruiterId=3dc93452-07a2-4843-a650-c7faed6fc07c
2025-06-26 18:57:18,461 INFO  - Fetched all company names.
2025-06-26 18:57:18,492 INFO  - Fetched company for recruiterId=3dc93452-07a2-4843-a650-c7faed6fc07c
2025-06-26 18:57:18,501 INFO  - Fetched company for recruiterId=3dc93452-07a2-4843-a650-c7faed6fc07c
2025-06-26 18:57:18,509 INFO  - Fetched company for recruiterId=3dc93452-07a2-4843-a650-c7faed6fc07c
2025-06-26 18:57:18,517 INFO  - Fetched company for recruiterId=3dc93452-07a2-4843-a650-c7faed6fc07c
2025-06-26 18:57:20,800 INFO  - Fetched company for recruiterId=3dc93452-07a2-4843-a650-c7faed6fc07c
2025-06-26 18:57:20,808 INFO  - Fetched company for recruiterId=3dc93452-07a2-4843-a650-c7faed6fc07c
2025-06-26 18:57:20,814 INFO  - Fetched company for recruiterId=3dc93452-07a2-4843-a650-c7faed6fc07c
2025-06-26 18:57:22,209 INFO  - Fetched company for recruiterId=3dc93452-07a2-4843-a650-c7faed6fc07c
2025-06-26 18:57:22,220 INFO  - Fetched company for recruiterId=3dc93452-07a2-4843-a650-c7faed6fc07c
2025-06-26 18:57:22,228 INFO  - Fetched company for recruiterId=3dc93452-07a2-4843-a650-c7faed6fc07c
2025-06-26 19:16:51,080 INFO  - User logged in: muthu@gmail.com
2025-06-26 19:34:57,140 INFO  - Fetched company for recruiterId=3dc93452-07a2-4843-a650-c7faed6fc07c
2025-06-26 19:34:57,150 INFO  - Fetched company for recruiterId=3dc93452-07a2-4843-a650-c7faed6fc07c
2025-06-26 19:34:57,161 INFO  - Fetched company for recruiterId=3dc93452-07a2-4843-a650-c7faed6fc07c
2025-06-26 19:36:13,082 INFO  - Fetched company for recruiterId=3dc93452-07a2-4843-a650-c7faed6fc07c
2025-06-26 19:36:13,115 INFO  - Fetched company for recruiterId=3dc93452-07a2-4843-a650-c7faed6fc07c
2025-06-26 19:36:13,169 INFO  - Fetched company for recruiterId=3dc93452-07a2-4843-a650-c7faed6fc07c
2025-06-26 19:44:38,365 INFO  - Fetched company for recruiterId=3dc93452-07a2-4843-a650-c7faed6fc07c
2025-06-26 19:44:38,412 INFO  - Fetched company for recruiterId=3dc93452-07a2-4843-a650-c7faed6fc07c
2025-06-26 19:44:38,461 INFO  - Fetched company for recruiterId=3dc93452-07a2-4843-a650-c7faed6fc07c
2025-06-26 19:51:07,960 INFO  - User logged in: muthu@gmail.com
2025-06-26 20:06:23,943 INFO  - Fetched company for recruiterId=3dc93452-07a2-4843-a650-c7faed6fc07c
2025-06-26 20:06:23,954 INFO  - Fetched company for recruiterId=3dc93452-07a2-4843-a650-c7faed6fc07c
2025-06-26 20:06:23,961 INFO  - Fetched company for recruiterId=3dc93452-07a2-4843-a650-c7faed6fc07c
2025-06-26 20:09:47,430 INFO  - Fetched company for recruiterId=3dc93452-07a2-4843-a650-c7faed6fc07c
2025-06-26 20:09:47,444 INFO  - Fetched company for recruiterId=3dc93452-07a2-4843-a650-c7faed6fc07c
2025-06-26 20:09:47,461 INFO  - Fetched company for recruiterId=3dc93452-07a2-4843-a650-c7faed6fc07c
2025-06-26 20:12:41,467 INFO  - Fetched company for recruiterId=3dc93452-07a2-4843-a650-c7faed6fc07c
2025-06-26 20:12:41,477 INFO  - Fetched company for recruiterId=3dc93452-07a2-4843-a650-c7faed6fc07c
2025-06-26 20:12:41,485 INFO  - Fetched company for recruiterId=3dc93452-07a2-4843-a650-c7faed6fc07c
2025-06-26 20:14:04,914 INFO  - Fetched company for recruiterId=3dc93452-07a2-4843-a650-c7faed6fc07c
2025-06-26 20:14:04,923 INFO  - Fetched company for recruiterId=3dc93452-07a2-4843-a650-c7faed6fc07c
2025-06-26 20:14:04,932 INFO  - Fetched company for recruiterId=3dc93452-07a2-4843-a650-c7faed6fc07c
2025-06-26 20:15:24,156 INFO  - Fetched all company names.
2025-06-26 20:15:24,177 INFO  - Fetched company for recruiterId=3dc93452-07a2-4843-a650-c7faed6fc07c
2025-06-26 20:15:24,187 INFO  - Fetched company for recruiterId=3dc93452-07a2-4843-a650-c7faed6fc07c
2025-06-26 20:15:24,197 INFO  - Fetched company for recruiterId=3dc93452-07a2-4843-a650-c7faed6fc07c
2025-06-26 20:15:24,206 INFO  - Fetched company for recruiterId=3dc93452-07a2-4843-a650-c7faed6fc07c
2025-06-26 20:19:27,392 INFO  - Fetched company for recruiterId=3dc93452-07a2-4843-a650-c7faed6fc07c
2025-06-26 20:19:27,402 INFO  - Fetched company for recruiterId=3dc93452-07a2-4843-a650-c7faed6fc07c
2025-06-26 20:19:27,413 INFO  - Fetched company for recruiterId=3dc93452-07a2-4843-a650-c7faed6fc07c
2025-06-26 20:19:56,530 INFO  - Fetched company for recruiterId=3dc93452-07a2-4843-a650-c7faed6fc07c
2025-06-26 20:19:56,539 INFO  - Fetched company for recruiterId=3dc93452-07a2-4843-a650-c7faed6fc07c
2025-06-26 20:19:56,548 INFO  - Fetched company for recruiterId=3dc93452-07a2-4843-a650-c7faed6fc07c
2025-06-26 20:23:09,792 INFO  - User logged in: muthu@gmail.com
2025-06-26 20:23:52,820 INFO  - Fetched all company names.
2025-06-26 20:23:52,837 INFO  - Fetched company for recruiterId=3dc93452-07a2-4843-a650-c7faed6fc07c
2025-06-26 20:23:52,847 INFO  - Fetched company for recruiterId=3dc93452-07a2-4843-a650-c7faed6fc07c
2025-06-26 20:23:52,854 INFO  - Fetched company for recruiterId=3dc93452-07a2-4843-a650-c7faed6fc07c
2025-06-26 20:23:52,864 INFO  - Fetched company for recruiterId=3dc93452-07a2-4843-a650-c7faed6fc07c
2025-06-26 20:23:53,403 INFO  - Fetched company for recruiterId=3dc93452-07a2-4843-a650-c7faed6fc07c
2025-06-26 20:23:53,413 INFO  - Fetched company for recruiterId=3dc93452-07a2-4843-a650-c7faed6fc07c
2025-06-26 20:23:53,421 INFO  - Fetched company for recruiterId=3dc93452-07a2-4843-a650-c7faed6fc07c
2025-06-26 20:26:25,307 INFO  - Fetched company for recruiterId=3dc93452-07a2-4843-a650-c7faed6fc07c
2025-06-26 20:26:25,317 INFO  - Fetched company for recruiterId=3dc93452-07a2-4843-a650-c7faed6fc07c
2025-06-26 20:26:25,326 INFO  - Fetched company for recruiterId=3dc93452-07a2-4843-a650-c7faed6fc07c
2025-06-26 20:28:33,410 INFO  - Fetched company for recruiterId=3dc93452-07a2-4843-a650-c7faed6fc07c
2025-06-26 20:28:33,416 INFO  - Fetched company for recruiterId=3dc93452-07a2-4843-a650-c7faed6fc07c
2025-06-26 20:28:33,424 INFO  - Fetched company for recruiterId=3dc93452-07a2-4843-a650-c7faed6fc07c
2025-06-26 20:29:01,432 INFO  - Fetched company for recruiterId=3dc93452-07a2-4843-a650-c7faed6fc07c
2025-06-26 20:29:01,440 INFO  - Fetched company for recruiterId=3dc93452-07a2-4843-a650-c7faed6fc07c
2025-06-26 20:29:01,447 INFO  - Fetched company for recruiterId=3dc93452-07a2-4843-a650-c7faed6fc07c
2025-06-26 20:33:33,529 INFO  - Fetched company for recruiterId=3dc93452-07a2-4843-a650-c7faed6fc07c
2025-06-26 20:33:33,537 INFO  - Fetched company for recruiterId=3dc93452-07a2-4843-a650-c7faed6fc07c
2025-06-26 20:33:33,543 INFO  - Fetched company for recruiterId=3dc93452-07a2-4843-a650-c7faed6fc07c
2025-06-26 20:34:36,824 INFO  - Fetched all company names.
2025-06-26 20:34:36,839 INFO  - Fetched company for recruiterId=3dc93452-07a2-4843-a650-c7faed6fc07c
2025-06-26 20:34:36,845 INFO  - Fetched company for recruiterId=3dc93452-07a2-4843-a650-c7faed6fc07c
2025-06-26 20:34:36,853 INFO  - Fetched company for recruiterId=3dc93452-07a2-4843-a650-c7faed6fc07c
2025-06-26 20:34:36,859 INFO  - Fetched company for recruiterId=3dc93452-07a2-4843-a650-c7faed6fc07c
2025-06-26 20:34:37,334 INFO  - Fetched company for recruiterId=3dc93452-07a2-4843-a650-c7faed6fc07c
2025-06-26 20:34:37,340 INFO  - Fetched company for recruiterId=3dc93452-07a2-4843-a650-c7faed6fc07c
2025-06-26 20:34:37,346 INFO  - Fetched company for recruiterId=3dc93452-07a2-4843-a650-c7faed6fc07c
2025-06-26 20:35:14,591 INFO  - Fetched company for recruiterId=3dc93452-07a2-4843-a650-c7faed6fc07c
2025-06-26 20:35:14,597 INFO  - Fetched company for recruiterId=3dc93452-07a2-4843-a650-c7faed6fc07c
2025-06-26 20:35:14,604 INFO  - Fetched company for recruiterId=3dc93452-07a2-4843-a650-c7faed6fc07c
2025-06-26 20:35:18,133 INFO  - Fetched company for recruiterId=3dc93452-07a2-4843-a650-c7faed6fc07c
2025-06-26 20:35:18,141 INFO  - Fetched company for recruiterId=3dc93452-07a2-4843-a650-c7faed6fc07c
2025-06-26 20:35:18,146 INFO  - Fetched company for recruiterId=3dc93452-07a2-4843-a650-c7faed6fc07c
2025-06-26 20:36:14,560 INFO  - Fetched company for recruiterId=3dc93452-07a2-4843-a650-c7faed6fc07c
2025-06-26 20:36:14,570 INFO  - Fetched company for recruiterId=3dc93452-07a2-4843-a650-c7faed6fc07c
2025-06-26 20:36:14,582 INFO  - Fetched company for recruiterId=3dc93452-07a2-4843-a650-c7faed6fc07c
2025-06-26 20:36:24,760 INFO  - Fetched company for recruiterId=3dc93452-07a2-4843-a650-c7faed6fc07c
2025-06-26 20:36:24,766 INFO  - Fetched company for recruiterId=3dc93452-07a2-4843-a650-c7faed6fc07c
2025-06-26 20:36:24,771 INFO  - Fetched company for recruiterId=3dc93452-07a2-4843-a650-c7faed6fc07c
2025-06-26 20:38:23,386 INFO  - Fetched all company names.
2025-06-26 20:38:23,409 INFO  - Fetched company for recruiterId=3dc93452-07a2-4843-a650-c7faed6fc07c
2025-06-26 20:38:23,421 INFO  - Fetched company for recruiterId=3dc93452-07a2-4843-a650-c7faed6fc07c
2025-06-26 20:38:23,428 INFO  - Fetched company for recruiterId=3dc93452-07a2-4843-a650-c7faed6fc07c
2025-06-26 20:38:23,440 INFO  - Fetched company for recruiterId=3dc93452-07a2-4843-a650-c7faed6fc07c
2025-06-26 20:38:24,137 INFO  - Fetched company for recruiterId=3dc93452-07a2-4843-a650-c7faed6fc07c
2025-06-26 20:38:24,147 INFO  - Fetched company for recruiterId=3dc93452-07a2-4843-a650-c7faed6fc07c
2025-06-26 20:38:24,156 INFO  - Fetched company for recruiterId=3dc93452-07a2-4843-a650-c7faed6fc07c
2025-06-26 20:38:49,031 INFO  - Fetched company for recruiterId=3dc93452-07a2-4843-a650-c7faed6fc07c
2025-06-26 20:38:49,038 INFO  - Fetched company for recruiterId=3dc93452-07a2-4843-a650-c7faed6fc07c
2025-06-26 20:38:49,044 INFO  - Fetched company for recruiterId=3dc93452-07a2-4843-a650-c7faed6fc07c
2025-06-26 20:38:49,527 INFO  - Fetched company for recruiterId=3dc93452-07a2-4843-a650-c7faed6fc07c
2025-06-26 20:38:49,536 INFO  - Fetched company for recruiterId=3dc93452-07a2-4843-a650-c7faed6fc07c
2025-06-26 20:38:49,541 INFO  - Fetched company for recruiterId=3dc93452-07a2-4843-a650-c7faed6fc07c
2025-06-26 20:39:14,392 INFO  - Fetched company for recruiterId=3dc93452-07a2-4843-a650-c7faed6fc07c
2025-06-26 20:39:14,408 INFO  - Fetched company for recruiterId=3dc93452-07a2-4843-a650-c7faed6fc07c
2025-06-26 20:39:14,418 INFO  - Fetched company for recruiterId=3dc93452-07a2-4843-a650-c7faed6fc07c
2025-06-26 20:39:47,181 INFO  - Fetched company for recruiterId=3dc93452-07a2-4843-a650-c7faed6fc07c
2025-06-26 20:39:47,191 INFO  - Fetched company for recruiterId=3dc93452-07a2-4843-a650-c7faed6fc07c
2025-06-26 20:39:47,199 INFO  - Fetched company for recruiterId=3dc93452-07a2-4843-a650-c7faed6fc07c
2025-06-26 20:41:15,135 INFO  - Fetched company for recruiterId=3dc93452-07a2-4843-a650-c7faed6fc07c
2025-06-26 20:41:15,143 INFO  - Fetched company for recruiterId=3dc93452-07a2-4843-a650-c7faed6fc07c
2025-06-26 20:41:15,150 INFO  - Fetched company for recruiterId=3dc93452-07a2-4843-a650-c7faed6fc07c
2025-06-26 20:42:33,587 INFO  - Fetched company for recruiterId=3dc93452-07a2-4843-a650-c7faed6fc07c
2025-06-26 20:42:33,597 INFO  - Fetched company for recruiterId=3dc93452-07a2-4843-a650-c7faed6fc07c
2025-06-26 20:42:33,603 INFO  - Fetched company for recruiterId=3dc93452-07a2-4843-a650-c7faed6fc07c
2025-06-26 20:42:34,119 INFO  - Fetched all company names.
2025-06-26 20:42:34,136 INFO  - Fetched company for recruiterId=3dc93452-07a2-4843-a650-c7faed6fc07c
2025-06-26 20:42:34,143 INFO  - Fetched company for recruiterId=3dc93452-07a2-4843-a650-c7faed6fc07c
2025-06-26 20:42:34,150 INFO  - Fetched company for recruiterId=3dc93452-07a2-4843-a650-c7faed6fc07c
2025-06-26 20:42:34,156 INFO  - Fetched company for recruiterId=3dc93452-07a2-4843-a650-c7faed6fc07c
2025-06-26 20:42:34,764 INFO  - Fetched company for recruiterId=3dc93452-07a2-4843-a650-c7faed6fc07c
2025-06-26 20:42:34,771 INFO  - Fetched company for recruiterId=3dc93452-07a2-4843-a650-c7faed6fc07c
2025-06-26 20:42:34,779 INFO  - Fetched company for recruiterId=3dc93452-07a2-4843-a650-c7faed6fc07c
2025-06-26 20:42:35,165 INFO  - Fetched company for recruiterId=3dc93452-07a2-4843-a650-c7faed6fc07c
2025-06-26 20:42:35,171 INFO  - Fetched company for recruiterId=3dc93452-07a2-4843-a650-c7faed6fc07c
2025-06-26 20:42:35,177 INFO  - Fetched company for recruiterId=3dc93452-07a2-4843-a650-c7faed6fc07c
2025-06-26 20:44:14,530 INFO  - Fetched company for recruiterId=3dc93452-07a2-4843-a650-c7faed6fc07c
2025-06-26 20:44:14,538 INFO  - Fetched company for recruiterId=3dc93452-07a2-4843-a650-c7faed6fc07c
2025-06-26 20:44:14,546 INFO  - Fetched company for recruiterId=3dc93452-07a2-4843-a650-c7faed6fc07c
2025-06-26 20:44:19,654 INFO  - Fetched company for recruiterId=3dc93452-07a2-4843-a650-c7faed6fc07c
2025-06-26 20:44:19,660 INFO  - Fetched company for recruiterId=3dc93452-07a2-4843-a650-c7faed6fc07c
2025-06-26 20:44:19,666 INFO  - Fetched company for recruiterId=3dc93452-07a2-4843-a650-c7faed6fc07c
2025-06-26 20:44:49,781 INFO  - Fetched company for recruiterId=3dc93452-07a2-4843-a650-c7faed6fc07c
2025-06-26 20:44:49,788 INFO  - Fetched company for recruiterId=3dc93452-07a2-4843-a650-c7faed6fc07c
2025-06-26 20:44:49,794 INFO  - Fetched company for recruiterId=3dc93452-07a2-4843-a650-c7faed6fc07c
2025-06-26 20:44:52,324 INFO  - Fetched company for recruiterId=3dc93452-07a2-4843-a650-c7faed6fc07c
2025-06-26 20:44:52,334 INFO  - Fetched company for recruiterId=3dc93452-07a2-4843-a650-c7faed6fc07c
2025-06-26 20:44:52,345 INFO  - Fetched company for recruiterId=3dc93452-07a2-4843-a650-c7faed6fc07c
2025-06-26 20:45:25,547 INFO  - Fetched company for recruiterId=3dc93452-07a2-4843-a650-c7faed6fc07c
2025-06-26 20:45:25,561 INFO  - Fetched company for recruiterId=3dc93452-07a2-4843-a650-c7faed6fc07c
2025-06-26 20:45:25,660 INFO  - Fetched company for recruiterId=3dc93452-07a2-4843-a650-c7faed6fc07c
2025-06-26 20:46:33,640 INFO  - Fetched company for recruiterId=3dc93452-07a2-4843-a650-c7faed6fc07c
2025-06-26 20:46:33,648 INFO  - Fetched company for recruiterId=3dc93452-07a2-4843-a650-c7faed6fc07c
2025-06-26 20:46:33,658 INFO  - Fetched company for recruiterId=3dc93452-07a2-4843-a650-c7faed6fc07c
2025-06-26 20:46:36,425 INFO  - Fetched company for recruiterId=3dc93452-07a2-4843-a650-c7faed6fc07c
2025-06-26 20:46:36,437 INFO  - Fetched company for recruiterId=3dc93452-07a2-4843-a650-c7faed6fc07c
2025-06-26 20:46:36,442 INFO  - Fetched company for recruiterId=3dc93452-07a2-4843-a650-c7faed6fc07c
2025-06-26 20:47:14,325 INFO  - Fetched company for recruiterId=3dc93452-07a2-4843-a650-c7faed6fc07c
2025-06-26 20:47:14,333 INFO  - Fetched company for recruiterId=3dc93452-07a2-4843-a650-c7faed6fc07c
2025-06-26 20:47:14,340 INFO  - Fetched company for recruiterId=3dc93452-07a2-4843-a650-c7faed6fc07c
2025-06-26 20:47:49,281 INFO  - Fetched company for recruiterId=3dc93452-07a2-4843-a650-c7faed6fc07c
2025-06-26 20:47:49,289 INFO  - Fetched company for recruiterId=3dc93452-07a2-4843-a650-c7faed6fc07c
2025-06-26 20:47:49,296 INFO  - Fetched company for recruiterId=3dc93452-07a2-4843-a650-c7faed6fc07c
2025-06-26 20:48:01,106 INFO  - Fetched company for recruiterId=3dc93452-07a2-4843-a650-c7faed6fc07c
2025-06-26 20:48:01,120 INFO  - Fetched company for recruiterId=3dc93452-07a2-4843-a650-c7faed6fc07c
2025-06-26 20:48:01,128 INFO  - Fetched company for recruiterId=3dc93452-07a2-4843-a650-c7faed6fc07c
2025-06-26 20:48:02,289 INFO  - Fetched company for recruiterId=3dc93452-07a2-4843-a650-c7faed6fc07c
2025-06-26 20:48:02,297 INFO  - Fetched company for recruiterId=3dc93452-07a2-4843-a650-c7faed6fc07c
2025-06-26 20:48:02,307 INFO  - Fetched company for recruiterId=3dc93452-07a2-4843-a650-c7faed6fc07c
2025-06-26 20:48:51,467 INFO  - Fetched company for recruiterId=3dc93452-07a2-4843-a650-c7faed6fc07c
2025-06-26 20:48:51,473 INFO  - Fetched company for recruiterId=3dc93452-07a2-4843-a650-c7faed6fc07c
2025-06-26 20:48:51,479 INFO  - Fetched company for recruiterId=3dc93452-07a2-4843-a650-c7faed6fc07c
2025-06-26 20:49:32,030 INFO  - Fetched company for recruiterId=3dc93452-07a2-4843-a650-c7faed6fc07c
2025-06-26 20:49:32,088 INFO  - Fetched company for recruiterId=3dc93452-07a2-4843-a650-c7faed6fc07c
2025-06-26 20:49:32,096 INFO  - Fetched company for recruiterId=3dc93452-07a2-4843-a650-c7faed6fc07c
2025-06-26 20:49:45,250 INFO  - Fetched company for recruiterId=3dc93452-07a2-4843-a650-c7faed6fc07c
2025-06-26 20:49:45,259 INFO  - Fetched company for recruiterId=3dc93452-07a2-4843-a650-c7faed6fc07c
2025-06-26 20:49:45,265 INFO  - Fetched company for recruiterId=3dc93452-07a2-4843-a650-c7faed6fc07c
2025-06-26 20:50:17,917 INFO  - Fetched company for recruiterId=3dc93452-07a2-4843-a650-c7faed6fc07c
2025-06-26 20:50:17,933 INFO  - Fetched company for recruiterId=3dc93452-07a2-4843-a650-c7faed6fc07c
2025-06-26 20:50:17,946 INFO  - Fetched company for recruiterId=3dc93452-07a2-4843-a650-c7faed6fc07c
2025-06-26 20:50:43,554 INFO  - Fetched company for recruiterId=3dc93452-07a2-4843-a650-c7faed6fc07c
2025-06-26 20:50:43,561 INFO  - Fetched company for recruiterId=3dc93452-07a2-4843-a650-c7faed6fc07c
2025-06-26 20:50:43,569 INFO  - Fetched company for recruiterId=3dc93452-07a2-4843-a650-c7faed6fc07c
2025-06-26 20:51:23,450 INFO  - Fetched company for recruiterId=3dc93452-07a2-4843-a650-c7faed6fc07c
2025-06-26 20:51:23,460 INFO  - Fetched company for recruiterId=3dc93452-07a2-4843-a650-c7faed6fc07c
2025-06-26 20:51:23,470 INFO  - Fetched company for recruiterId=3dc93452-07a2-4843-a650-c7faed6fc07c
2025-06-26 20:51:48,891 INFO  - Fetched company for recruiterId=3dc93452-07a2-4843-a650-c7faed6fc07c
2025-06-26 20:51:48,901 INFO  - Fetched company for recruiterId=3dc93452-07a2-4843-a650-c7faed6fc07c
2025-06-26 20:51:48,909 INFO  - Fetched company for recruiterId=3dc93452-07a2-4843-a650-c7faed6fc07c
2025-06-26 20:52:09,107 INFO  - Fetched company for recruiterId=3dc93452-07a2-4843-a650-c7faed6fc07c
2025-06-26 20:52:09,114 INFO  - Fetched company for recruiterId=3dc93452-07a2-4843-a650-c7faed6fc07c
2025-06-26 20:52:09,123 INFO  - Fetched company for recruiterId=3dc93452-07a2-4843-a650-c7faed6fc07c
2025-06-26 20:52:20,108 INFO  - Fetched company for recruiterId=3dc93452-07a2-4843-a650-c7faed6fc07c
2025-06-26 20:52:20,117 INFO  - Fetched company for recruiterId=3dc93452-07a2-4843-a650-c7faed6fc07c
2025-06-26 20:52:20,129 INFO  - Fetched company for recruiterId=3dc93452-07a2-4843-a650-c7faed6fc07c
2025-06-26 20:52:48,785 INFO  - Fetched company for recruiterId=3dc93452-07a2-4843-a650-c7faed6fc07c
2025-06-26 20:52:48,792 INFO  - Fetched company for recruiterId=3dc93452-07a2-4843-a650-c7faed6fc07c
2025-06-26 20:52:48,798 INFO  - Fetched company for recruiterId=3dc93452-07a2-4843-a650-c7faed6fc07c
2025-06-26 20:53:02,727 INFO  - Fetched company for recruiterId=3dc93452-07a2-4843-a650-c7faed6fc07c
2025-06-26 20:53:02,735 INFO  - Fetched company for recruiterId=3dc93452-07a2-4843-a650-c7faed6fc07c
2025-06-26 20:53:02,743 INFO  - Fetched company for recruiterId=3dc93452-07a2-4843-a650-c7faed6fc07c
2025-06-26 20:53:05,102 INFO  - Fetched company for recruiterId=3dc93452-07a2-4843-a650-c7faed6fc07c
2025-06-26 20:53:05,111 INFO  - Fetched company for recruiterId=3dc93452-07a2-4843-a650-c7faed6fc07c
2025-06-26 20:53:05,119 INFO  - Fetched company for recruiterId=3dc93452-07a2-4843-a650-c7faed6fc07c
2025-06-26 20:54:07,007 INFO  - User logged in: muthu@gmail.com
2025-06-26 20:54:45,665 INFO  - Fetched company for recruiterId=3dc93452-07a2-4843-a650-c7faed6fc07c
2025-06-26 20:54:45,673 INFO  - Fetched company for recruiterId=3dc93452-07a2-4843-a650-c7faed6fc07c
2025-06-26 20:54:45,682 INFO  - Fetched company for recruiterId=3dc93452-07a2-4843-a650-c7faed6fc07c
2025-06-26 20:59:24,187 INFO  - Fetched company for recruiterId=3dc93452-07a2-4843-a650-c7faed6fc07c
2025-06-26 20:59:24,197 INFO  - Fetched company for recruiterId=3dc93452-07a2-4843-a650-c7faed6fc07c
2025-06-26 20:59:24,205 INFO  - Fetched company for recruiterId=3dc93452-07a2-4843-a650-c7faed6fc07c
2025-06-26 20:59:35,640 INFO  - Fetched company for recruiterId=3dc93452-07a2-4843-a650-c7faed6fc07c
2025-06-26 20:59:35,647 INFO  - Fetched company for recruiterId=3dc93452-07a2-4843-a650-c7faed6fc07c
2025-06-26 20:59:35,653 INFO  - Fetched company for recruiterId=3dc93452-07a2-4843-a650-c7faed6fc07c
2025-06-26 20:59:37,156 INFO  - Fetched company for recruiterId=3dc93452-07a2-4843-a650-c7faed6fc07c
2025-06-26 20:59:37,163 INFO  - Fetched company for recruiterId=3dc93452-07a2-4843-a650-c7faed6fc07c
2025-06-26 20:59:37,170 INFO  - Fetched company for recruiterId=3dc93452-07a2-4843-a650-c7faed6fc07c
2025-06-26 20:59:39,090 INFO  - Fetched company for recruiterId=3dc93452-07a2-4843-a650-c7faed6fc07c
2025-06-26 20:59:39,098 INFO  - Fetched company for recruiterId=3dc93452-07a2-4843-a650-c7faed6fc07c
2025-06-26 20:59:39,111 INFO  - Fetched company for recruiterId=3dc93452-07a2-4843-a650-c7faed6fc07c
2025-06-26 20:59:46,811 INFO  - Fetched company for recruiterId=3dc93452-07a2-4843-a650-c7faed6fc07c
2025-06-26 20:59:46,818 INFO  - Fetched company for recruiterId=3dc93452-07a2-4843-a650-c7faed6fc07c
2025-06-26 20:59:46,844 INFO  - Fetched company for recruiterId=3dc93452-07a2-4843-a650-c7faed6fc07c
2025-06-26 20:59:50,061 INFO  - Fetched company for recruiterId=3dc93452-07a2-4843-a650-c7faed6fc07c
2025-06-26 20:59:50,069 INFO  - Fetched company for recruiterId=3dc93452-07a2-4843-a650-c7faed6fc07c
2025-06-26 20:59:50,076 INFO  - Fetched company for recruiterId=3dc93452-07a2-4843-a650-c7faed6fc07c
2025-06-26 21:00:01,429 INFO  - Fetched company for recruiterId=3dc93452-07a2-4843-a650-c7faed6fc07c
2025-06-26 21:00:01,435 INFO  - Fetched company for recruiterId=3dc93452-07a2-4843-a650-c7faed6fc07c
2025-06-26 21:00:01,444 INFO  - Fetched company for recruiterId=3dc93452-07a2-4843-a650-c7faed6fc07c
2025-06-26 21:00:05,055 INFO  - Fetched company for recruiterId=3dc93452-07a2-4843-a650-c7faed6fc07c
2025-06-26 21:00:05,072 INFO  - Fetched company for recruiterId=3dc93452-07a2-4843-a650-c7faed6fc07c
2025-06-26 21:00:05,081 INFO  - Fetched company for recruiterId=3dc93452-07a2-4843-a650-c7faed6fc07c
2025-06-26 21:00:19,337 INFO  - Fetched company for recruiterId=3dc93452-07a2-4843-a650-c7faed6fc07c
2025-06-26 21:00:19,343 INFO  - Fetched company for recruiterId=3dc93452-07a2-4843-a650-c7faed6fc07c
2025-06-26 21:00:19,349 INFO  - Fetched company for recruiterId=3dc93452-07a2-4843-a650-c7faed6fc07c
2025-06-26 21:00:31,299 INFO  - Fetched company for recruiterId=3dc93452-07a2-4843-a650-c7faed6fc07c
2025-06-26 21:00:31,306 INFO  - Fetched company for recruiterId=3dc93452-07a2-4843-a650-c7faed6fc07c
2025-06-26 21:00:31,311 INFO  - Fetched company for recruiterId=3dc93452-07a2-4843-a650-c7faed6fc07c
2025-06-26 21:00:38,265 INFO  - Fetched company for recruiterId=3dc93452-07a2-4843-a650-c7faed6fc07c
2025-06-26 21:00:38,274 INFO  - Fetched company for recruiterId=3dc93452-07a2-4843-a650-c7faed6fc07c
2025-06-26 21:00:38,286 INFO  - Fetched company for recruiterId=3dc93452-07a2-4843-a650-c7faed6fc07c
2025-06-26 21:01:09,645 INFO  - Fetched company for recruiterId=3dc93452-07a2-4843-a650-c7faed6fc07c
2025-06-26 21:01:09,669 INFO  - Fetched company for recruiterId=3dc93452-07a2-4843-a650-c7faed6fc07c
2025-06-26 21:01:09,677 INFO  - Fetched company for recruiterId=3dc93452-07a2-4843-a650-c7faed6fc07c
2025-06-26 21:01:11,966 INFO  - Fetched company for recruiterId=3dc93452-07a2-4843-a650-c7faed6fc07c
2025-06-26 21:01:11,974 INFO  - Fetched company for recruiterId=3dc93452-07a2-4843-a650-c7faed6fc07c
2025-06-26 21:01:11,980 INFO  - Fetched company for recruiterId=3dc93452-07a2-4843-a650-c7faed6fc07c
2025-06-26 21:01:15,065 INFO  - Fetched company for recruiterId=3dc93452-07a2-4843-a650-c7faed6fc07c
2025-06-26 21:01:15,073 INFO  - Fetched company for recruiterId=3dc93452-07a2-4843-a650-c7faed6fc07c
2025-06-26 21:01:15,080 INFO  - Fetched company for recruiterId=3dc93452-07a2-4843-a650-c7faed6fc07c
2025-06-26 21:01:21,050 INFO  - Fetched company for recruiterId=3dc93452-07a2-4843-a650-c7faed6fc07c
2025-06-26 21:01:21,062 INFO  - Fetched company for recruiterId=3dc93452-07a2-4843-a650-c7faed6fc07c
2025-06-26 21:01:21,070 INFO  - Fetched company for recruiterId=3dc93452-07a2-4843-a650-c7faed6fc07c
2025-06-26 21:01:31,033 INFO  - Fetched company for recruiterId=3dc93452-07a2-4843-a650-c7faed6fc07c
2025-06-26 21:01:31,041 INFO  - Fetched company for recruiterId=3dc93452-07a2-4843-a650-c7faed6fc07c
2025-06-26 21:01:31,050 INFO  - Fetched company for recruiterId=3dc93452-07a2-4843-a650-c7faed6fc07c
2025-06-26 21:01:38,044 INFO  - Fetched company for recruiterId=3dc93452-07a2-4843-a650-c7faed6fc07c
2025-06-26 21:01:38,054 INFO  - Fetched company for recruiterId=3dc93452-07a2-4843-a650-c7faed6fc07c
2025-06-26 21:01:38,061 INFO  - Fetched company for recruiterId=3dc93452-07a2-4843-a650-c7faed6fc07c
2025-06-26 21:02:06,660 INFO  - Fetched company for recruiterId=3dc93452-07a2-4843-a650-c7faed6fc07c
2025-06-26 21:02:06,666 INFO  - Fetched company for recruiterId=3dc93452-07a2-4843-a650-c7faed6fc07c
2025-06-26 21:02:06,674 INFO  - Fetched company for recruiterId=3dc93452-07a2-4843-a650-c7faed6fc07c
2025-06-26 21:02:28,084 INFO  - Fetched company for recruiterId=3dc93452-07a2-4843-a650-c7faed6fc07c
2025-06-26 21:02:28,092 INFO  - Fetched company for recruiterId=3dc93452-07a2-4843-a650-c7faed6fc07c
2025-06-26 21:02:28,097 INFO  - Fetched company for recruiterId=3dc93452-07a2-4843-a650-c7faed6fc07c
2025-06-26 21:02:37,105 INFO  - Fetched company for recruiterId=3dc93452-07a2-4843-a650-c7faed6fc07c
2025-06-26 21:02:37,110 INFO  - Fetched company for recruiterId=3dc93452-07a2-4843-a650-c7faed6fc07c
2025-06-26 21:02:37,115 INFO  - Fetched company for recruiterId=3dc93452-07a2-4843-a650-c7faed6fc07c
2025-06-26 21:24:38,494 INFO  - User logged in: muthukaruppanaakash76@gmail.com
2025-06-26 21:24:38,494 INFO  - User logged in: muthukaruppanaakash76@gmail.com
2025-06-26 21:27:20,737 INFO  - Fetched all skills.
2025-06-26 21:34:43,809 INFO  - Fetched all skills.
2025-06-26 21:43:24,615 INFO  - Fetched all skills.
2025-06-26 21:51:40,622 INFO  - Fetched company for recruiterId=3dc93452-07a2-4843-a650-c7faed6fc07c
2025-06-26 21:51:40,635 INFO  - Fetched company for recruiterId=3dc93452-07a2-4843-a650-c7faed6fc07c
2025-06-26 21:51:40,649 INFO  - Fetched company for recruiterId=3dc93452-07a2-4843-a650-c7faed6fc07c
2025-06-26 21:51:40,657 INFO  - Fetched company for recruiterId=3dc93452-07a2-4843-a650-c7faed6fc07c
2025-06-26 21:51:50,401 INFO  - Fetched company for recruiterId=3dc93452-07a2-4843-a650-c7faed6fc07c
2025-06-26 21:51:50,413 INFO  - Fetched company for recruiterId=3dc93452-07a2-4843-a650-c7faed6fc07c
2025-06-26 21:51:50,430 INFO  - Fetched company for recruiterId=3dc93452-07a2-4843-a650-c7faed6fc07c
2025-06-26 21:51:50,441 INFO  - Fetched company for recruiterId=3dc93452-07a2-4843-a650-c7faed6fc07c
2025-06-26 21:51:58,302 INFO  - Fetched all skills.
2025-06-26 21:52:00,108 INFO  - Fetched company for recruiterId=3dc93452-07a2-4843-a650-c7faed6fc07c
2025-06-26 21:52:00,123 INFO  - Fetched company for recruiterId=3dc93452-07a2-4843-a650-c7faed6fc07c
2025-06-26 21:52:00,144 INFO  - Fetched company for recruiterId=3dc93452-07a2-4843-a650-c7faed6fc07c
2025-06-26 21:52:00,157 INFO  - Fetched company for recruiterId=3dc93452-07a2-4843-a650-c7faed6fc07c
2025-06-26 21:52:20,565 INFO  - Fetched company for recruiterId=3dc93452-07a2-4843-a650-c7faed6fc07c
2025-06-26 21:52:20,571 INFO  - Fetched company for recruiterId=3dc93452-07a2-4843-a650-c7faed6fc07c
2025-06-26 21:52:20,578 INFO  - Fetched company for recruiterId=3dc93452-07a2-4843-a650-c7faed6fc07c
2025-06-26 21:52:20,584 INFO  - Fetched company for recruiterId=3dc93452-07a2-4843-a650-c7faed6fc07c
2025-06-26 21:52:26,008 INFO  - Resume downloaded: SeekerId = 637f3638-b296-4f0d-bb3c-5a65a7f8baed, JobPostId = ce6efdf7-8ca5-494f-af1d-aca84641db3f
2025-06-26 21:52:49,478 INFO  - Fetched company for recruiterId=3dc93452-07a2-4843-a650-c7faed6fc07c
2025-06-26 21:52:49,485 INFO  - Fetched company for recruiterId=3dc93452-07a2-4843-a650-c7faed6fc07c
2025-06-26 21:52:49,491 INFO  - Fetched company for recruiterId=3dc93452-07a2-4843-a650-c7faed6fc07c
2025-06-26 21:52:49,514 INFO  - Fetched company for recruiterId=3dc93452-07a2-4843-a650-c7faed6fc07c
2025-06-26 21:53:02,831 INFO  - Fetched company for recruiterId=3dc93452-07a2-4843-a650-c7faed6fc07c
2025-06-26 21:53:02,838 INFO  - Fetched company for recruiterId=3dc93452-07a2-4843-a650-c7faed6fc07c
2025-06-26 21:53:02,845 INFO  - Fetched company for recruiterId=3dc93452-07a2-4843-a650-c7faed6fc07c
2025-06-26 21:53:02,865 INFO  - Fetched company for recruiterId=3dc93452-07a2-4843-a650-c7faed6fc07c
2025-06-26 21:53:52,315 INFO  - Fetched company for recruiterId=3dc93452-07a2-4843-a650-c7faed6fc07c
2025-06-26 21:53:52,322 INFO  - Fetched company for recruiterId=3dc93452-07a2-4843-a650-c7faed6fc07c
2025-06-26 21:53:52,328 INFO  - Fetched company for recruiterId=3dc93452-07a2-4843-a650-c7faed6fc07c
2025-06-26 21:53:52,336 INFO  - Fetched company for recruiterId=3dc93452-07a2-4843-a650-c7faed6fc07c
2025-06-26 22:07:46,608 INFO  - User logged in: muthukaruppanaakash76@gmail.com
2025-06-26 22:21:08,871 INFO  - Fetched all skills.
2025-06-26 22:21:13,394 INFO  - Fetched all skills.
2025-06-26 22:21:14,794 INFO  - Fetched all skills.
2025-06-26 22:21:15,470 INFO  - Fetched company for recruiterId=3dc93452-07a2-4843-a650-c7faed6fc07c
2025-06-26 22:21:15,497 INFO  - Fetched company for recruiterId=3dc93452-07a2-4843-a650-c7faed6fc07c
2025-06-26 22:21:15,511 INFO  - Fetched company for recruiterId=3dc93452-07a2-4843-a650-c7faed6fc07c
2025-06-26 22:21:15,517 INFO  - Fetched company for recruiterId=3dc93452-07a2-4843-a650-c7faed6fc07c
2025-06-26 22:21:17,167 INFO  - Fetched all skills.
2025-06-26 22:22:29,894 INFO  - Fetched all skills.
2025-06-26 22:22:32,298 INFO  - Fetched company for recruiterId=3dc93452-07a2-4843-a650-c7faed6fc07c
2025-06-26 22:22:32,305 INFO  - Fetched company for recruiterId=3dc93452-07a2-4843-a650-c7faed6fc07c
2025-06-26 22:22:32,313 INFO  - Fetched company for recruiterId=3dc93452-07a2-4843-a650-c7faed6fc07c
2025-06-26 22:22:32,320 INFO  - Fetched company for recruiterId=3dc93452-07a2-4843-a650-c7faed6fc07c
2025-06-26 22:22:32,849 INFO  - Fetched all skills.
2025-06-26 22:23:07,169 INFO  - User logged in: muthukaruppanaakash76@gmail.com
