2025-07-01 09:50:56,395 INFO  - User logged in: muthukaruppanaakash76@gmail.com
2025-07-01 09:51:08,339 INFO  - Fetched all skills.
2025-07-01 09:51:53,964 INFO  - Fetched company for recruiterId=3dc93452-07a2-4843-a650-c7faed6fc07c
2025-07-01 09:51:54,605 INFO  - Fetched company for recruiterId=3dc93452-07a2-4843-a650-c7faed6fc07c
2025-07-01 09:51:54,613 INFO  - Fetched company for recruiterId=3dc93452-07a2-4843-a650-c7faed6fc07c
2025-07-01 09:51:54,622 INFO  - Fetched company for recruiterId=3dc93452-07a2-4843-a650-c7faed6fc07c
2025-07-01 09:51:55,107 INFO  - Fetched all skills.
2025-07-01 09:51:57,494 INFO  - Fetched all skills.
2025-07-01 09:52:48,659 INFO  - Fetched all skills.
2025-07-01 09:52:52,129 INFO  - Fetched all skills.
2025-07-01 09:54:02,909 INFO  - User logged in: muthukaruppanaakash76@gmail.com
2025-07-01 10:07:32,031 INFO  - Fetched all skills.
2025-07-01 10:08:48,629 INFO  - Fetched all skills.
2025-07-01 10:14:07,240 INFO  - Fetched company for recruiterId=3dc93452-07a2-4843-a650-c7faed6fc07c
2025-07-01 10:14:07,274 INFO  - Fetched company for recruiterId=3dc93452-07a2-4843-a650-c7faed6fc07c
2025-07-01 10:14:07,284 INFO  - Fetched company for recruiterId=3dc93452-07a2-4843-a650-c7faed6fc07c
2025-07-01 19:53:26,587 INFO  - Fetched all company names.
2025-07-01 19:53:26,910 INFO  - Fetched all company names.
2025-07-01 19:54:03,237 INFO  - User logged in: muthukaruppanaakash76@gmail.com
2025-07-01 19:55:24,060 INFO  - Fetched all skills.
2025-07-01 19:55:25,563 INFO  - Fetched company for recruiterId=3dc93452-07a2-4843-a650-c7faed6fc07c
2025-07-01 19:55:25,576 INFO  - Fetched company for recruiterId=3dc93452-07a2-4843-a650-c7faed6fc07c
2025-07-01 19:55:25,582 INFO  - Fetched company for recruiterId=3dc93452-07a2-4843-a650-c7faed6fc07c
2025-07-01 19:55:29,144 INFO  - Fetched all skills.
2025-07-01 19:55:29,665 INFO  - Fetched company for recruiterId=3dc93452-07a2-4843-a650-c7faed6fc07c
2025-07-01 19:55:29,674 INFO  - Fetched company for recruiterId=3dc93452-07a2-4843-a650-c7faed6fc07c
2025-07-01 19:55:29,684 INFO  - Fetched company for recruiterId=3dc93452-07a2-4843-a650-c7faed6fc07c
2025-07-01 19:55:30,645 INFO  - Fetched all skills.
2025-07-01 19:55:32,530 INFO  - Updated job post: ce6efdf7-8ca5-494f-af1d-aca84641db3f
2025-07-01 19:55:32,609 INFO  - Updated responsibilities for postId: ce6efdf7-8ca5-494f-af1d-aca84641db3f
2025-07-01 19:55:32,658 INFO  - Updated requirements for postId: ce6efdf7-8ca5-494f-af1d-aca84641db3f
2025-07-01 19:55:32,708 INFO  - Updated post skills for job post: ce6efdf7-8ca5-494f-af1d-aca84641db3f
2025-07-01 19:55:34,806 INFO  - Fetched all skills.
2025-07-01 19:56:54,634 INFO  - JobPost added by recruiter: 3dc93452-07a2-4843-a650-c7faed6fc07c, Job Title: Dotnet Developer
2025-07-01 19:57:00,130 INFO  - Fetched company for recruiterId=3dc93452-07a2-4843-a650-c7faed6fc07c
2025-07-01 19:57:00,137 INFO  - Fetched company for recruiterId=3dc93452-07a2-4843-a650-c7faed6fc07c
2025-07-01 19:57:00,145 INFO  - Fetched company for recruiterId=3dc93452-07a2-4843-a650-c7faed6fc07c
2025-07-01 19:57:00,152 INFO  - Fetched company for recruiterId=3dc93452-07a2-4843-a650-c7faed6fc07c
2025-07-01 19:57:42,774 INFO  - Fetched company for recruiterId=3dc93452-07a2-4843-a650-c7faed6fc07c
2025-07-01 19:57:42,787 INFO  - Fetched company for recruiterId=3dc93452-07a2-4843-a650-c7faed6fc07c
2025-07-01 19:57:42,796 INFO  - Fetched company for recruiterId=3dc93452-07a2-4843-a650-c7faed6fc07c
2025-07-01 19:57:42,807 INFO  - Fetched company for recruiterId=3dc93452-07a2-4843-a650-c7faed6fc07c
2025-07-01 19:57:43,533 INFO  - Fetched company for recruiterId=3dc93452-07a2-4843-a650-c7faed6fc07c
2025-07-01 19:57:43,539 INFO  - Fetched company for recruiterId=3dc93452-07a2-4843-a650-c7faed6fc07c
2025-07-01 19:57:43,549 INFO  - Fetched company for recruiterId=3dc93452-07a2-4843-a650-c7faed6fc07c
2025-07-01 19:57:43,561 INFO  - Fetched company for recruiterId=3dc93452-07a2-4843-a650-c7faed6fc07c
2025-07-01 19:57:44,121 INFO  - Fetched all skills.
2025-07-01 19:57:45,660 INFO  - Updated job post: 4e6a8c17-fed2-4c37-a515-a19df84f1eb8
2025-07-01 19:57:45,677 INFO  - Updated responsibilities for postId: 4e6a8c17-fed2-4c37-a515-a19df84f1eb8
2025-07-01 19:57:45,692 INFO  - Updated requirements for postId: 4e6a8c17-fed2-4c37-a515-a19df84f1eb8
2025-07-01 19:57:45,709 INFO  - Updated post skills for job post: 4e6a8c17-fed2-4c37-a515-a19df84f1eb8
2025-07-01 19:57:51,314 INFO  - Fetched company for recruiterId=3dc93452-07a2-4843-a650-c7faed6fc07c
2025-07-01 19:57:51,320 INFO  - Fetched company for recruiterId=3dc93452-07a2-4843-a650-c7faed6fc07c
2025-07-01 19:57:51,327 INFO  - Fetched company for recruiterId=3dc93452-07a2-4843-a650-c7faed6fc07c
2025-07-01 19:57:51,333 INFO  - Fetched company for recruiterId=3dc93452-07a2-4843-a650-c7faed6fc07c
2025-07-01 19:57:55,162 INFO  - Fetched company for recruiterId=3dc93452-07a2-4843-a650-c7faed6fc07c
2025-07-01 19:58:09,045 INFO  - User logged out: muthukaruppanaakash76@gmail.com
2025-07-01 19:58:25,207 INFO  - User logged in: muthu@gmail.com
2025-07-01 19:58:28,785 INFO  - Fetched company for recruiterId=3dc93452-07a2-4843-a650-c7faed6fc07c
2025-07-01 19:58:28,788 INFO  - Fetched company for recruiterId=52f3dcc7-e7bb-4419-b8a9-9cfb2a6f8b9e
2025-07-01 19:58:28,794 INFO  - Fetched company for recruiterId=52f3dcc7-e7bb-4419-b8a9-9cfb2a6f8b9e
2025-07-01 19:58:28,800 INFO  - Fetched company for recruiterId=52f3dcc7-e7bb-4419-b8a9-9cfb2a6f8b9e
2025-07-01 19:58:28,805 INFO  - Fetched company for recruiterId=52f3dcc7-e7bb-4419-b8a9-9cfb2a6f8b9e
2025-07-01 19:58:28,820 INFO  - Fetched company for recruiterId=52f3dcc7-e7bb-4419-b8a9-9cfb2a6f8b9e
2025-07-01 19:58:28,832 INFO  - Fetched company for recruiterId=52f3dcc7-e7bb-4419-b8a9-9cfb2a6f8b9e
2025-07-01 19:58:28,840 INFO  - Fetched company for recruiterId=52f3dcc7-e7bb-4419-b8a9-9cfb2a6f8b9e
2025-07-01 19:58:28,846 INFO  - Fetched company for recruiterId=52f3dcc7-e7bb-4419-b8a9-9cfb2a6f8b9e
2025-07-01 19:58:28,853 INFO  - Fetched company for recruiterId=52f3dcc7-e7bb-4419-b8a9-9cfb2a6f8b9e
2025-07-01 19:58:29,307 INFO  - Fetched all company names.
2025-07-01 19:58:29,390 INFO  - Fetched company for recruiterId=3dc93452-07a2-4843-a650-c7faed6fc07c
2025-07-01 19:58:29,390 INFO  - Fetched company for recruiterId=52f3dcc7-e7bb-4419-b8a9-9cfb2a6f8b9e
2025-07-01 19:58:29,395 INFO  - Fetched company for recruiterId=3dc93452-07a2-4843-a650-c7faed6fc07c
2025-07-01 19:58:29,396 INFO  - Fetched company for recruiterId=52f3dcc7-e7bb-4419-b8a9-9cfb2a6f8b9e
2025-07-01 19:58:29,401 INFO  - Fetched company for recruiterId=52f3dcc7-e7bb-4419-b8a9-9cfb2a6f8b9e
2025-07-01 19:58:29,407 INFO  - Fetched company for recruiterId=52f3dcc7-e7bb-4419-b8a9-9cfb2a6f8b9e
2025-07-01 19:58:29,415 INFO  - Fetched company for recruiterId=52f3dcc7-e7bb-4419-b8a9-9cfb2a6f8b9e
2025-07-01 19:58:29,422 INFO  - Fetched company for recruiterId=52f3dcc7-e7bb-4419-b8a9-9cfb2a6f8b9e
2025-07-01 19:58:29,428 INFO  - Fetched company for recruiterId=52f3dcc7-e7bb-4419-b8a9-9cfb2a6f8b9e
2025-07-01 19:58:29,435 INFO  - Fetched company for recruiterId=52f3dcc7-e7bb-4419-b8a9-9cfb2a6f8b9e
2025-07-01 19:58:32,657 INFO  - Fetched all company names.
2025-07-01 19:58:32,675 INFO  - Fetched company for recruiterId=3dc93452-07a2-4843-a650-c7faed6fc07c
2025-07-01 19:58:32,675 INFO  - Fetched company for recruiterId=52f3dcc7-e7bb-4419-b8a9-9cfb2a6f8b9e
2025-07-01 19:58:32,682 INFO  - Fetched company for recruiterId=3dc93452-07a2-4843-a650-c7faed6fc07c
2025-07-01 19:58:32,682 INFO  - Fetched company for recruiterId=52f3dcc7-e7bb-4419-b8a9-9cfb2a6f8b9e
2025-07-01 19:58:32,689 INFO  - Fetched company for recruiterId=52f3dcc7-e7bb-4419-b8a9-9cfb2a6f8b9e
2025-07-01 19:58:32,695 INFO  - Fetched company for recruiterId=52f3dcc7-e7bb-4419-b8a9-9cfb2a6f8b9e
2025-07-01 19:58:32,702 INFO  - Fetched company for recruiterId=52f3dcc7-e7bb-4419-b8a9-9cfb2a6f8b9e
2025-07-01 19:58:32,711 INFO  - Fetched company for recruiterId=52f3dcc7-e7bb-4419-b8a9-9cfb2a6f8b9e
2025-07-01 19:58:32,717 INFO  - Fetched company for recruiterId=52f3dcc7-e7bb-4419-b8a9-9cfb2a6f8b9e
2025-07-01 19:58:32,724 INFO  - Fetched company for recruiterId=52f3dcc7-e7bb-4419-b8a9-9cfb2a6f8b9e
2025-07-01 19:58:38,624 INFO  - Fetched all company names.
2025-07-01 19:58:38,640 INFO  - Fetched company for recruiterId=52f3dcc7-e7bb-4419-b8a9-9cfb2a6f8b9e
2025-07-01 19:58:38,640 INFO  - Fetched company for recruiterId=3dc93452-07a2-4843-a650-c7faed6fc07c
2025-07-01 19:58:38,648 INFO  - Fetched company for recruiterId=52f3dcc7-e7bb-4419-b8a9-9cfb2a6f8b9e
2025-07-01 19:58:38,648 INFO  - Fetched company for recruiterId=3dc93452-07a2-4843-a650-c7faed6fc07c
2025-07-01 19:58:38,654 INFO  - Fetched company for recruiterId=52f3dcc7-e7bb-4419-b8a9-9cfb2a6f8b9e
2025-07-01 19:58:38,661 INFO  - Fetched company for recruiterId=52f3dcc7-e7bb-4419-b8a9-9cfb2a6f8b9e
2025-07-01 19:58:38,668 INFO  - Fetched company for recruiterId=52f3dcc7-e7bb-4419-b8a9-9cfb2a6f8b9e
2025-07-01 19:58:38,675 INFO  - Fetched company for recruiterId=52f3dcc7-e7bb-4419-b8a9-9cfb2a6f8b9e
2025-07-01 19:58:38,683 INFO  - Fetched company for recruiterId=52f3dcc7-e7bb-4419-b8a9-9cfb2a6f8b9e
2025-07-01 19:58:38,690 INFO  - Fetched company for recruiterId=52f3dcc7-e7bb-4419-b8a9-9cfb2a6f8b9e
2025-07-01 19:58:39,532 INFO  - Fetched company for recruiterId=3dc93452-07a2-4843-a650-c7faed6fc07c
2025-07-01 19:58:39,533 INFO  - Fetched company for recruiterId=52f3dcc7-e7bb-4419-b8a9-9cfb2a6f8b9e
2025-07-01 19:58:39,542 INFO  - Fetched company for recruiterId=52f3dcc7-e7bb-4419-b8a9-9cfb2a6f8b9e
2025-07-01 19:58:39,550 INFO  - Fetched company for recruiterId=52f3dcc7-e7bb-4419-b8a9-9cfb2a6f8b9e
2025-07-01 19:58:39,558 INFO  - Fetched company for recruiterId=52f3dcc7-e7bb-4419-b8a9-9cfb2a6f8b9e
2025-07-01 19:58:39,565 INFO  - Fetched company for recruiterId=52f3dcc7-e7bb-4419-b8a9-9cfb2a6f8b9e
2025-07-01 19:58:39,572 INFO  - Fetched company for recruiterId=52f3dcc7-e7bb-4419-b8a9-9cfb2a6f8b9e
2025-07-01 19:58:39,579 INFO  - Fetched company for recruiterId=52f3dcc7-e7bb-4419-b8a9-9cfb2a6f8b9e
2025-07-01 19:58:39,586 INFO  - Fetched company for recruiterId=52f3dcc7-e7bb-4419-b8a9-9cfb2a6f8b9e
2025-07-01 19:58:39,592 INFO  - Fetched company for recruiterId=52f3dcc7-e7bb-4419-b8a9-9cfb2a6f8b9e
2025-07-01 19:58:40,176 INFO  - Fetched company for recruiterId=3dc93452-07a2-4843-a650-c7faed6fc07c
2025-07-01 19:58:40,177 INFO  - Fetched company for recruiterId=52f3dcc7-e7bb-4419-b8a9-9cfb2a6f8b9e
2025-07-01 19:58:40,184 INFO  - Fetched company for recruiterId=52f3dcc7-e7bb-4419-b8a9-9cfb2a6f8b9e
2025-07-01 19:58:40,190 INFO  - Fetched company for recruiterId=52f3dcc7-e7bb-4419-b8a9-9cfb2a6f8b9e
2025-07-01 19:58:40,196 INFO  - Fetched company for recruiterId=52f3dcc7-e7bb-4419-b8a9-9cfb2a6f8b9e
2025-07-01 19:58:44,791 INFO  - Fetched all company names.
2025-07-01 19:58:44,807 INFO  - Fetched company for recruiterId=3dc93452-07a2-4843-a650-c7faed6fc07c
2025-07-01 19:58:44,807 INFO  - Fetched company for recruiterId=52f3dcc7-e7bb-4419-b8a9-9cfb2a6f8b9e
2025-07-01 19:58:44,814 INFO  - Fetched company for recruiterId=3dc93452-07a2-4843-a650-c7faed6fc07c
2025-07-01 19:58:44,814 INFO  - Fetched company for recruiterId=52f3dcc7-e7bb-4419-b8a9-9cfb2a6f8b9e
2025-07-01 19:58:44,822 INFO  - Fetched company for recruiterId=52f3dcc7-e7bb-4419-b8a9-9cfb2a6f8b9e
2025-07-01 19:58:44,829 INFO  - Fetched company for recruiterId=52f3dcc7-e7bb-4419-b8a9-9cfb2a6f8b9e
2025-07-01 19:58:44,836 INFO  - Fetched company for recruiterId=52f3dcc7-e7bb-4419-b8a9-9cfb2a6f8b9e
2025-07-01 19:58:44,843 INFO  - Fetched company for recruiterId=52f3dcc7-e7bb-4419-b8a9-9cfb2a6f8b9e
2025-07-01 19:58:44,849 INFO  - Fetched company for recruiterId=52f3dcc7-e7bb-4419-b8a9-9cfb2a6f8b9e
2025-07-01 19:58:44,855 INFO  - Fetched company for recruiterId=52f3dcc7-e7bb-4419-b8a9-9cfb2a6f8b9e
2025-07-01 19:58:56,939 INFO  - Resume uploaded: SeekerId = 637f3638-b296-4f0d-bb3c-5a65a7f8baed, JobPostId = 4e6a8c17-fed2-4c37-a515-a19df84f1eb8
2025-07-01 19:58:56,940 INFO  - Job application created for SeekerId = 637f3638-b296-4f0d-bb3c-5a65a7f8baed, JobPostId = 4e6a8c17-fed2-4c37-a515-a19df84f1eb8
2025-07-01 20:02:30,378 INFO  - Updated seeker details for muthu@gmail.com (ID: 637f3638-b296-4f0d-bb3c-5a65a7f8baed)
2025-07-01 20:02:32,614 INFO  - Fetched company for recruiterId=52f3dcc7-e7bb-4419-b8a9-9cfb2a6f8b9e
2025-07-01 20:02:32,616 INFO  - Fetched company for recruiterId=3dc93452-07a2-4843-a650-c7faed6fc07c
2025-07-01 20:02:32,622 INFO  - Fetched company for recruiterId=52f3dcc7-e7bb-4419-b8a9-9cfb2a6f8b9e
2025-07-01 20:02:32,628 INFO  - Fetched company for recruiterId=52f3dcc7-e7bb-4419-b8a9-9cfb2a6f8b9e
2025-07-01 20:02:32,634 INFO  - Fetched company for recruiterId=52f3dcc7-e7bb-4419-b8a9-9cfb2a6f8b9e
2025-07-01 20:02:32,640 INFO  - Fetched company for recruiterId=52f3dcc7-e7bb-4419-b8a9-9cfb2a6f8b9e
2025-07-01 20:02:32,646 INFO  - Fetched company for recruiterId=52f3dcc7-e7bb-4419-b8a9-9cfb2a6f8b9e
2025-07-01 20:02:32,662 INFO  - Fetched company for recruiterId=52f3dcc7-e7bb-4419-b8a9-9cfb2a6f8b9e
2025-07-01 20:02:32,671 INFO  - Fetched company for recruiterId=52f3dcc7-e7bb-4419-b8a9-9cfb2a6f8b9e
2025-07-01 20:02:32,679 INFO  - Fetched company for recruiterId=52f3dcc7-e7bb-4419-b8a9-9cfb2a6f8b9e
2025-07-01 20:02:52,431 INFO  - Fetched all company names.
2025-07-01 20:02:52,449 INFO  - Fetched company for recruiterId=52f3dcc7-e7bb-4419-b8a9-9cfb2a6f8b9e
2025-07-01 20:02:52,449 INFO  - Fetched company for recruiterId=3dc93452-07a2-4843-a650-c7faed6fc07c
2025-07-01 20:02:52,457 INFO  - Fetched company for recruiterId=3dc93452-07a2-4843-a650-c7faed6fc07c
2025-07-01 20:02:52,458 INFO  - Fetched company for recruiterId=52f3dcc7-e7bb-4419-b8a9-9cfb2a6f8b9e
2025-07-01 20:02:52,475 INFO  - Fetched company for recruiterId=52f3dcc7-e7bb-4419-b8a9-9cfb2a6f8b9e
2025-07-01 20:02:52,488 INFO  - Fetched company for recruiterId=52f3dcc7-e7bb-4419-b8a9-9cfb2a6f8b9e
2025-07-01 20:02:52,497 INFO  - Fetched company for recruiterId=52f3dcc7-e7bb-4419-b8a9-9cfb2a6f8b9e
2025-07-01 20:02:52,508 INFO  - Fetched company for recruiterId=52f3dcc7-e7bb-4419-b8a9-9cfb2a6f8b9e
2025-07-01 20:02:52,521 INFO  - Fetched company for recruiterId=52f3dcc7-e7bb-4419-b8a9-9cfb2a6f8b9e
2025-07-01 20:02:52,532 INFO  - Fetched company for recruiterId=52f3dcc7-e7bb-4419-b8a9-9cfb2a6f8b9e
2025-07-01 20:02:54,200 INFO  - Fetched company for recruiterId=3dc93452-07a2-4843-a650-c7faed6fc07c
2025-07-01 20:02:54,200 INFO  - Fetched company for recruiterId=52f3dcc7-e7bb-4419-b8a9-9cfb2a6f8b9e
2025-07-01 20:02:54,207 INFO  - Fetched company for recruiterId=52f3dcc7-e7bb-4419-b8a9-9cfb2a6f8b9e
2025-07-01 20:02:54,214 INFO  - Fetched company for recruiterId=52f3dcc7-e7bb-4419-b8a9-9cfb2a6f8b9e
2025-07-01 20:02:54,220 INFO  - Fetched company for recruiterId=52f3dcc7-e7bb-4419-b8a9-9cfb2a6f8b9e
2025-07-01 20:02:54,227 INFO  - Fetched company for recruiterId=52f3dcc7-e7bb-4419-b8a9-9cfb2a6f8b9e
2025-07-01 20:02:54,233 INFO  - Fetched company for recruiterId=52f3dcc7-e7bb-4419-b8a9-9cfb2a6f8b9e
2025-07-01 20:02:54,241 INFO  - Fetched company for recruiterId=52f3dcc7-e7bb-4419-b8a9-9cfb2a6f8b9e
2025-07-01 20:02:54,248 INFO  - Fetched company for recruiterId=52f3dcc7-e7bb-4419-b8a9-9cfb2a6f8b9e
2025-07-01 20:02:54,256 INFO  - Fetched company for recruiterId=52f3dcc7-e7bb-4419-b8a9-9cfb2a6f8b9e
2025-07-01 20:03:36,603 INFO  - Fetched all company names.
2025-07-01 20:03:36,625 INFO  - Fetched company for recruiterId=52f3dcc7-e7bb-4419-b8a9-9cfb2a6f8b9e
2025-07-01 20:03:36,626 INFO  - Fetched company for recruiterId=3dc93452-07a2-4843-a650-c7faed6fc07c
2025-07-01 20:03:36,634 INFO  - Fetched company for recruiterId=3dc93452-07a2-4843-a650-c7faed6fc07c
2025-07-01 20:03:36,634 INFO  - Fetched company for recruiterId=52f3dcc7-e7bb-4419-b8a9-9cfb2a6f8b9e
2025-07-01 20:03:36,641 INFO  - Fetched company for recruiterId=52f3dcc7-e7bb-4419-b8a9-9cfb2a6f8b9e
2025-07-01 20:03:36,649 INFO  - Fetched company for recruiterId=52f3dcc7-e7bb-4419-b8a9-9cfb2a6f8b9e
2025-07-01 20:03:36,654 INFO  - Fetched company for recruiterId=52f3dcc7-e7bb-4419-b8a9-9cfb2a6f8b9e
2025-07-01 20:03:36,661 INFO  - Fetched company for recruiterId=52f3dcc7-e7bb-4419-b8a9-9cfb2a6f8b9e
2025-07-01 20:03:36,674 INFO  - Fetched company for recruiterId=52f3dcc7-e7bb-4419-b8a9-9cfb2a6f8b9e
2025-07-01 20:03:36,686 INFO  - Fetched company for recruiterId=52f3dcc7-e7bb-4419-b8a9-9cfb2a6f8b9e
2025-07-01 20:07:19,116 INFO  - Fetched all company names.
2025-07-01 20:07:19,147 INFO  - Fetched company for recruiterId=3dc93452-07a2-4843-a650-c7faed6fc07c
2025-07-01 20:07:19,154 INFO  - Fetched company for recruiterId=52f3dcc7-e7bb-4419-b8a9-9cfb2a6f8b9e
2025-07-01 20:07:19,158 INFO  - Fetched company for recruiterId=3dc93452-07a2-4843-a650-c7faed6fc07c
2025-07-01 20:07:19,163 INFO  - Fetched company for recruiterId=52f3dcc7-e7bb-4419-b8a9-9cfb2a6f8b9e
2025-07-01 20:07:19,172 INFO  - Fetched company for recruiterId=52f3dcc7-e7bb-4419-b8a9-9cfb2a6f8b9e
2025-07-01 20:07:19,186 INFO  - Fetched company for recruiterId=52f3dcc7-e7bb-4419-b8a9-9cfb2a6f8b9e
2025-07-01 20:07:19,197 INFO  - Fetched company for recruiterId=52f3dcc7-e7bb-4419-b8a9-9cfb2a6f8b9e
2025-07-01 20:07:19,207 INFO  - Fetched company for recruiterId=52f3dcc7-e7bb-4419-b8a9-9cfb2a6f8b9e
2025-07-01 20:07:19,218 INFO  - Fetched company for recruiterId=52f3dcc7-e7bb-4419-b8a9-9cfb2a6f8b9e
2025-07-01 20:07:19,224 INFO  - Fetched company for recruiterId=52f3dcc7-e7bb-4419-b8a9-9cfb2a6f8b9e
2025-07-01 20:08:35,341 INFO  - Fetched all company names.
2025-07-01 20:08:35,417 INFO  - Fetched company for recruiterId=52f3dcc7-e7bb-4419-b8a9-9cfb2a6f8b9e
2025-07-01 20:08:35,417 INFO  - Fetched company for recruiterId=3dc93452-07a2-4843-a650-c7faed6fc07c
2025-07-01 20:08:35,427 INFO  - Fetched company for recruiterId=3dc93452-07a2-4843-a650-c7faed6fc07c
2025-07-01 20:08:35,430 INFO  - Fetched company for recruiterId=52f3dcc7-e7bb-4419-b8a9-9cfb2a6f8b9e
2025-07-01 20:08:35,439 INFO  - Fetched company for recruiterId=52f3dcc7-e7bb-4419-b8a9-9cfb2a6f8b9e
2025-07-01 20:08:35,450 INFO  - Fetched company for recruiterId=52f3dcc7-e7bb-4419-b8a9-9cfb2a6f8b9e
2025-07-01 20:08:35,459 INFO  - Fetched company for recruiterId=52f3dcc7-e7bb-4419-b8a9-9cfb2a6f8b9e
2025-07-01 20:08:35,467 INFO  - Fetched company for recruiterId=52f3dcc7-e7bb-4419-b8a9-9cfb2a6f8b9e
2025-07-01 20:08:35,479 INFO  - Fetched company for recruiterId=52f3dcc7-e7bb-4419-b8a9-9cfb2a6f8b9e
2025-07-01 20:08:35,488 INFO  - Fetched company for recruiterId=52f3dcc7-e7bb-4419-b8a9-9cfb2a6f8b9e
2025-07-01 20:08:43,259 INFO  - Fetched all company names.
2025-07-01 20:08:45,872 INFO  - Fetched all company names.
2025-07-01 20:09:02,232 INFO  - Fetched company for recruiterId=52f3dcc7-e7bb-4419-b8a9-9cfb2a6f8b9e
2025-07-01 20:09:02,232 INFO  - Fetched company for recruiterId=3dc93452-07a2-4843-a650-c7faed6fc07c
2025-07-01 20:09:02,242 INFO  - Fetched company for recruiterId=52f3dcc7-e7bb-4419-b8a9-9cfb2a6f8b9e
2025-07-01 20:09:02,252 INFO  - Fetched company for recruiterId=52f3dcc7-e7bb-4419-b8a9-9cfb2a6f8b9e
2025-07-01 20:09:02,259 INFO  - Fetched company for recruiterId=52f3dcc7-e7bb-4419-b8a9-9cfb2a6f8b9e
2025-07-01 20:09:02,862 INFO  - Fetched company for recruiterId=52f3dcc7-e7bb-4419-b8a9-9cfb2a6f8b9e
2025-07-01 20:09:02,862 INFO  - Fetched company for recruiterId=3dc93452-07a2-4843-a650-c7faed6fc07c
2025-07-01 20:09:02,871 INFO  - Fetched company for recruiterId=52f3dcc7-e7bb-4419-b8a9-9cfb2a6f8b9e
2025-07-01 20:09:02,877 INFO  - Fetched company for recruiterId=52f3dcc7-e7bb-4419-b8a9-9cfb2a6f8b9e
2025-07-01 20:09:02,884 INFO  - Fetched company for recruiterId=52f3dcc7-e7bb-4419-b8a9-9cfb2a6f8b9e
2025-07-01 20:09:02,893 INFO  - Fetched company for recruiterId=52f3dcc7-e7bb-4419-b8a9-9cfb2a6f8b9e
2025-07-01 20:09:02,905 INFO  - Fetched company for recruiterId=52f3dcc7-e7bb-4419-b8a9-9cfb2a6f8b9e
2025-07-01 20:09:02,916 INFO  - Fetched company for recruiterId=52f3dcc7-e7bb-4419-b8a9-9cfb2a6f8b9e
2025-07-01 20:09:02,927 INFO  - Fetched company for recruiterId=52f3dcc7-e7bb-4419-b8a9-9cfb2a6f8b9e
2025-07-01 20:09:02,937 INFO  - Fetched company for recruiterId=52f3dcc7-e7bb-4419-b8a9-9cfb2a6f8b9e
2025-07-01 20:09:04,006 INFO  - Fetched company for recruiterId=3dc93452-07a2-4843-a650-c7faed6fc07c
2025-07-01 20:09:04,006 INFO  - Fetched company for recruiterId=52f3dcc7-e7bb-4419-b8a9-9cfb2a6f8b9e
2025-07-01 20:09:04,015 INFO  - Fetched company for recruiterId=52f3dcc7-e7bb-4419-b8a9-9cfb2a6f8b9e
2025-07-01 20:09:04,025 INFO  - Fetched company for recruiterId=52f3dcc7-e7bb-4419-b8a9-9cfb2a6f8b9e
2025-07-01 20:09:04,032 INFO  - Fetched company for recruiterId=52f3dcc7-e7bb-4419-b8a9-9cfb2a6f8b9e
2025-07-01 20:15:57,979 INFO  - Fetched all company names.
2025-07-01 20:15:58,119 INFO  - Fetched company for recruiterId=3dc93452-07a2-4843-a650-c7faed6fc07c
2025-07-01 20:15:58,123 INFO  - Fetched company for recruiterId=52f3dcc7-e7bb-4419-b8a9-9cfb2a6f8b9e
2025-07-01 20:15:58,127 INFO  - Fetched company for recruiterId=3dc93452-07a2-4843-a650-c7faed6fc07c
2025-07-01 20:15:58,131 INFO  - Fetched company for recruiterId=52f3dcc7-e7bb-4419-b8a9-9cfb2a6f8b9e
2025-07-01 20:15:58,151 INFO  - Fetched company for recruiterId=52f3dcc7-e7bb-4419-b8a9-9cfb2a6f8b9e
2025-07-01 20:15:58,164 INFO  - Fetched company for recruiterId=52f3dcc7-e7bb-4419-b8a9-9cfb2a6f8b9e
2025-07-01 20:15:58,180 INFO  - Fetched company for recruiterId=52f3dcc7-e7bb-4419-b8a9-9cfb2a6f8b9e
2025-07-01 20:15:58,190 INFO  - Fetched company for recruiterId=52f3dcc7-e7bb-4419-b8a9-9cfb2a6f8b9e
2025-07-01 20:15:58,204 INFO  - Fetched company for recruiterId=52f3dcc7-e7bb-4419-b8a9-9cfb2a6f8b9e
2025-07-01 20:15:58,210 INFO  - Fetched company for recruiterId=52f3dcc7-e7bb-4419-b8a9-9cfb2a6f8b9e
2025-07-01 20:15:58,305 INFO  - Fetched company for recruiterId=3dc93452-07a2-4843-a650-c7faed6fc07c
2025-07-01 20:15:58,319 INFO  - Fetched company for recruiterId=52f3dcc7-e7bb-4419-b8a9-9cfb2a6f8b9e
2025-07-01 20:15:58,331 INFO  - Fetched company for recruiterId=52f3dcc7-e7bb-4419-b8a9-9cfb2a6f8b9e
2025-07-01 20:15:58,354 INFO  - Fetched company for recruiterId=52f3dcc7-e7bb-4419-b8a9-9cfb2a6f8b9e
2025-07-01 20:15:58,367 INFO  - Fetched company for recruiterId=52f3dcc7-e7bb-4419-b8a9-9cfb2a6f8b9e
2025-07-01 20:16:50,376 INFO  - Fetched all company names.
2025-07-01 20:16:50,459 INFO  - Fetched company for recruiterId=52f3dcc7-e7bb-4419-b8a9-9cfb2a6f8b9e
2025-07-01 20:16:50,459 INFO  - Fetched company for recruiterId=3dc93452-07a2-4843-a650-c7faed6fc07c
2025-07-01 20:16:50,473 INFO  - Fetched company for recruiterId=52f3dcc7-e7bb-4419-b8a9-9cfb2a6f8b9e
2025-07-01 20:16:50,484 INFO  - Fetched company for recruiterId=52f3dcc7-e7bb-4419-b8a9-9cfb2a6f8b9e
2025-07-01 20:16:50,498 INFO  - Fetched company for recruiterId=3dc93452-07a2-4843-a650-c7faed6fc07c
2025-07-01 20:16:50,500 INFO  - Fetched company for recruiterId=52f3dcc7-e7bb-4419-b8a9-9cfb2a6f8b9e
2025-07-01 20:16:50,516 INFO  - Fetched company for recruiterId=3dc93452-07a2-4843-a650-c7faed6fc07c
2025-07-01 20:16:50,517 INFO  - Fetched company for recruiterId=52f3dcc7-e7bb-4419-b8a9-9cfb2a6f8b9e
2025-07-01 20:16:50,536 INFO  - Fetched company for recruiterId=52f3dcc7-e7bb-4419-b8a9-9cfb2a6f8b9e
2025-07-01 20:16:50,551 INFO  - Fetched company for recruiterId=52f3dcc7-e7bb-4419-b8a9-9cfb2a6f8b9e
2025-07-01 20:16:50,562 INFO  - Fetched company for recruiterId=52f3dcc7-e7bb-4419-b8a9-9cfb2a6f8b9e
2025-07-01 20:16:50,574 INFO  - Fetched company for recruiterId=52f3dcc7-e7bb-4419-b8a9-9cfb2a6f8b9e
2025-07-01 20:16:50,589 INFO  - Fetched company for recruiterId=52f3dcc7-e7bb-4419-b8a9-9cfb2a6f8b9e
2025-07-01 20:16:50,604 INFO  - Fetched company for recruiterId=52f3dcc7-e7bb-4419-b8a9-9cfb2a6f8b9e
2025-07-01 20:16:50,618 INFO  - Fetched company for recruiterId=52f3dcc7-e7bb-4419-b8a9-9cfb2a6f8b9e
2025-07-01 20:18:49,281 INFO  - Fetched company for recruiterId=3dc93452-07a2-4843-a650-c7faed6fc07c
2025-07-01 20:18:49,282 INFO  - Fetched company for recruiterId=52f3dcc7-e7bb-4419-b8a9-9cfb2a6f8b9e
2025-07-01 20:18:49,290 INFO  - Fetched company for recruiterId=52f3dcc7-e7bb-4419-b8a9-9cfb2a6f8b9e
2025-07-01 20:18:49,297 INFO  - Fetched company for recruiterId=52f3dcc7-e7bb-4419-b8a9-9cfb2a6f8b9e
2025-07-01 20:18:49,303 INFO  - Fetched company for recruiterId=52f3dcc7-e7bb-4419-b8a9-9cfb2a6f8b9e
2025-07-01 20:18:49,309 INFO  - Fetched company for recruiterId=52f3dcc7-e7bb-4419-b8a9-9cfb2a6f8b9e
2025-07-01 20:18:49,316 INFO  - Fetched company for recruiterId=52f3dcc7-e7bb-4419-b8a9-9cfb2a6f8b9e
2025-07-01 20:18:49,323 INFO  - Fetched company for recruiterId=52f3dcc7-e7bb-4419-b8a9-9cfb2a6f8b9e
2025-07-01 20:18:49,330 INFO  - Fetched company for recruiterId=52f3dcc7-e7bb-4419-b8a9-9cfb2a6f8b9e
2025-07-01 20:18:49,340 INFO  - Fetched company for recruiterId=52f3dcc7-e7bb-4419-b8a9-9cfb2a6f8b9e
2025-07-01 20:18:49,883 INFO  - Fetched all company names.
2025-07-01 20:18:49,902 INFO  - Fetched company for recruiterId=3dc93452-07a2-4843-a650-c7faed6fc07c
2025-07-01 20:18:49,904 INFO  - Fetched company for recruiterId=52f3dcc7-e7bb-4419-b8a9-9cfb2a6f8b9e
2025-07-01 20:18:49,910 INFO  - Fetched company for recruiterId=3dc93452-07a2-4843-a650-c7faed6fc07c
2025-07-01 20:18:49,912 INFO  - Fetched company for recruiterId=52f3dcc7-e7bb-4419-b8a9-9cfb2a6f8b9e
2025-07-01 20:18:49,920 INFO  - Fetched company for recruiterId=52f3dcc7-e7bb-4419-b8a9-9cfb2a6f8b9e
2025-07-01 20:18:49,928 INFO  - Fetched company for recruiterId=52f3dcc7-e7bb-4419-b8a9-9cfb2a6f8b9e
2025-07-01 20:18:49,935 INFO  - Fetched company for recruiterId=52f3dcc7-e7bb-4419-b8a9-9cfb2a6f8b9e
2025-07-01 20:18:49,944 INFO  - Fetched company for recruiterId=52f3dcc7-e7bb-4419-b8a9-9cfb2a6f8b9e
2025-07-01 20:18:49,950 INFO  - Fetched company for recruiterId=52f3dcc7-e7bb-4419-b8a9-9cfb2a6f8b9e
2025-07-01 20:18:49,959 INFO  - Fetched company for recruiterId=52f3dcc7-e7bb-4419-b8a9-9cfb2a6f8b9e
2025-07-01 20:19:16,926 INFO  - Fetched all company names.
2025-07-01 20:19:16,943 INFO  - Fetched company for recruiterId=3dc93452-07a2-4843-a650-c7faed6fc07c
2025-07-01 20:19:16,945 INFO  - Fetched company for recruiterId=52f3dcc7-e7bb-4419-b8a9-9cfb2a6f8b9e
2025-07-01 20:19:16,950 INFO  - Fetched company for recruiterId=3dc93452-07a2-4843-a650-c7faed6fc07c
2025-07-01 20:19:16,952 INFO  - Fetched company for recruiterId=52f3dcc7-e7bb-4419-b8a9-9cfb2a6f8b9e
2025-07-01 20:19:16,961 INFO  - Fetched company for recruiterId=52f3dcc7-e7bb-4419-b8a9-9cfb2a6f8b9e
2025-07-01 20:19:16,968 INFO  - Fetched company for recruiterId=52f3dcc7-e7bb-4419-b8a9-9cfb2a6f8b9e
2025-07-01 20:19:16,976 INFO  - Fetched company for recruiterId=52f3dcc7-e7bb-4419-b8a9-9cfb2a6f8b9e
2025-07-01 20:19:16,983 INFO  - Fetched company for recruiterId=52f3dcc7-e7bb-4419-b8a9-9cfb2a6f8b9e
2025-07-01 20:19:16,992 INFO  - Fetched company for recruiterId=52f3dcc7-e7bb-4419-b8a9-9cfb2a6f8b9e
2025-07-01 20:19:17,001 INFO  - Fetched company for recruiterId=52f3dcc7-e7bb-4419-b8a9-9cfb2a6f8b9e
2025-07-01 20:19:32,381 INFO  - Fetched all company names.
2025-07-01 20:19:32,401 INFO  - Fetched company for recruiterId=3dc93452-07a2-4843-a650-c7faed6fc07c
2025-07-01 20:19:32,404 INFO  - Fetched company for recruiterId=52f3dcc7-e7bb-4419-b8a9-9cfb2a6f8b9e
2025-07-01 20:19:32,411 INFO  - Fetched company for recruiterId=3dc93452-07a2-4843-a650-c7faed6fc07c
2025-07-01 20:19:32,412 INFO  - Fetched company for recruiterId=52f3dcc7-e7bb-4419-b8a9-9cfb2a6f8b9e
2025-07-01 20:19:32,419 INFO  - Fetched company for recruiterId=52f3dcc7-e7bb-4419-b8a9-9cfb2a6f8b9e
2025-07-01 20:19:32,428 INFO  - Fetched company for recruiterId=52f3dcc7-e7bb-4419-b8a9-9cfb2a6f8b9e
2025-07-01 20:19:32,434 INFO  - Fetched company for recruiterId=52f3dcc7-e7bb-4419-b8a9-9cfb2a6f8b9e
2025-07-01 20:19:32,458 INFO  - Fetched company for recruiterId=52f3dcc7-e7bb-4419-b8a9-9cfb2a6f8b9e
2025-07-01 20:19:32,477 INFO  - Fetched company for recruiterId=52f3dcc7-e7bb-4419-b8a9-9cfb2a6f8b9e
2025-07-01 20:19:32,491 INFO  - Fetched company for recruiterId=52f3dcc7-e7bb-4419-b8a9-9cfb2a6f8b9e
2025-07-01 20:19:36,981 INFO  - Fetched all company names.
2025-07-01 20:19:37,015 INFO  - Fetched company for recruiterId=3dc93452-07a2-4843-a650-c7faed6fc07c
2025-07-01 20:19:37,015 INFO  - Fetched company for recruiterId=52f3dcc7-e7bb-4419-b8a9-9cfb2a6f8b9e
2025-07-01 20:19:37,024 INFO  - Fetched company for recruiterId=52f3dcc7-e7bb-4419-b8a9-9cfb2a6f8b9e
2025-07-01 20:19:37,024 INFO  - Fetched company for recruiterId=3dc93452-07a2-4843-a650-c7faed6fc07c
2025-07-01 20:19:37,031 INFO  - Fetched company for recruiterId=52f3dcc7-e7bb-4419-b8a9-9cfb2a6f8b9e
2025-07-01 20:19:37,039 INFO  - Fetched company for recruiterId=52f3dcc7-e7bb-4419-b8a9-9cfb2a6f8b9e
2025-07-01 20:19:37,049 INFO  - Fetched company for recruiterId=52f3dcc7-e7bb-4419-b8a9-9cfb2a6f8b9e
2025-07-01 20:19:37,056 INFO  - Fetched company for recruiterId=52f3dcc7-e7bb-4419-b8a9-9cfb2a6f8b9e
2025-07-01 20:19:37,065 INFO  - Fetched company for recruiterId=52f3dcc7-e7bb-4419-b8a9-9cfb2a6f8b9e
2025-07-01 20:19:37,073 INFO  - Fetched company for recruiterId=52f3dcc7-e7bb-4419-b8a9-9cfb2a6f8b9e
2025-07-01 20:19:38,682 INFO  - Fetched all company names.
2025-07-01 20:19:38,703 INFO  - Fetched company for recruiterId=52f3dcc7-e7bb-4419-b8a9-9cfb2a6f8b9e
2025-07-01 20:19:38,703 INFO  - Fetched company for recruiterId=3dc93452-07a2-4843-a650-c7faed6fc07c
2025-07-01 20:19:38,710 INFO  - Fetched company for recruiterId=52f3dcc7-e7bb-4419-b8a9-9cfb2a6f8b9e
2025-07-01 20:19:38,710 INFO  - Fetched company for recruiterId=3dc93452-07a2-4843-a650-c7faed6fc07c
2025-07-01 20:19:38,717 INFO  - Fetched company for recruiterId=52f3dcc7-e7bb-4419-b8a9-9cfb2a6f8b9e
2025-07-01 20:19:38,725 INFO  - Fetched company for recruiterId=52f3dcc7-e7bb-4419-b8a9-9cfb2a6f8b9e
2025-07-01 20:19:38,733 INFO  - Fetched company for recruiterId=52f3dcc7-e7bb-4419-b8a9-9cfb2a6f8b9e
2025-07-01 20:19:38,742 INFO  - Fetched company for recruiterId=52f3dcc7-e7bb-4419-b8a9-9cfb2a6f8b9e
2025-07-01 20:19:38,752 INFO  - Fetched company for recruiterId=52f3dcc7-e7bb-4419-b8a9-9cfb2a6f8b9e
2025-07-01 20:19:38,764 INFO  - Fetched company for recruiterId=52f3dcc7-e7bb-4419-b8a9-9cfb2a6f8b9e
2025-07-01 20:19:40,204 INFO  - Fetched all company names.
2025-07-01 20:19:40,224 INFO  - Fetched company for recruiterId=3dc93452-07a2-4843-a650-c7faed6fc07c
2025-07-01 20:19:40,227 INFO  - Fetched company for recruiterId=52f3dcc7-e7bb-4419-b8a9-9cfb2a6f8b9e
2025-07-01 20:19:40,232 INFO  - Fetched company for recruiterId=3dc93452-07a2-4843-a650-c7faed6fc07c
2025-07-01 20:19:40,232 INFO  - Fetched company for recruiterId=52f3dcc7-e7bb-4419-b8a9-9cfb2a6f8b9e
2025-07-01 20:19:40,239 INFO  - Fetched company for recruiterId=52f3dcc7-e7bb-4419-b8a9-9cfb2a6f8b9e
2025-07-01 20:19:40,247 INFO  - Fetched company for recruiterId=52f3dcc7-e7bb-4419-b8a9-9cfb2a6f8b9e
2025-07-01 20:19:40,256 INFO  - Fetched company for recruiterId=52f3dcc7-e7bb-4419-b8a9-9cfb2a6f8b9e
2025-07-01 20:19:40,266 INFO  - Fetched company for recruiterId=52f3dcc7-e7bb-4419-b8a9-9cfb2a6f8b9e
2025-07-01 20:19:40,283 INFO  - Fetched company for recruiterId=52f3dcc7-e7bb-4419-b8a9-9cfb2a6f8b9e
2025-07-01 20:19:40,296 INFO  - Fetched company for recruiterId=52f3dcc7-e7bb-4419-b8a9-9cfb2a6f8b9e
2025-07-01 20:19:43,098 INFO  - Fetched all company names.
2025-07-01 20:19:43,115 INFO  - Fetched company for recruiterId=52f3dcc7-e7bb-4419-b8a9-9cfb2a6f8b9e
2025-07-01 20:19:43,116 INFO  - Fetched company for recruiterId=3dc93452-07a2-4843-a650-c7faed6fc07c
2025-07-01 20:19:43,122 INFO  - Fetched company for recruiterId=3dc93452-07a2-4843-a650-c7faed6fc07c
2025-07-01 20:19:43,122 INFO  - Fetched company for recruiterId=52f3dcc7-e7bb-4419-b8a9-9cfb2a6f8b9e
2025-07-01 20:19:43,130 INFO  - Fetched company for recruiterId=52f3dcc7-e7bb-4419-b8a9-9cfb2a6f8b9e
2025-07-01 20:19:43,137 INFO  - Fetched company for recruiterId=52f3dcc7-e7bb-4419-b8a9-9cfb2a6f8b9e
2025-07-01 20:19:43,147 INFO  - Fetched company for recruiterId=52f3dcc7-e7bb-4419-b8a9-9cfb2a6f8b9e
2025-07-01 20:19:43,157 INFO  - Fetched company for recruiterId=52f3dcc7-e7bb-4419-b8a9-9cfb2a6f8b9e
2025-07-01 20:19:43,167 INFO  - Fetched company for recruiterId=52f3dcc7-e7bb-4419-b8a9-9cfb2a6f8b9e
2025-07-01 20:19:43,179 INFO  - Fetched company for recruiterId=52f3dcc7-e7bb-4419-b8a9-9cfb2a6f8b9e
2025-07-01 20:20:00,923 INFO  - Fetched company for recruiterId=52f3dcc7-e7bb-4419-b8a9-9cfb2a6f8b9e
2025-07-01 20:20:00,923 INFO  - Fetched company for recruiterId=3dc93452-07a2-4843-a650-c7faed6fc07c
2025-07-01 20:20:00,931 INFO  - Fetched company for recruiterId=3dc93452-07a2-4843-a650-c7faed6fc07c
2025-07-01 20:20:00,932 INFO  - Fetched company for recruiterId=52f3dcc7-e7bb-4419-b8a9-9cfb2a6f8b9e
2025-07-01 20:20:00,938 INFO  - Fetched company for recruiterId=52f3dcc7-e7bb-4419-b8a9-9cfb2a6f8b9e
2025-07-01 20:20:00,944 INFO  - Fetched company for recruiterId=52f3dcc7-e7bb-4419-b8a9-9cfb2a6f8b9e
2025-07-01 20:20:00,950 INFO  - Fetched company for recruiterId=52f3dcc7-e7bb-4419-b8a9-9cfb2a6f8b9e
2025-07-01 20:20:00,957 INFO  - Fetched company for recruiterId=52f3dcc7-e7bb-4419-b8a9-9cfb2a6f8b9e
2025-07-01 20:20:00,963 INFO  - Fetched company for recruiterId=52f3dcc7-e7bb-4419-b8a9-9cfb2a6f8b9e
2025-07-01 20:20:00,970 INFO  - Fetched company for recruiterId=52f3dcc7-e7bb-4419-b8a9-9cfb2a6f8b9e
2025-07-01 20:20:04,834 INFO  - Fetched company for recruiterId=3dc93452-07a2-4843-a650-c7faed6fc07c
2025-07-01 20:20:04,834 INFO  - Fetched company for recruiterId=52f3dcc7-e7bb-4419-b8a9-9cfb2a6f8b9e
2025-07-01 20:20:04,842 INFO  - Fetched company for recruiterId=3dc93452-07a2-4843-a650-c7faed6fc07c
2025-07-01 20:20:04,843 INFO  - Fetched company for recruiterId=52f3dcc7-e7bb-4419-b8a9-9cfb2a6f8b9e
2025-07-01 20:20:04,860 INFO  - Fetched company for recruiterId=52f3dcc7-e7bb-4419-b8a9-9cfb2a6f8b9e
2025-07-01 20:20:04,871 INFO  - Fetched company for recruiterId=52f3dcc7-e7bb-4419-b8a9-9cfb2a6f8b9e
2025-07-01 20:20:04,878 INFO  - Fetched company for recruiterId=52f3dcc7-e7bb-4419-b8a9-9cfb2a6f8b9e
2025-07-01 20:20:04,884 INFO  - Fetched company for recruiterId=52f3dcc7-e7bb-4419-b8a9-9cfb2a6f8b9e
2025-07-01 20:20:04,893 INFO  - Fetched company for recruiterId=52f3dcc7-e7bb-4419-b8a9-9cfb2a6f8b9e
2025-07-01 20:20:04,900 INFO  - Fetched company for recruiterId=52f3dcc7-e7bb-4419-b8a9-9cfb2a6f8b9e
2025-07-01 20:20:04,908 INFO  - Fetched company for recruiterId=52f3dcc7-e7bb-4419-b8a9-9cfb2a6f8b9e
2025-07-01 20:20:04,914 INFO  - Fetched company for recruiterId=52f3dcc7-e7bb-4419-b8a9-9cfb2a6f8b9e
2025-07-01 20:20:04,921 INFO  - Fetched company for recruiterId=52f3dcc7-e7bb-4419-b8a9-9cfb2a6f8b9e
2025-07-01 20:20:04,928 INFO  - Fetched company for recruiterId=52f3dcc7-e7bb-4419-b8a9-9cfb2a6f8b9e
2025-07-01 20:20:04,935 INFO  - Fetched company for recruiterId=52f3dcc7-e7bb-4419-b8a9-9cfb2a6f8b9e
2025-07-01 20:20:04,943 INFO  - Fetched company for recruiterId=52f3dcc7-e7bb-4419-b8a9-9cfb2a6f8b9e
2025-07-01 20:20:04,950 INFO  - Fetched company for recruiterId=52f3dcc7-e7bb-4419-b8a9-9cfb2a6f8b9e
2025-07-01 20:20:04,957 INFO  - Fetched company for recruiterId=52f3dcc7-e7bb-4419-b8a9-9cfb2a6f8b9e
2025-07-01 20:20:26,085 INFO  - Fetched company for recruiterId=3dc93452-07a2-4843-a650-c7faed6fc07c
2025-07-01 20:20:26,085 INFO  - Fetched company for recruiterId=52f3dcc7-e7bb-4419-b8a9-9cfb2a6f8b9e
2025-07-01 20:20:26,092 INFO  - Fetched company for recruiterId=52f3dcc7-e7bb-4419-b8a9-9cfb2a6f8b9e
2025-07-01 20:20:26,093 INFO  - Fetched company for recruiterId=3dc93452-07a2-4843-a650-c7faed6fc07c
2025-07-01 20:20:26,099 INFO  - Fetched company for recruiterId=52f3dcc7-e7bb-4419-b8a9-9cfb2a6f8b9e
2025-07-01 20:20:26,106 INFO  - Fetched company for recruiterId=52f3dcc7-e7bb-4419-b8a9-9cfb2a6f8b9e
2025-07-01 20:20:26,112 INFO  - Fetched company for recruiterId=52f3dcc7-e7bb-4419-b8a9-9cfb2a6f8b9e
2025-07-01 20:20:26,118 INFO  - Fetched company for recruiterId=52f3dcc7-e7bb-4419-b8a9-9cfb2a6f8b9e
2025-07-01 20:20:26,125 INFO  - Fetched company for recruiterId=52f3dcc7-e7bb-4419-b8a9-9cfb2a6f8b9e
2025-07-01 20:20:26,131 INFO  - Fetched company for recruiterId=52f3dcc7-e7bb-4419-b8a9-9cfb2a6f8b9e
2025-07-01 20:20:31,879 INFO  - Fetched company for recruiterId=52f3dcc7-e7bb-4419-b8a9-9cfb2a6f8b9e
2025-07-01 20:20:31,879 INFO  - Fetched company for recruiterId=3dc93452-07a2-4843-a650-c7faed6fc07c
2025-07-01 20:20:31,885 INFO  - Fetched company for recruiterId=3dc93452-07a2-4843-a650-c7faed6fc07c
2025-07-01 20:20:31,885 INFO  - Fetched company for recruiterId=52f3dcc7-e7bb-4419-b8a9-9cfb2a6f8b9e
2025-07-01 20:20:31,894 INFO  - Fetched company for recruiterId=52f3dcc7-e7bb-4419-b8a9-9cfb2a6f8b9e
2025-07-01 20:20:31,900 INFO  - Fetched company for recruiterId=52f3dcc7-e7bb-4419-b8a9-9cfb2a6f8b9e
2025-07-01 20:20:31,907 INFO  - Fetched company for recruiterId=52f3dcc7-e7bb-4419-b8a9-9cfb2a6f8b9e
2025-07-01 20:20:31,913 INFO  - Fetched company for recruiterId=52f3dcc7-e7bb-4419-b8a9-9cfb2a6f8b9e
2025-07-01 20:20:31,919 INFO  - Fetched company for recruiterId=52f3dcc7-e7bb-4419-b8a9-9cfb2a6f8b9e
2025-07-01 20:20:31,927 INFO  - Fetched company for recruiterId=52f3dcc7-e7bb-4419-b8a9-9cfb2a6f8b9e
2025-07-01 20:21:09,250 INFO  - Fetched company for recruiterId=3dc93452-07a2-4843-a650-c7faed6fc07c
2025-07-01 20:21:09,258 INFO  - Fetched company for recruiterId=52f3dcc7-e7bb-4419-b8a9-9cfb2a6f8b9e
2025-07-01 20:21:09,264 INFO  - Fetched company for recruiterId=52f3dcc7-e7bb-4419-b8a9-9cfb2a6f8b9e
2025-07-01 20:21:09,270 INFO  - Fetched company for recruiterId=52f3dcc7-e7bb-4419-b8a9-9cfb2a6f8b9e
2025-07-01 20:21:09,276 INFO  - Fetched company for recruiterId=52f3dcc7-e7bb-4419-b8a9-9cfb2a6f8b9e
2025-07-01 20:22:22,378 INFO  - Fetched company for recruiterId=52f3dcc7-e7bb-4419-b8a9-9cfb2a6f8b9e
2025-07-01 20:22:22,379 INFO  - Fetched company for recruiterId=3dc93452-07a2-4843-a650-c7faed6fc07c
2025-07-01 20:22:22,414 INFO  - Fetched company for recruiterId=52f3dcc7-e7bb-4419-b8a9-9cfb2a6f8b9e
2025-07-01 20:22:22,429 INFO  - Fetched company for recruiterId=52f3dcc7-e7bb-4419-b8a9-9cfb2a6f8b9e
2025-07-01 20:22:22,448 INFO  - Fetched company for recruiterId=52f3dcc7-e7bb-4419-b8a9-9cfb2a6f8b9e
2025-07-01 20:22:22,550 INFO  - Fetched all company names.
2025-07-01 20:22:22,624 INFO  - Fetched company for recruiterId=3dc93452-07a2-4843-a650-c7faed6fc07c
2025-07-01 20:22:22,644 INFO  - Fetched company for recruiterId=3dc93452-07a2-4843-a650-c7faed6fc07c
2025-07-01 20:22:22,645 INFO  - Fetched company for recruiterId=52f3dcc7-e7bb-4419-b8a9-9cfb2a6f8b9e
2025-07-01 20:22:22,667 INFO  - Fetched company for recruiterId=52f3dcc7-e7bb-4419-b8a9-9cfb2a6f8b9e
2025-07-01 20:22:22,683 INFO  - Fetched company for recruiterId=52f3dcc7-e7bb-4419-b8a9-9cfb2a6f8b9e
2025-07-01 20:22:22,699 INFO  - Fetched company for recruiterId=52f3dcc7-e7bb-4419-b8a9-9cfb2a6f8b9e
2025-07-01 20:22:22,731 INFO  - Fetched company for recruiterId=52f3dcc7-e7bb-4419-b8a9-9cfb2a6f8b9e
2025-07-01 20:22:22,767 INFO  - Fetched company for recruiterId=52f3dcc7-e7bb-4419-b8a9-9cfb2a6f8b9e
2025-07-01 20:22:22,795 INFO  - Fetched company for recruiterId=52f3dcc7-e7bb-4419-b8a9-9cfb2a6f8b9e
2025-07-01 20:22:22,816 INFO  - Fetched company for recruiterId=52f3dcc7-e7bb-4419-b8a9-9cfb2a6f8b9e
2025-07-01 20:22:58,404 INFO  - Fetched company for recruiterId=3dc93452-07a2-4843-a650-c7faed6fc07c
2025-07-01 20:22:58,413 INFO  - Fetched company for recruiterId=52f3dcc7-e7bb-4419-b8a9-9cfb2a6f8b9e
2025-07-01 20:22:58,428 INFO  - Fetched company for recruiterId=52f3dcc7-e7bb-4419-b8a9-9cfb2a6f8b9e
2025-07-01 20:22:58,444 INFO  - Fetched company for recruiterId=52f3dcc7-e7bb-4419-b8a9-9cfb2a6f8b9e
2025-07-01 20:22:58,456 INFO  - Fetched company for recruiterId=52f3dcc7-e7bb-4419-b8a9-9cfb2a6f8b9e
2025-07-01 20:27:23,195 INFO  - Fetched all company names.
2025-07-01 20:27:23,238 INFO  - Fetched company for recruiterId=3dc93452-07a2-4843-a650-c7faed6fc07c
2025-07-01 20:27:23,245 INFO  - Fetched company for recruiterId=52f3dcc7-e7bb-4419-b8a9-9cfb2a6f8b9e
2025-07-01 20:27:23,247 INFO  - Fetched company for recruiterId=3dc93452-07a2-4843-a650-c7faed6fc07c
2025-07-01 20:27:23,254 INFO  - Fetched company for recruiterId=52f3dcc7-e7bb-4419-b8a9-9cfb2a6f8b9e
2025-07-01 20:27:23,262 INFO  - Fetched company for recruiterId=52f3dcc7-e7bb-4419-b8a9-9cfb2a6f8b9e
2025-07-01 20:27:23,268 INFO  - Fetched company for recruiterId=52f3dcc7-e7bb-4419-b8a9-9cfb2a6f8b9e
2025-07-01 20:27:23,276 INFO  - Fetched company for recruiterId=52f3dcc7-e7bb-4419-b8a9-9cfb2a6f8b9e
2025-07-01 20:27:23,282 INFO  - Fetched company for recruiterId=52f3dcc7-e7bb-4419-b8a9-9cfb2a6f8b9e
2025-07-01 20:27:23,288 INFO  - Fetched company for recruiterId=52f3dcc7-e7bb-4419-b8a9-9cfb2a6f8b9e
2025-07-01 20:27:23,294 INFO  - Fetched company for recruiterId=52f3dcc7-e7bb-4419-b8a9-9cfb2a6f8b9e
2025-07-01 20:27:24,654 INFO  - Fetched company for recruiterId=3dc93452-07a2-4843-a650-c7faed6fc07c
2025-07-01 20:27:24,654 INFO  - Fetched company for recruiterId=52f3dcc7-e7bb-4419-b8a9-9cfb2a6f8b9e
2025-07-01 20:27:24,668 INFO  - Fetched company for recruiterId=52f3dcc7-e7bb-4419-b8a9-9cfb2a6f8b9e
2025-07-01 20:27:24,676 INFO  - Fetched company for recruiterId=52f3dcc7-e7bb-4419-b8a9-9cfb2a6f8b9e
2025-07-01 20:27:24,683 INFO  - Fetched company for recruiterId=52f3dcc7-e7bb-4419-b8a9-9cfb2a6f8b9e
2025-07-01 20:28:28,780 INFO  - Token refreshed for user: muthu@gmail.com
2025-07-01 20:28:28,780 INFO  - Token refreshed for user: muthu@gmail.com
2025-07-01 20:28:28,829 INFO  - Fetched all company names.
2025-07-01 20:28:28,917 INFO  - Fetched company for recruiterId=3dc93452-07a2-4843-a650-c7faed6fc07c
2025-07-01 20:28:28,919 INFO  - Fetched company for recruiterId=52f3dcc7-e7bb-4419-b8a9-9cfb2a6f8b9e
2025-07-01 20:28:28,930 INFO  - Fetched company for recruiterId=52f3dcc7-e7bb-4419-b8a9-9cfb2a6f8b9e
2025-07-01 20:28:28,930 INFO  - Fetched company for recruiterId=3dc93452-07a2-4843-a650-c7faed6fc07c
2025-07-01 20:28:28,943 INFO  - Fetched company for recruiterId=52f3dcc7-e7bb-4419-b8a9-9cfb2a6f8b9e
2025-07-01 20:28:28,944 INFO  - Fetched company for recruiterId=3dc93452-07a2-4843-a650-c7faed6fc07c
2025-07-01 20:28:28,984 INFO  - Fetched company for recruiterId=52f3dcc7-e7bb-4419-b8a9-9cfb2a6f8b9e
2025-07-01 20:28:28,996 INFO  - Fetched company for recruiterId=52f3dcc7-e7bb-4419-b8a9-9cfb2a6f8b9e
2025-07-01 20:28:29,003 INFO  - Fetched company for recruiterId=52f3dcc7-e7bb-4419-b8a9-9cfb2a6f8b9e
2025-07-01 20:28:29,010 INFO  - Fetched company for recruiterId=52f3dcc7-e7bb-4419-b8a9-9cfb2a6f8b9e
2025-07-01 20:28:29,020 INFO  - Fetched company for recruiterId=52f3dcc7-e7bb-4419-b8a9-9cfb2a6f8b9e
2025-07-01 20:28:29,029 INFO  - Fetched company for recruiterId=52f3dcc7-e7bb-4419-b8a9-9cfb2a6f8b9e
2025-07-01 20:28:29,039 INFO  - Fetched company for recruiterId=52f3dcc7-e7bb-4419-b8a9-9cfb2a6f8b9e
2025-07-01 20:28:29,047 INFO  - Fetched company for recruiterId=52f3dcc7-e7bb-4419-b8a9-9cfb2a6f8b9e
2025-07-01 20:28:29,055 INFO  - Fetched company for recruiterId=52f3dcc7-e7bb-4419-b8a9-9cfb2a6f8b9e
2025-07-01 20:28:34,867 INFO  - Fetched company for recruiterId=3dc93452-07a2-4843-a650-c7faed6fc07c
2025-07-01 20:28:34,867 INFO  - Fetched company for recruiterId=52f3dcc7-e7bb-4419-b8a9-9cfb2a6f8b9e
2025-07-01 20:28:34,876 INFO  - Fetched company for recruiterId=52f3dcc7-e7bb-4419-b8a9-9cfb2a6f8b9e
2025-07-01 20:28:34,884 INFO  - Fetched company for recruiterId=52f3dcc7-e7bb-4419-b8a9-9cfb2a6f8b9e
2025-07-01 20:28:34,895 INFO  - Fetched company for recruiterId=52f3dcc7-e7bb-4419-b8a9-9cfb2a6f8b9e
2025-07-01 20:28:35,997 INFO  - Fetched all company names.
2025-07-01 20:28:36,027 INFO  - Fetched company for recruiterId=3dc93452-07a2-4843-a650-c7faed6fc07c
2025-07-01 20:28:36,029 INFO  - Fetched company for recruiterId=52f3dcc7-e7bb-4419-b8a9-9cfb2a6f8b9e
2025-07-01 20:28:36,034 INFO  - Fetched company for recruiterId=3dc93452-07a2-4843-a650-c7faed6fc07c
2025-07-01 20:28:36,036 INFO  - Fetched company for recruiterId=52f3dcc7-e7bb-4419-b8a9-9cfb2a6f8b9e
2025-07-01 20:28:36,046 INFO  - Fetched company for recruiterId=52f3dcc7-e7bb-4419-b8a9-9cfb2a6f8b9e
2025-07-01 20:28:36,053 INFO  - Fetched company for recruiterId=52f3dcc7-e7bb-4419-b8a9-9cfb2a6f8b9e
2025-07-01 20:28:36,064 INFO  - Fetched company for recruiterId=52f3dcc7-e7bb-4419-b8a9-9cfb2a6f8b9e
2025-07-01 20:28:36,072 INFO  - Fetched company for recruiterId=52f3dcc7-e7bb-4419-b8a9-9cfb2a6f8b9e
2025-07-01 20:28:36,078 INFO  - Fetched company for recruiterId=52f3dcc7-e7bb-4419-b8a9-9cfb2a6f8b9e
2025-07-01 20:28:36,084 INFO  - Fetched company for recruiterId=52f3dcc7-e7bb-4419-b8a9-9cfb2a6f8b9e
2025-07-01 20:29:10,281 INFO  - Fetched company for recruiterId=3dc93452-07a2-4843-a650-c7faed6fc07c
2025-07-01 20:29:10,283 INFO  - Fetched company for recruiterId=52f3dcc7-e7bb-4419-b8a9-9cfb2a6f8b9e
2025-07-01 20:29:10,302 INFO  - Fetched company for recruiterId=52f3dcc7-e7bb-4419-b8a9-9cfb2a6f8b9e
2025-07-01 20:29:10,309 INFO  - Fetched company for recruiterId=52f3dcc7-e7bb-4419-b8a9-9cfb2a6f8b9e
2025-07-01 20:29:10,316 INFO  - Fetched company for recruiterId=52f3dcc7-e7bb-4419-b8a9-9cfb2a6f8b9e
2025-07-01 20:29:35,364 INFO  - Fetched company for recruiterId=3dc93452-07a2-4843-a650-c7faed6fc07c
2025-07-01 20:29:35,364 INFO  - Fetched company for recruiterId=52f3dcc7-e7bb-4419-b8a9-9cfb2a6f8b9e
2025-07-01 20:29:35,371 INFO  - Fetched company for recruiterId=52f3dcc7-e7bb-4419-b8a9-9cfb2a6f8b9e
2025-07-01 20:29:35,378 INFO  - Fetched company for recruiterId=52f3dcc7-e7bb-4419-b8a9-9cfb2a6f8b9e
2025-07-01 20:29:35,384 INFO  - Fetched company for recruiterId=52f3dcc7-e7bb-4419-b8a9-9cfb2a6f8b9e
2025-07-01 20:29:38,437 INFO  - Fetched company for recruiterId=52f3dcc7-e7bb-4419-b8a9-9cfb2a6f8b9e
2025-07-01 20:29:38,437 INFO  - Fetched company for recruiterId=3dc93452-07a2-4843-a650-c7faed6fc07c
2025-07-01 20:29:38,444 INFO  - Fetched company for recruiterId=52f3dcc7-e7bb-4419-b8a9-9cfb2a6f8b9e
2025-07-01 20:29:38,449 INFO  - Fetched company for recruiterId=52f3dcc7-e7bb-4419-b8a9-9cfb2a6f8b9e
2025-07-01 20:29:38,455 INFO  - Fetched company for recruiterId=52f3dcc7-e7bb-4419-b8a9-9cfb2a6f8b9e
2025-07-01 20:29:45,798 INFO  - Fetched company for recruiterId=52f3dcc7-e7bb-4419-b8a9-9cfb2a6f8b9e
2025-07-01 20:29:45,799 INFO  - Fetched company for recruiterId=3dc93452-07a2-4843-a650-c7faed6fc07c
2025-07-01 20:29:45,804 INFO  - Fetched company for recruiterId=52f3dcc7-e7bb-4419-b8a9-9cfb2a6f8b9e
2025-07-01 20:29:45,810 INFO  - Fetched company for recruiterId=52f3dcc7-e7bb-4419-b8a9-9cfb2a6f8b9e
2025-07-01 20:29:45,816 INFO  - Fetched company for recruiterId=52f3dcc7-e7bb-4419-b8a9-9cfb2a6f8b9e
2025-07-01 20:29:52,728 INFO  - Fetched company for recruiterId=3dc93452-07a2-4843-a650-c7faed6fc07c
2025-07-01 20:29:52,728 INFO  - Fetched company for recruiterId=52f3dcc7-e7bb-4419-b8a9-9cfb2a6f8b9e
2025-07-01 20:29:52,736 INFO  - Fetched company for recruiterId=52f3dcc7-e7bb-4419-b8a9-9cfb2a6f8b9e
2025-07-01 20:29:52,744 INFO  - Fetched company for recruiterId=52f3dcc7-e7bb-4419-b8a9-9cfb2a6f8b9e
2025-07-01 20:29:52,759 INFO  - Fetched company for recruiterId=52f3dcc7-e7bb-4419-b8a9-9cfb2a6f8b9e
2025-07-01 20:29:52,766 INFO  - Fetched all company names.
2025-07-01 20:29:52,815 INFO  - Fetched company for recruiterId=3dc93452-07a2-4843-a650-c7faed6fc07c
2025-07-01 20:29:52,817 INFO  - Fetched company for recruiterId=52f3dcc7-e7bb-4419-b8a9-9cfb2a6f8b9e
2025-07-01 20:29:52,822 INFO  - Fetched company for recruiterId=3dc93452-07a2-4843-a650-c7faed6fc07c
2025-07-01 20:29:52,825 INFO  - Fetched company for recruiterId=52f3dcc7-e7bb-4419-b8a9-9cfb2a6f8b9e
2025-07-01 20:29:52,831 INFO  - Fetched company for recruiterId=52f3dcc7-e7bb-4419-b8a9-9cfb2a6f8b9e
2025-07-01 20:29:52,838 INFO  - Fetched company for recruiterId=52f3dcc7-e7bb-4419-b8a9-9cfb2a6f8b9e
2025-07-01 20:29:52,849 INFO  - Fetched company for recruiterId=52f3dcc7-e7bb-4419-b8a9-9cfb2a6f8b9e
2025-07-01 20:29:52,859 INFO  - Fetched company for recruiterId=52f3dcc7-e7bb-4419-b8a9-9cfb2a6f8b9e
2025-07-01 20:29:52,868 INFO  - Fetched company for recruiterId=52f3dcc7-e7bb-4419-b8a9-9cfb2a6f8b9e
2025-07-01 20:29:52,874 INFO  - Fetched company for recruiterId=52f3dcc7-e7bb-4419-b8a9-9cfb2a6f8b9e
2025-07-01 20:30:03,897 INFO  - Fetched company for recruiterId=52f3dcc7-e7bb-4419-b8a9-9cfb2a6f8b9e
2025-07-01 20:30:03,902 INFO  - Fetched company for recruiterId=3dc93452-07a2-4843-a650-c7faed6fc07c
2025-07-01 20:30:03,911 INFO  - Fetched company for recruiterId=52f3dcc7-e7bb-4419-b8a9-9cfb2a6f8b9e
2025-07-01 20:30:03,919 INFO  - Fetched company for recruiterId=52f3dcc7-e7bb-4419-b8a9-9cfb2a6f8b9e
2025-07-01 20:30:03,927 INFO  - Fetched company for recruiterId=52f3dcc7-e7bb-4419-b8a9-9cfb2a6f8b9e
2025-07-01 20:30:11,693 INFO  - Fetched company for recruiterId=3dc93452-07a2-4843-a650-c7faed6fc07c
2025-07-01 20:30:11,693 INFO  - Fetched company for recruiterId=52f3dcc7-e7bb-4419-b8a9-9cfb2a6f8b9e
2025-07-01 20:30:11,700 INFO  - Fetched company for recruiterId=52f3dcc7-e7bb-4419-b8a9-9cfb2a6f8b9e
2025-07-01 20:30:11,706 INFO  - Fetched company for recruiterId=52f3dcc7-e7bb-4419-b8a9-9cfb2a6f8b9e
2025-07-01 20:30:11,712 INFO  - Fetched company for recruiterId=52f3dcc7-e7bb-4419-b8a9-9cfb2a6f8b9e
2025-07-01 20:30:17,762 INFO  - Fetched company for recruiterId=52f3dcc7-e7bb-4419-b8a9-9cfb2a6f8b9e
2025-07-01 20:30:17,763 INFO  - Fetched company for recruiterId=3dc93452-07a2-4843-a650-c7faed6fc07c
2025-07-01 20:30:17,769 INFO  - Fetched company for recruiterId=52f3dcc7-e7bb-4419-b8a9-9cfb2a6f8b9e
2025-07-01 20:30:17,774 INFO  - Fetched company for recruiterId=52f3dcc7-e7bb-4419-b8a9-9cfb2a6f8b9e
2025-07-01 20:30:17,779 INFO  - Fetched company for recruiterId=52f3dcc7-e7bb-4419-b8a9-9cfb2a6f8b9e
2025-07-01 20:30:19,955 INFO  - Fetched company for recruiterId=3dc93452-07a2-4843-a650-c7faed6fc07c
2025-07-01 20:30:19,955 INFO  - Fetched company for recruiterId=52f3dcc7-e7bb-4419-b8a9-9cfb2a6f8b9e
2025-07-01 20:30:19,968 INFO  - Fetched company for recruiterId=52f3dcc7-e7bb-4419-b8a9-9cfb2a6f8b9e
2025-07-01 20:30:19,981 INFO  - Fetched company for recruiterId=52f3dcc7-e7bb-4419-b8a9-9cfb2a6f8b9e
2025-07-01 20:30:19,996 INFO  - Fetched company for recruiterId=52f3dcc7-e7bb-4419-b8a9-9cfb2a6f8b9e
2025-07-01 20:30:37,111 INFO  - Fetched all company names.
2025-07-01 20:30:37,203 INFO  - Fetched company for recruiterId=3dc93452-07a2-4843-a650-c7faed6fc07c
2025-07-01 20:30:37,204 INFO  - Fetched company for recruiterId=52f3dcc7-e7bb-4419-b8a9-9cfb2a6f8b9e
2025-07-01 20:30:37,221 INFO  - Fetched company for recruiterId=52f3dcc7-e7bb-4419-b8a9-9cfb2a6f8b9e
2025-07-01 20:30:37,221 INFO  - Fetched company for recruiterId=3dc93452-07a2-4843-a650-c7faed6fc07c
2025-07-01 20:30:37,237 INFO  - Fetched company for recruiterId=52f3dcc7-e7bb-4419-b8a9-9cfb2a6f8b9e
2025-07-01 20:30:37,241 INFO  - Fetched company for recruiterId=3dc93452-07a2-4843-a650-c7faed6fc07c
2025-07-01 20:30:37,253 INFO  - Fetched company for recruiterId=52f3dcc7-e7bb-4419-b8a9-9cfb2a6f8b9e
2025-07-01 20:30:37,265 INFO  - Fetched company for recruiterId=52f3dcc7-e7bb-4419-b8a9-9cfb2a6f8b9e
2025-07-01 20:30:37,278 INFO  - Fetched company for recruiterId=52f3dcc7-e7bb-4419-b8a9-9cfb2a6f8b9e
2025-07-01 20:30:37,290 INFO  - Fetched company for recruiterId=52f3dcc7-e7bb-4419-b8a9-9cfb2a6f8b9e
2025-07-01 20:30:37,296 INFO  - Fetched company for recruiterId=52f3dcc7-e7bb-4419-b8a9-9cfb2a6f8b9e
2025-07-01 20:30:37,302 INFO  - Fetched company for recruiterId=52f3dcc7-e7bb-4419-b8a9-9cfb2a6f8b9e
2025-07-01 20:30:37,308 INFO  - Fetched company for recruiterId=52f3dcc7-e7bb-4419-b8a9-9cfb2a6f8b9e
2025-07-01 20:30:37,313 INFO  - Fetched company for recruiterId=52f3dcc7-e7bb-4419-b8a9-9cfb2a6f8b9e
2025-07-01 20:30:37,319 INFO  - Fetched company for recruiterId=52f3dcc7-e7bb-4419-b8a9-9cfb2a6f8b9e
2025-07-01 20:31:03,627 INFO  - Fetched company for recruiterId=3dc93452-07a2-4843-a650-c7faed6fc07c
2025-07-01 20:31:03,627 INFO  - Fetched company for recruiterId=52f3dcc7-e7bb-4419-b8a9-9cfb2a6f8b9e
2025-07-01 20:31:03,634 INFO  - Fetched company for recruiterId=52f3dcc7-e7bb-4419-b8a9-9cfb2a6f8b9e
2025-07-01 20:31:03,639 INFO  - Fetched company for recruiterId=52f3dcc7-e7bb-4419-b8a9-9cfb2a6f8b9e
2025-07-01 20:31:03,644 INFO  - Fetched company for recruiterId=52f3dcc7-e7bb-4419-b8a9-9cfb2a6f8b9e
2025-07-01 20:31:07,941 INFO  - Fetched company for recruiterId=3dc93452-07a2-4843-a650-c7faed6fc07c
2025-07-01 20:31:07,941 INFO  - Fetched company for recruiterId=52f3dcc7-e7bb-4419-b8a9-9cfb2a6f8b9e
2025-07-01 20:31:07,946 INFO  - Fetched company for recruiterId=52f3dcc7-e7bb-4419-b8a9-9cfb2a6f8b9e
2025-07-01 20:31:07,951 INFO  - Fetched company for recruiterId=52f3dcc7-e7bb-4419-b8a9-9cfb2a6f8b9e
2025-07-01 20:31:07,956 INFO  - Fetched company for recruiterId=52f3dcc7-e7bb-4419-b8a9-9cfb2a6f8b9e
2025-07-01 20:31:14,739 INFO  - Fetched company for recruiterId=3dc93452-07a2-4843-a650-c7faed6fc07c
2025-07-01 20:31:14,739 INFO  - Fetched company for recruiterId=52f3dcc7-e7bb-4419-b8a9-9cfb2a6f8b9e
2025-07-01 20:31:14,747 INFO  - Fetched company for recruiterId=52f3dcc7-e7bb-4419-b8a9-9cfb2a6f8b9e
2025-07-01 20:31:14,752 INFO  - Fetched company for recruiterId=52f3dcc7-e7bb-4419-b8a9-9cfb2a6f8b9e
2025-07-01 20:31:14,760 INFO  - Fetched company for recruiterId=52f3dcc7-e7bb-4419-b8a9-9cfb2a6f8b9e
2025-07-01 20:31:14,766 INFO  - Fetched company for recruiterId=52f3dcc7-e7bb-4419-b8a9-9cfb2a6f8b9e
2025-07-01 20:31:14,771 INFO  - Fetched company for recruiterId=52f3dcc7-e7bb-4419-b8a9-9cfb2a6f8b9e
2025-07-01 20:31:14,777 INFO  - Fetched company for recruiterId=52f3dcc7-e7bb-4419-b8a9-9cfb2a6f8b9e
2025-07-01 20:31:14,786 INFO  - Fetched company for recruiterId=52f3dcc7-e7bb-4419-b8a9-9cfb2a6f8b9e
2025-07-01 20:31:14,797 INFO  - Fetched company for recruiterId=52f3dcc7-e7bb-4419-b8a9-9cfb2a6f8b9e
2025-07-01 20:31:15,366 INFO  - Fetched company for recruiterId=52f3dcc7-e7bb-4419-b8a9-9cfb2a6f8b9e
2025-07-01 20:31:15,366 INFO  - Fetched company for recruiterId=3dc93452-07a2-4843-a650-c7faed6fc07c
2025-07-01 20:31:15,373 INFO  - Fetched company for recruiterId=52f3dcc7-e7bb-4419-b8a9-9cfb2a6f8b9e
2025-07-01 20:31:15,380 INFO  - Fetched company for recruiterId=52f3dcc7-e7bb-4419-b8a9-9cfb2a6f8b9e
2025-07-01 20:31:15,386 INFO  - Fetched company for recruiterId=52f3dcc7-e7bb-4419-b8a9-9cfb2a6f8b9e
2025-07-01 20:32:11,817 INFO  - Fetched company for recruiterId=52f3dcc7-e7bb-4419-b8a9-9cfb2a6f8b9e
2025-07-01 20:32:11,817 INFO  - Fetched company for recruiterId=3dc93452-07a2-4843-a650-c7faed6fc07c
2025-07-01 20:32:11,825 INFO  - Fetched company for recruiterId=52f3dcc7-e7bb-4419-b8a9-9cfb2a6f8b9e
2025-07-01 20:32:11,832 INFO  - Fetched company for recruiterId=52f3dcc7-e7bb-4419-b8a9-9cfb2a6f8b9e
2025-07-01 20:32:11,838 INFO  - Fetched company for recruiterId=52f3dcc7-e7bb-4419-b8a9-9cfb2a6f8b9e
2025-07-01 20:32:12,659 INFO  - Fetched company for recruiterId=52f3dcc7-e7bb-4419-b8a9-9cfb2a6f8b9e
2025-07-01 20:32:12,659 INFO  - Fetched company for recruiterId=3dc93452-07a2-4843-a650-c7faed6fc07c
2025-07-01 20:32:12,674 INFO  - Fetched company for recruiterId=52f3dcc7-e7bb-4419-b8a9-9cfb2a6f8b9e
2025-07-01 20:32:12,687 INFO  - Fetched company for recruiterId=52f3dcc7-e7bb-4419-b8a9-9cfb2a6f8b9e
2025-07-01 20:32:12,699 INFO  - Fetched company for recruiterId=52f3dcc7-e7bb-4419-b8a9-9cfb2a6f8b9e
2025-07-01 20:32:12,923 INFO  - Fetched company for recruiterId=3dc93452-07a2-4843-a650-c7faed6fc07c
2025-07-01 20:32:12,924 INFO  - Fetched company for recruiterId=52f3dcc7-e7bb-4419-b8a9-9cfb2a6f8b9e
2025-07-01 20:32:12,939 INFO  - Fetched company for recruiterId=52f3dcc7-e7bb-4419-b8a9-9cfb2a6f8b9e
2025-07-01 20:32:12,950 INFO  - Fetched company for recruiterId=52f3dcc7-e7bb-4419-b8a9-9cfb2a6f8b9e
2025-07-01 20:32:12,962 INFO  - Fetched company for recruiterId=52f3dcc7-e7bb-4419-b8a9-9cfb2a6f8b9e
2025-07-01 20:32:13,222 INFO  - Fetched company for recruiterId=52f3dcc7-e7bb-4419-b8a9-9cfb2a6f8b9e
2025-07-01 20:32:13,222 INFO  - Fetched company for recruiterId=3dc93452-07a2-4843-a650-c7faed6fc07c
2025-07-01 20:32:13,238 INFO  - Fetched company for recruiterId=52f3dcc7-e7bb-4419-b8a9-9cfb2a6f8b9e
2025-07-01 20:32:13,247 INFO  - Fetched company for recruiterId=52f3dcc7-e7bb-4419-b8a9-9cfb2a6f8b9e
2025-07-01 20:32:13,259 INFO  - Fetched company for recruiterId=52f3dcc7-e7bb-4419-b8a9-9cfb2a6f8b9e
2025-07-01 20:32:13,469 INFO  - Fetched company for recruiterId=3dc93452-07a2-4843-a650-c7faed6fc07c
2025-07-01 20:32:13,469 INFO  - Fetched company for recruiterId=52f3dcc7-e7bb-4419-b8a9-9cfb2a6f8b9e
2025-07-01 20:32:13,483 INFO  - Fetched company for recruiterId=52f3dcc7-e7bb-4419-b8a9-9cfb2a6f8b9e
2025-07-01 20:32:13,496 INFO  - Fetched company for recruiterId=52f3dcc7-e7bb-4419-b8a9-9cfb2a6f8b9e
2025-07-01 20:32:13,517 INFO  - Fetched company for recruiterId=52f3dcc7-e7bb-4419-b8a9-9cfb2a6f8b9e
2025-07-01 20:33:18,651 INFO  - Fetched company for recruiterId=52f3dcc7-e7bb-4419-b8a9-9cfb2a6f8b9e
2025-07-01 20:33:18,652 INFO  - Fetched company for recruiterId=3dc93452-07a2-4843-a650-c7faed6fc07c
2025-07-01 20:33:18,664 INFO  - Fetched company for recruiterId=52f3dcc7-e7bb-4419-b8a9-9cfb2a6f8b9e
2025-07-01 20:33:18,671 INFO  - Fetched company for recruiterId=52f3dcc7-e7bb-4419-b8a9-9cfb2a6f8b9e
2025-07-01 20:33:18,677 INFO  - Fetched company for recruiterId=52f3dcc7-e7bb-4419-b8a9-9cfb2a6f8b9e
2025-07-01 20:36:32,453 INFO  - Fetched company for recruiterId=52f3dcc7-e7bb-4419-b8a9-9cfb2a6f8b9e
2025-07-01 20:36:32,453 INFO  - Fetched company for recruiterId=3dc93452-07a2-4843-a650-c7faed6fc07c
2025-07-01 20:36:32,463 INFO  - Fetched company for recruiterId=52f3dcc7-e7bb-4419-b8a9-9cfb2a6f8b9e
2025-07-01 20:36:32,469 INFO  - Fetched company for recruiterId=52f3dcc7-e7bb-4419-b8a9-9cfb2a6f8b9e
2025-07-01 20:36:32,474 INFO  - Fetched company for recruiterId=52f3dcc7-e7bb-4419-b8a9-9cfb2a6f8b9e
2025-07-01 20:36:36,259 INFO  - Fetched company for recruiterId=3dc93452-07a2-4843-a650-c7faed6fc07c
2025-07-01 20:36:36,259 INFO  - Fetched company for recruiterId=52f3dcc7-e7bb-4419-b8a9-9cfb2a6f8b9e
2025-07-01 20:36:36,267 INFO  - Fetched company for recruiterId=52f3dcc7-e7bb-4419-b8a9-9cfb2a6f8b9e
2025-07-01 20:36:36,272 INFO  - Fetched company for recruiterId=52f3dcc7-e7bb-4419-b8a9-9cfb2a6f8b9e
2025-07-01 20:36:36,278 INFO  - Fetched company for recruiterId=52f3dcc7-e7bb-4419-b8a9-9cfb2a6f8b9e
2025-07-01 20:36:43,440 INFO  - Fetched company for recruiterId=3dc93452-07a2-4843-a650-c7faed6fc07c
2025-07-01 20:36:43,440 INFO  - Fetched company for recruiterId=52f3dcc7-e7bb-4419-b8a9-9cfb2a6f8b9e
2025-07-01 20:36:43,450 INFO  - Fetched company for recruiterId=52f3dcc7-e7bb-4419-b8a9-9cfb2a6f8b9e
2025-07-01 20:36:43,460 INFO  - Fetched company for recruiterId=52f3dcc7-e7bb-4419-b8a9-9cfb2a6f8b9e
2025-07-01 20:36:43,471 INFO  - Fetched company for recruiterId=52f3dcc7-e7bb-4419-b8a9-9cfb2a6f8b9e
2025-07-01 20:36:47,212 INFO  - Fetched company for recruiterId=3dc93452-07a2-4843-a650-c7faed6fc07c
2025-07-01 20:36:47,212 INFO  - Fetched company for recruiterId=52f3dcc7-e7bb-4419-b8a9-9cfb2a6f8b9e
2025-07-01 20:36:47,220 INFO  - Fetched company for recruiterId=52f3dcc7-e7bb-4419-b8a9-9cfb2a6f8b9e
2025-07-01 20:36:47,226 INFO  - Fetched company for recruiterId=52f3dcc7-e7bb-4419-b8a9-9cfb2a6f8b9e
2025-07-01 20:36:47,234 INFO  - Fetched company for recruiterId=52f3dcc7-e7bb-4419-b8a9-9cfb2a6f8b9e
2025-07-01 20:36:48,669 INFO  - Fetched company for recruiterId=52f3dcc7-e7bb-4419-b8a9-9cfb2a6f8b9e
2025-07-01 20:36:48,669 INFO  - Fetched company for recruiterId=3dc93452-07a2-4843-a650-c7faed6fc07c
2025-07-01 20:36:48,676 INFO  - Fetched company for recruiterId=52f3dcc7-e7bb-4419-b8a9-9cfb2a6f8b9e
2025-07-01 20:36:48,681 INFO  - Fetched company for recruiterId=52f3dcc7-e7bb-4419-b8a9-9cfb2a6f8b9e
2025-07-01 20:36:48,686 INFO  - Fetched company for recruiterId=52f3dcc7-e7bb-4419-b8a9-9cfb2a6f8b9e
2025-07-01 20:36:56,714 INFO  - Fetched all company names.
2025-07-01 20:36:56,746 INFO  - Fetched company for recruiterId=3dc93452-07a2-4843-a650-c7faed6fc07c
2025-07-01 20:36:56,780 INFO  - Fetched company for recruiterId=3dc93452-07a2-4843-a650-c7faed6fc07c
2025-07-01 20:36:56,795 INFO  - Fetched company for recruiterId=3dc93452-07a2-4843-a650-c7faed6fc07c
2025-07-01 20:36:56,808 INFO  - Fetched company for recruiterId=52f3dcc7-e7bb-4419-b8a9-9cfb2a6f8b9e
2025-07-01 20:36:56,823 INFO  - Fetched company for recruiterId=52f3dcc7-e7bb-4419-b8a9-9cfb2a6f8b9e
2025-07-01 20:36:56,835 INFO  - Fetched company for recruiterId=52f3dcc7-e7bb-4419-b8a9-9cfb2a6f8b9e
2025-07-01 20:36:56,842 INFO  - Fetched company for recruiterId=52f3dcc7-e7bb-4419-b8a9-9cfb2a6f8b9e
2025-07-01 20:36:56,847 INFO  - Fetched company for recruiterId=52f3dcc7-e7bb-4419-b8a9-9cfb2a6f8b9e
2025-07-01 20:36:56,854 INFO  - Fetched company for recruiterId=52f3dcc7-e7bb-4419-b8a9-9cfb2a6f8b9e
2025-07-01 20:36:56,860 INFO  - Fetched company for recruiterId=52f3dcc7-e7bb-4419-b8a9-9cfb2a6f8b9e
2025-07-01 20:36:56,865 INFO  - Fetched company for recruiterId=52f3dcc7-e7bb-4419-b8a9-9cfb2a6f8b9e
2025-07-01 20:36:56,872 INFO  - Fetched company for recruiterId=52f3dcc7-e7bb-4419-b8a9-9cfb2a6f8b9e
2025-07-01 20:36:56,878 INFO  - Fetched company for recruiterId=52f3dcc7-e7bb-4419-b8a9-9cfb2a6f8b9e
2025-07-01 20:36:56,883 INFO  - Fetched company for recruiterId=52f3dcc7-e7bb-4419-b8a9-9cfb2a6f8b9e
2025-07-01 20:36:56,889 INFO  - Fetched company for recruiterId=52f3dcc7-e7bb-4419-b8a9-9cfb2a6f8b9e
2025-07-01 20:37:11,727 INFO  - Fetched company for recruiterId=3dc93452-07a2-4843-a650-c7faed6fc07c
2025-07-01 20:37:11,728 INFO  - Fetched company for recruiterId=52f3dcc7-e7bb-4419-b8a9-9cfb2a6f8b9e
2025-07-01 20:37:11,734 INFO  - Fetched company for recruiterId=52f3dcc7-e7bb-4419-b8a9-9cfb2a6f8b9e
2025-07-01 20:37:11,739 INFO  - Fetched company for recruiterId=52f3dcc7-e7bb-4419-b8a9-9cfb2a6f8b9e
2025-07-01 20:37:11,744 INFO  - Fetched company for recruiterId=52f3dcc7-e7bb-4419-b8a9-9cfb2a6f8b9e
2025-07-01 20:37:27,425 INFO  - Fetched company for recruiterId=3dc93452-07a2-4843-a650-c7faed6fc07c
2025-07-01 20:37:27,426 INFO  - Fetched company for recruiterId=52f3dcc7-e7bb-4419-b8a9-9cfb2a6f8b9e
2025-07-01 20:37:27,437 INFO  - Fetched company for recruiterId=52f3dcc7-e7bb-4419-b8a9-9cfb2a6f8b9e
2025-07-01 20:37:27,446 INFO  - Fetched company for recruiterId=52f3dcc7-e7bb-4419-b8a9-9cfb2a6f8b9e
2025-07-01 20:37:27,453 INFO  - Fetched company for recruiterId=52f3dcc7-e7bb-4419-b8a9-9cfb2a6f8b9e
2025-07-01 20:37:30,047 INFO  - Fetched company for recruiterId=3dc93452-07a2-4843-a650-c7faed6fc07c
2025-07-01 20:37:30,047 INFO  - Fetched company for recruiterId=52f3dcc7-e7bb-4419-b8a9-9cfb2a6f8b9e
2025-07-01 20:37:30,060 INFO  - Fetched company for recruiterId=52f3dcc7-e7bb-4419-b8a9-9cfb2a6f8b9e
2025-07-01 20:37:30,066 INFO  - Fetched company for recruiterId=52f3dcc7-e7bb-4419-b8a9-9cfb2a6f8b9e
2025-07-01 20:37:30,071 INFO  - Fetched company for recruiterId=52f3dcc7-e7bb-4419-b8a9-9cfb2a6f8b9e
2025-07-01 20:44:58,245 INFO  - Fetched all company names.
2025-07-01 20:44:58,295 INFO  - Fetched company for recruiterId=3dc93452-07a2-4843-a650-c7faed6fc07c
2025-07-01 20:44:58,296 INFO  - Fetched company for recruiterId=52f3dcc7-e7bb-4419-b8a9-9cfb2a6f8b9e
2025-07-01 20:44:58,311 INFO  - Fetched company for recruiterId=52f3dcc7-e7bb-4419-b8a9-9cfb2a6f8b9e
2025-07-01 20:44:58,312 INFO  - Fetched company for recruiterId=3dc93452-07a2-4843-a650-c7faed6fc07c
2025-07-01 20:44:58,335 INFO  - Fetched company for recruiterId=3dc93452-07a2-4843-a650-c7faed6fc07c
2025-07-01 20:44:58,339 INFO  - Fetched company for recruiterId=52f3dcc7-e7bb-4419-b8a9-9cfb2a6f8b9e
2025-07-01 20:44:58,369 INFO  - Fetched company for recruiterId=52f3dcc7-e7bb-4419-b8a9-9cfb2a6f8b9e
2025-07-01 20:44:58,378 INFO  - Fetched company for recruiterId=52f3dcc7-e7bb-4419-b8a9-9cfb2a6f8b9e
2025-07-01 20:44:58,384 INFO  - Fetched company for recruiterId=52f3dcc7-e7bb-4419-b8a9-9cfb2a6f8b9e
2025-07-01 20:44:58,391 INFO  - Fetched company for recruiterId=52f3dcc7-e7bb-4419-b8a9-9cfb2a6f8b9e
2025-07-01 20:44:58,396 INFO  - Fetched company for recruiterId=52f3dcc7-e7bb-4419-b8a9-9cfb2a6f8b9e
2025-07-01 20:44:58,403 INFO  - Fetched company for recruiterId=52f3dcc7-e7bb-4419-b8a9-9cfb2a6f8b9e
2025-07-01 20:44:58,409 INFO  - Fetched company for recruiterId=52f3dcc7-e7bb-4419-b8a9-9cfb2a6f8b9e
2025-07-01 20:44:58,415 INFO  - Fetched company for recruiterId=52f3dcc7-e7bb-4419-b8a9-9cfb2a6f8b9e
2025-07-01 20:44:58,421 INFO  - Fetched company for recruiterId=52f3dcc7-e7bb-4419-b8a9-9cfb2a6f8b9e
2025-07-01 20:45:10,735 INFO  - Fetched company for recruiterId=52f3dcc7-e7bb-4419-b8a9-9cfb2a6f8b9e
2025-07-01 20:45:10,735 INFO  - Fetched company for recruiterId=3dc93452-07a2-4843-a650-c7faed6fc07c
2025-07-01 20:45:10,744 INFO  - Fetched company for recruiterId=52f3dcc7-e7bb-4419-b8a9-9cfb2a6f8b9e
2025-07-01 20:45:10,751 INFO  - Fetched company for recruiterId=52f3dcc7-e7bb-4419-b8a9-9cfb2a6f8b9e
2025-07-01 20:45:10,760 INFO  - Fetched company for recruiterId=52f3dcc7-e7bb-4419-b8a9-9cfb2a6f8b9e
2025-07-01 20:45:39,021 INFO  - Fetched all company names.
2025-07-01 20:45:39,059 INFO  - Fetched company for recruiterId=52f3dcc7-e7bb-4419-b8a9-9cfb2a6f8b9e
2025-07-01 20:45:39,059 INFO  - Fetched company for recruiterId=3dc93452-07a2-4843-a650-c7faed6fc07c
2025-07-01 20:45:39,068 INFO  - Fetched company for recruiterId=52f3dcc7-e7bb-4419-b8a9-9cfb2a6f8b9e
2025-07-01 20:45:39,081 INFO  - Fetched company for recruiterId=52f3dcc7-e7bb-4419-b8a9-9cfb2a6f8b9e
2025-07-01 20:45:39,099 INFO  - Fetched company for recruiterId=52f3dcc7-e7bb-4419-b8a9-9cfb2a6f8b9e
2025-07-01 20:45:39,103 INFO  - Fetched company for recruiterId=3dc93452-07a2-4843-a650-c7faed6fc07c
2025-07-01 20:45:39,108 INFO  - Fetched company for recruiterId=52f3dcc7-e7bb-4419-b8a9-9cfb2a6f8b9e
2025-07-01 20:45:39,112 INFO  - Fetched company for recruiterId=3dc93452-07a2-4843-a650-c7faed6fc07c
2025-07-01 20:45:39,117 INFO  - Fetched company for recruiterId=52f3dcc7-e7bb-4419-b8a9-9cfb2a6f8b9e
2025-07-01 20:45:39,125 INFO  - Fetched company for recruiterId=52f3dcc7-e7bb-4419-b8a9-9cfb2a6f8b9e
2025-07-01 20:45:39,137 INFO  - Fetched company for recruiterId=52f3dcc7-e7bb-4419-b8a9-9cfb2a6f8b9e
2025-07-01 20:45:39,143 INFO  - Fetched company for recruiterId=52f3dcc7-e7bb-4419-b8a9-9cfb2a6f8b9e
2025-07-01 20:45:39,148 INFO  - Fetched company for recruiterId=52f3dcc7-e7bb-4419-b8a9-9cfb2a6f8b9e
2025-07-01 20:45:39,153 INFO  - Fetched company for recruiterId=52f3dcc7-e7bb-4419-b8a9-9cfb2a6f8b9e
2025-07-01 20:45:39,159 INFO  - Fetched company for recruiterId=52f3dcc7-e7bb-4419-b8a9-9cfb2a6f8b9e
2025-07-01 20:46:01,047 INFO  - Fetched all company names.
2025-07-01 20:46:01,102 INFO  - Fetched company for recruiterId=52f3dcc7-e7bb-4419-b8a9-9cfb2a6f8b9e
2025-07-01 20:46:01,103 INFO  - Fetched company for recruiterId=3dc93452-07a2-4843-a650-c7faed6fc07c
2025-07-01 20:46:01,116 INFO  - Fetched company for recruiterId=52f3dcc7-e7bb-4419-b8a9-9cfb2a6f8b9e
2025-07-01 20:46:01,119 INFO  - Fetched company for recruiterId=3dc93452-07a2-4843-a650-c7faed6fc07c
2025-07-01 20:46:01,132 INFO  - Fetched company for recruiterId=52f3dcc7-e7bb-4419-b8a9-9cfb2a6f8b9e
2025-07-01 20:46:01,133 INFO  - Fetched company for recruiterId=3dc93452-07a2-4843-a650-c7faed6fc07c
2025-07-01 20:46:01,145 INFO  - Fetched company for recruiterId=52f3dcc7-e7bb-4419-b8a9-9cfb2a6f8b9e
2025-07-01 20:46:01,164 INFO  - Fetched company for recruiterId=52f3dcc7-e7bb-4419-b8a9-9cfb2a6f8b9e
2025-07-01 20:46:01,170 INFO  - Fetched company for recruiterId=52f3dcc7-e7bb-4419-b8a9-9cfb2a6f8b9e
2025-07-01 20:46:01,177 INFO  - Fetched company for recruiterId=52f3dcc7-e7bb-4419-b8a9-9cfb2a6f8b9e
2025-07-01 20:46:01,183 INFO  - Fetched company for recruiterId=52f3dcc7-e7bb-4419-b8a9-9cfb2a6f8b9e
2025-07-01 20:46:01,191 INFO  - Fetched company for recruiterId=52f3dcc7-e7bb-4419-b8a9-9cfb2a6f8b9e
2025-07-01 20:46:01,198 INFO  - Fetched company for recruiterId=52f3dcc7-e7bb-4419-b8a9-9cfb2a6f8b9e
2025-07-01 20:46:01,205 INFO  - Fetched company for recruiterId=52f3dcc7-e7bb-4419-b8a9-9cfb2a6f8b9e
2025-07-01 20:46:01,211 INFO  - Fetched company for recruiterId=52f3dcc7-e7bb-4419-b8a9-9cfb2a6f8b9e
2025-07-01 20:46:15,912 INFO  - Fetched all company names.
2025-07-01 20:46:15,949 INFO  - Fetched company for recruiterId=3dc93452-07a2-4843-a650-c7faed6fc07c
2025-07-01 20:46:15,950 INFO  - Fetched company for recruiterId=52f3dcc7-e7bb-4419-b8a9-9cfb2a6f8b9e
2025-07-01 20:46:15,965 INFO  - Fetched company for recruiterId=3dc93452-07a2-4843-a650-c7faed6fc07c
2025-07-01 20:46:15,965 INFO  - Fetched company for recruiterId=52f3dcc7-e7bb-4419-b8a9-9cfb2a6f8b9e
2025-07-01 20:46:15,977 INFO  - Fetched company for recruiterId=52f3dcc7-e7bb-4419-b8a9-9cfb2a6f8b9e
2025-07-01 20:46:15,981 INFO  - Fetched company for recruiterId=3dc93452-07a2-4843-a650-c7faed6fc07c
2025-07-01 20:46:15,996 INFO  - Fetched company for recruiterId=52f3dcc7-e7bb-4419-b8a9-9cfb2a6f8b9e
2025-07-01 20:46:16,012 INFO  - Fetched company for recruiterId=52f3dcc7-e7bb-4419-b8a9-9cfb2a6f8b9e
2025-07-01 20:46:16,028 INFO  - Fetched company for recruiterId=52f3dcc7-e7bb-4419-b8a9-9cfb2a6f8b9e
2025-07-01 20:46:16,035 INFO  - Fetched company for recruiterId=52f3dcc7-e7bb-4419-b8a9-9cfb2a6f8b9e
2025-07-01 20:46:16,042 INFO  - Fetched company for recruiterId=52f3dcc7-e7bb-4419-b8a9-9cfb2a6f8b9e
2025-07-01 20:46:16,049 INFO  - Fetched company for recruiterId=52f3dcc7-e7bb-4419-b8a9-9cfb2a6f8b9e
2025-07-01 20:46:16,057 INFO  - Fetched company for recruiterId=52f3dcc7-e7bb-4419-b8a9-9cfb2a6f8b9e
2025-07-01 20:46:16,063 INFO  - Fetched company for recruiterId=52f3dcc7-e7bb-4419-b8a9-9cfb2a6f8b9e
2025-07-01 20:46:16,069 INFO  - Fetched company for recruiterId=52f3dcc7-e7bb-4419-b8a9-9cfb2a6f8b9e
2025-07-01 20:46:29,012 INFO  - Fetched company for recruiterId=3dc93452-07a2-4843-a650-c7faed6fc07c
2025-07-01 20:46:29,012 INFO  - Fetched company for recruiterId=52f3dcc7-e7bb-4419-b8a9-9cfb2a6f8b9e
2025-07-01 20:46:29,030 INFO  - Fetched company for recruiterId=52f3dcc7-e7bb-4419-b8a9-9cfb2a6f8b9e
2025-07-01 20:46:29,038 INFO  - Fetched company for recruiterId=52f3dcc7-e7bb-4419-b8a9-9cfb2a6f8b9e
2025-07-01 20:46:29,044 INFO  - Fetched company for recruiterId=52f3dcc7-e7bb-4419-b8a9-9cfb2a6f8b9e
2025-07-01 20:46:30,313 INFO  - Fetched company for recruiterId=52f3dcc7-e7bb-4419-b8a9-9cfb2a6f8b9e
2025-07-01 20:46:30,314 INFO  - Fetched company for recruiterId=3dc93452-07a2-4843-a650-c7faed6fc07c
2025-07-01 20:46:30,331 INFO  - Fetched company for recruiterId=52f3dcc7-e7bb-4419-b8a9-9cfb2a6f8b9e
2025-07-01 20:46:30,337 INFO  - Fetched company for recruiterId=52f3dcc7-e7bb-4419-b8a9-9cfb2a6f8b9e
2025-07-01 20:46:30,343 INFO  - Fetched company for recruiterId=52f3dcc7-e7bb-4419-b8a9-9cfb2a6f8b9e
2025-07-01 20:46:38,449 INFO  - Fetched company for recruiterId=3dc93452-07a2-4843-a650-c7faed6fc07c
2025-07-01 20:46:38,450 INFO  - Fetched company for recruiterId=52f3dcc7-e7bb-4419-b8a9-9cfb2a6f8b9e
2025-07-01 20:46:38,457 INFO  - Fetched company for recruiterId=52f3dcc7-e7bb-4419-b8a9-9cfb2a6f8b9e
2025-07-01 20:46:38,462 INFO  - Fetched company for recruiterId=52f3dcc7-e7bb-4419-b8a9-9cfb2a6f8b9e
2025-07-01 20:46:38,468 INFO  - Fetched company for recruiterId=52f3dcc7-e7bb-4419-b8a9-9cfb2a6f8b9e
2025-07-01 20:46:56,953 INFO  - Fetched all company names.
2025-07-01 20:46:57,030 INFO  - Fetched company for recruiterId=3dc93452-07a2-4843-a650-c7faed6fc07c
2025-07-01 20:46:57,035 INFO  - Fetched company for recruiterId=52f3dcc7-e7bb-4419-b8a9-9cfb2a6f8b9e
2025-07-01 20:46:57,046 INFO  - Fetched company for recruiterId=3dc93452-07a2-4843-a650-c7faed6fc07c
2025-07-01 20:46:57,047 INFO  - Fetched company for recruiterId=52f3dcc7-e7bb-4419-b8a9-9cfb2a6f8b9e
2025-07-01 20:46:57,064 INFO  - Fetched company for recruiterId=52f3dcc7-e7bb-4419-b8a9-9cfb2a6f8b9e
2025-07-01 20:46:57,081 INFO  - Fetched company for recruiterId=52f3dcc7-e7bb-4419-b8a9-9cfb2a6f8b9e
2025-07-01 20:46:57,083 INFO  - Fetched company for recruiterId=3dc93452-07a2-4843-a650-c7faed6fc07c
2025-07-01 20:46:57,095 INFO  - Fetched company for recruiterId=52f3dcc7-e7bb-4419-b8a9-9cfb2a6f8b9e
2025-07-01 20:46:57,107 INFO  - Fetched company for recruiterId=52f3dcc7-e7bb-4419-b8a9-9cfb2a6f8b9e
2025-07-01 20:46:57,114 INFO  - Fetched company for recruiterId=52f3dcc7-e7bb-4419-b8a9-9cfb2a6f8b9e
2025-07-01 20:46:57,120 INFO  - Fetched company for recruiterId=52f3dcc7-e7bb-4419-b8a9-9cfb2a6f8b9e
2025-07-01 20:46:57,127 INFO  - Fetched company for recruiterId=52f3dcc7-e7bb-4419-b8a9-9cfb2a6f8b9e
2025-07-01 20:46:57,133 INFO  - Fetched company for recruiterId=52f3dcc7-e7bb-4419-b8a9-9cfb2a6f8b9e
2025-07-01 20:46:57,140 INFO  - Fetched company for recruiterId=52f3dcc7-e7bb-4419-b8a9-9cfb2a6f8b9e
2025-07-01 20:46:57,146 INFO  - Fetched company for recruiterId=52f3dcc7-e7bb-4419-b8a9-9cfb2a6f8b9e
2025-07-01 20:47:06,776 INFO  - Fetched all company names.
2025-07-01 20:47:06,815 INFO  - Fetched company for recruiterId=3dc93452-07a2-4843-a650-c7faed6fc07c
2025-07-01 20:47:06,818 INFO  - Fetched company for recruiterId=52f3dcc7-e7bb-4419-b8a9-9cfb2a6f8b9e
2025-07-01 20:47:06,829 INFO  - Fetched company for recruiterId=52f3dcc7-e7bb-4419-b8a9-9cfb2a6f8b9e
2025-07-01 20:47:06,843 INFO  - Fetched company for recruiterId=52f3dcc7-e7bb-4419-b8a9-9cfb2a6f8b9e
2025-07-01 20:47:06,857 INFO  - Fetched company for recruiterId=52f3dcc7-e7bb-4419-b8a9-9cfb2a6f8b9e
2025-07-01 20:47:06,857 INFO  - Fetched company for recruiterId=3dc93452-07a2-4843-a650-c7faed6fc07c
2025-07-01 20:47:06,877 INFO  - Fetched company for recruiterId=3dc93452-07a2-4843-a650-c7faed6fc07c
2025-07-01 20:47:06,880 INFO  - Fetched company for recruiterId=52f3dcc7-e7bb-4419-b8a9-9cfb2a6f8b9e
2025-07-01 20:47:06,901 INFO  - Fetched company for recruiterId=52f3dcc7-e7bb-4419-b8a9-9cfb2a6f8b9e
2025-07-01 20:47:06,913 INFO  - Fetched company for recruiterId=52f3dcc7-e7bb-4419-b8a9-9cfb2a6f8b9e
2025-07-01 20:47:06,941 INFO  - Fetched company for recruiterId=52f3dcc7-e7bb-4419-b8a9-9cfb2a6f8b9e
2025-07-01 20:47:06,955 INFO  - Fetched company for recruiterId=52f3dcc7-e7bb-4419-b8a9-9cfb2a6f8b9e
2025-07-01 20:47:06,971 INFO  - Fetched company for recruiterId=52f3dcc7-e7bb-4419-b8a9-9cfb2a6f8b9e
2025-07-01 20:47:07,006 INFO  - Fetched company for recruiterId=52f3dcc7-e7bb-4419-b8a9-9cfb2a6f8b9e
2025-07-01 20:47:07,021 INFO  - Fetched company for recruiterId=52f3dcc7-e7bb-4419-b8a9-9cfb2a6f8b9e
2025-07-01 20:48:19,624 INFO  - Fetched all company names.
2025-07-01 20:48:19,714 INFO  - Fetched company for recruiterId=3dc93452-07a2-4843-a650-c7faed6fc07c
2025-07-01 20:48:19,721 INFO  - Fetched company for recruiterId=52f3dcc7-e7bb-4419-b8a9-9cfb2a6f8b9e
2025-07-01 20:48:19,737 INFO  - Fetched company for recruiterId=3dc93452-07a2-4843-a650-c7faed6fc07c
2025-07-01 20:48:19,756 INFO  - Fetched company for recruiterId=52f3dcc7-e7bb-4419-b8a9-9cfb2a6f8b9e
2025-07-01 20:48:19,829 INFO  - Fetched company for recruiterId=3dc93452-07a2-4843-a650-c7faed6fc07c
2025-07-01 20:48:19,843 INFO  - Fetched company for recruiterId=52f3dcc7-e7bb-4419-b8a9-9cfb2a6f8b9e
2025-07-01 20:48:19,865 INFO  - Fetched company for recruiterId=52f3dcc7-e7bb-4419-b8a9-9cfb2a6f8b9e
2025-07-01 20:48:19,890 INFO  - Fetched company for recruiterId=52f3dcc7-e7bb-4419-b8a9-9cfb2a6f8b9e
2025-07-01 20:48:19,904 INFO  - Fetched company for recruiterId=52f3dcc7-e7bb-4419-b8a9-9cfb2a6f8b9e
2025-07-01 20:48:19,921 INFO  - Fetched company for recruiterId=52f3dcc7-e7bb-4419-b8a9-9cfb2a6f8b9e
2025-07-01 20:48:19,938 INFO  - Fetched company for recruiterId=52f3dcc7-e7bb-4419-b8a9-9cfb2a6f8b9e
2025-07-01 20:48:19,959 INFO  - Fetched company for recruiterId=52f3dcc7-e7bb-4419-b8a9-9cfb2a6f8b9e
2025-07-01 20:48:19,974 INFO  - Fetched company for recruiterId=52f3dcc7-e7bb-4419-b8a9-9cfb2a6f8b9e
2025-07-01 20:48:19,995 INFO  - Fetched company for recruiterId=52f3dcc7-e7bb-4419-b8a9-9cfb2a6f8b9e
2025-07-01 20:48:20,013 INFO  - Fetched company for recruiterId=52f3dcc7-e7bb-4419-b8a9-9cfb2a6f8b9e
2025-07-01 20:49:02,750 INFO  - Fetched all company names.
2025-07-01 20:49:02,854 INFO  - Fetched company for recruiterId=3dc93452-07a2-4843-a650-c7faed6fc07c
2025-07-01 20:49:02,857 INFO  - Fetched company for recruiterId=52f3dcc7-e7bb-4419-b8a9-9cfb2a6f8b9e
2025-07-01 20:49:02,867 INFO  - Fetched company for recruiterId=3dc93452-07a2-4843-a650-c7faed6fc07c
2025-07-01 20:49:02,870 INFO  - Fetched company for recruiterId=52f3dcc7-e7bb-4419-b8a9-9cfb2a6f8b9e
2025-07-01 20:49:02,878 INFO  - Fetched company for recruiterId=3dc93452-07a2-4843-a650-c7faed6fc07c
2025-07-01 20:49:02,881 INFO  - Fetched company for recruiterId=52f3dcc7-e7bb-4419-b8a9-9cfb2a6f8b9e
2025-07-01 20:49:02,891 INFO  - Fetched company for recruiterId=52f3dcc7-e7bb-4419-b8a9-9cfb2a6f8b9e
2025-07-01 20:49:02,899 INFO  - Fetched company for recruiterId=52f3dcc7-e7bb-4419-b8a9-9cfb2a6f8b9e
2025-07-01 20:49:02,907 INFO  - Fetched company for recruiterId=52f3dcc7-e7bb-4419-b8a9-9cfb2a6f8b9e
2025-07-01 20:49:02,913 INFO  - Fetched company for recruiterId=52f3dcc7-e7bb-4419-b8a9-9cfb2a6f8b9e
2025-07-01 20:49:02,919 INFO  - Fetched company for recruiterId=52f3dcc7-e7bb-4419-b8a9-9cfb2a6f8b9e
2025-07-01 20:49:02,926 INFO  - Fetched company for recruiterId=52f3dcc7-e7bb-4419-b8a9-9cfb2a6f8b9e
2025-07-01 20:49:02,932 INFO  - Fetched company for recruiterId=52f3dcc7-e7bb-4419-b8a9-9cfb2a6f8b9e
2025-07-01 20:49:02,942 INFO  - Fetched company for recruiterId=52f3dcc7-e7bb-4419-b8a9-9cfb2a6f8b9e
2025-07-01 20:49:02,951 INFO  - Fetched company for recruiterId=52f3dcc7-e7bb-4419-b8a9-9cfb2a6f8b9e
2025-07-01 20:49:05,296 INFO  - Fetched company for recruiterId=3dc93452-07a2-4843-a650-c7faed6fc07c
2025-07-01 20:49:05,296 INFO  - Fetched company for recruiterId=52f3dcc7-e7bb-4419-b8a9-9cfb2a6f8b9e
2025-07-01 20:49:05,304 INFO  - Fetched company for recruiterId=52f3dcc7-e7bb-4419-b8a9-9cfb2a6f8b9e
2025-07-01 20:49:05,314 INFO  - Fetched company for recruiterId=52f3dcc7-e7bb-4419-b8a9-9cfb2a6f8b9e
2025-07-01 20:49:05,320 INFO  - Fetched company for recruiterId=52f3dcc7-e7bb-4419-b8a9-9cfb2a6f8b9e
2025-07-01 20:49:06,063 INFO  - Fetched all company names.
2025-07-01 20:49:06,122 INFO  - Fetched company for recruiterId=3dc93452-07a2-4843-a650-c7faed6fc07c
2025-07-01 20:49:06,122 INFO  - Fetched company for recruiterId=52f3dcc7-e7bb-4419-b8a9-9cfb2a6f8b9e
2025-07-01 20:49:06,145 INFO  - Fetched company for recruiterId=52f3dcc7-e7bb-4419-b8a9-9cfb2a6f8b9e
2025-07-01 20:49:06,145 INFO  - Fetched company for recruiterId=3dc93452-07a2-4843-a650-c7faed6fc07c
2025-07-01 20:49:06,166 INFO  - Fetched company for recruiterId=52f3dcc7-e7bb-4419-b8a9-9cfb2a6f8b9e
2025-07-01 20:49:06,182 INFO  - Fetched company for recruiterId=52f3dcc7-e7bb-4419-b8a9-9cfb2a6f8b9e
2025-07-01 20:49:06,199 INFO  - Fetched company for recruiterId=52f3dcc7-e7bb-4419-b8a9-9cfb2a6f8b9e
2025-07-01 20:49:06,221 INFO  - Fetched company for recruiterId=52f3dcc7-e7bb-4419-b8a9-9cfb2a6f8b9e
2025-07-01 20:49:06,246 INFO  - Fetched company for recruiterId=52f3dcc7-e7bb-4419-b8a9-9cfb2a6f8b9e
2025-07-01 20:49:06,269 INFO  - Fetched company for recruiterId=52f3dcc7-e7bb-4419-b8a9-9cfb2a6f8b9e
2025-07-01 21:02:06,276 INFO  - Token refreshed for user: muthu@gmail.com
2025-07-01 21:02:06,328 INFO  - Fetched company for recruiterId=3dc93452-07a2-4843-a650-c7faed6fc07c
2025-07-01 21:02:06,338 INFO  - Fetched company for recruiterId=52f3dcc7-e7bb-4419-b8a9-9cfb2a6f8b9e
2025-07-01 21:02:06,344 INFO  - Fetched company for recruiterId=52f3dcc7-e7bb-4419-b8a9-9cfb2a6f8b9e
2025-07-01 21:02:06,353 INFO  - Fetched company for recruiterId=52f3dcc7-e7bb-4419-b8a9-9cfb2a6f8b9e
2025-07-01 21:02:06,360 INFO  - Fetched company for recruiterId=52f3dcc7-e7bb-4419-b8a9-9cfb2a6f8b9e
2025-07-01 21:02:06,367 INFO  - Fetched company for recruiterId=52f3dcc7-e7bb-4419-b8a9-9cfb2a6f8b9e
2025-07-01 21:02:06,377 INFO  - Fetched company for recruiterId=52f3dcc7-e7bb-4419-b8a9-9cfb2a6f8b9e
2025-07-01 21:02:06,387 INFO  - Fetched company for recruiterId=52f3dcc7-e7bb-4419-b8a9-9cfb2a6f8b9e
2025-07-01 21:02:06,395 INFO  - Fetched company for recruiterId=52f3dcc7-e7bb-4419-b8a9-9cfb2a6f8b9e
2025-07-01 21:02:06,403 INFO  - Fetched company for recruiterId=52f3dcc7-e7bb-4419-b8a9-9cfb2a6f8b9e
2025-07-01 21:02:06,784 INFO  - Fetched all company names.
2025-07-01 21:02:06,801 INFO  - Fetched company for recruiterId=52f3dcc7-e7bb-4419-b8a9-9cfb2a6f8b9e
2025-07-01 21:02:06,801 INFO  - Fetched company for recruiterId=3dc93452-07a2-4843-a650-c7faed6fc07c
2025-07-01 21:02:06,811 INFO  - Fetched company for recruiterId=52f3dcc7-e7bb-4419-b8a9-9cfb2a6f8b9e
2025-07-01 21:02:06,811 INFO  - Fetched company for recruiterId=3dc93452-07a2-4843-a650-c7faed6fc07c
2025-07-01 21:02:06,818 INFO  - Fetched company for recruiterId=52f3dcc7-e7bb-4419-b8a9-9cfb2a6f8b9e
2025-07-01 21:02:06,826 INFO  - Fetched company for recruiterId=52f3dcc7-e7bb-4419-b8a9-9cfb2a6f8b9e
2025-07-01 21:02:06,834 INFO  - Fetched company for recruiterId=52f3dcc7-e7bb-4419-b8a9-9cfb2a6f8b9e
2025-07-01 21:02:06,842 INFO  - Fetched company for recruiterId=52f3dcc7-e7bb-4419-b8a9-9cfb2a6f8b9e
2025-07-01 21:02:06,851 INFO  - Fetched company for recruiterId=52f3dcc7-e7bb-4419-b8a9-9cfb2a6f8b9e
2025-07-01 21:02:06,858 INFO  - Fetched company for recruiterId=52f3dcc7-e7bb-4419-b8a9-9cfb2a6f8b9e
2025-07-01 21:02:11,254 INFO  - Fetched all company names.
2025-07-01 21:02:11,270 INFO  - Fetched company for recruiterId=3dc93452-07a2-4843-a650-c7faed6fc07c
2025-07-01 21:02:11,271 INFO  - Fetched company for recruiterId=52f3dcc7-e7bb-4419-b8a9-9cfb2a6f8b9e
2025-07-01 21:02:11,278 INFO  - Fetched company for recruiterId=52f3dcc7-e7bb-4419-b8a9-9cfb2a6f8b9e
2025-07-01 21:02:11,278 INFO  - Fetched company for recruiterId=3dc93452-07a2-4843-a650-c7faed6fc07c
2025-07-01 21:02:11,285 INFO  - Fetched company for recruiterId=52f3dcc7-e7bb-4419-b8a9-9cfb2a6f8b9e
2025-07-01 21:02:11,294 INFO  - Fetched company for recruiterId=52f3dcc7-e7bb-4419-b8a9-9cfb2a6f8b9e
2025-07-01 21:02:11,302 INFO  - Fetched company for recruiterId=52f3dcc7-e7bb-4419-b8a9-9cfb2a6f8b9e
2025-07-01 21:02:11,309 INFO  - Fetched company for recruiterId=52f3dcc7-e7bb-4419-b8a9-9cfb2a6f8b9e
2025-07-01 21:02:11,316 INFO  - Fetched company for recruiterId=52f3dcc7-e7bb-4419-b8a9-9cfb2a6f8b9e
2025-07-01 21:02:11,323 INFO  - Fetched company for recruiterId=52f3dcc7-e7bb-4419-b8a9-9cfb2a6f8b9e
2025-07-01 21:02:11,740 INFO  - Fetched company for recruiterId=52f3dcc7-e7bb-4419-b8a9-9cfb2a6f8b9e
2025-07-01 21:02:11,741 INFO  - Fetched company for recruiterId=3dc93452-07a2-4843-a650-c7faed6fc07c
2025-07-01 21:02:11,747 INFO  - Fetched company for recruiterId=52f3dcc7-e7bb-4419-b8a9-9cfb2a6f8b9e
2025-07-01 21:02:11,753 INFO  - Fetched company for recruiterId=52f3dcc7-e7bb-4419-b8a9-9cfb2a6f8b9e
2025-07-01 21:02:11,761 INFO  - Fetched company for recruiterId=52f3dcc7-e7bb-4419-b8a9-9cfb2a6f8b9e
2025-07-01 21:02:11,770 INFO  - Fetched company for recruiterId=52f3dcc7-e7bb-4419-b8a9-9cfb2a6f8b9e
2025-07-01 21:02:11,778 INFO  - Fetched company for recruiterId=52f3dcc7-e7bb-4419-b8a9-9cfb2a6f8b9e
2025-07-01 21:02:11,786 INFO  - Fetched company for recruiterId=52f3dcc7-e7bb-4419-b8a9-9cfb2a6f8b9e
2025-07-01 21:02:11,792 INFO  - Fetched company for recruiterId=52f3dcc7-e7bb-4419-b8a9-9cfb2a6f8b9e
2025-07-01 21:02:11,798 INFO  - Fetched company for recruiterId=52f3dcc7-e7bb-4419-b8a9-9cfb2a6f8b9e
2025-07-01 21:02:13,606 INFO  - Fetched company for recruiterId=3dc93452-07a2-4843-a650-c7faed6fc07c
2025-07-01 21:02:13,606 INFO  - Fetched company for recruiterId=52f3dcc7-e7bb-4419-b8a9-9cfb2a6f8b9e
2025-07-01 21:02:13,615 INFO  - Fetched company for recruiterId=52f3dcc7-e7bb-4419-b8a9-9cfb2a6f8b9e
2025-07-01 21:02:13,622 INFO  - Fetched company for recruiterId=52f3dcc7-e7bb-4419-b8a9-9cfb2a6f8b9e
2025-07-01 21:02:13,628 INFO  - Fetched company for recruiterId=52f3dcc7-e7bb-4419-b8a9-9cfb2a6f8b9e
2025-07-01 21:02:36,167 INFO  - Fetched company for recruiterId=52f3dcc7-e7bb-4419-b8a9-9cfb2a6f8b9e
2025-07-01 21:02:36,168 INFO  - Fetched company for recruiterId=3dc93452-07a2-4843-a650-c7faed6fc07c
2025-07-01 21:02:36,175 INFO  - Fetched company for recruiterId=52f3dcc7-e7bb-4419-b8a9-9cfb2a6f8b9e
2025-07-01 21:02:36,182 INFO  - Fetched company for recruiterId=52f3dcc7-e7bb-4419-b8a9-9cfb2a6f8b9e
2025-07-01 21:02:36,187 INFO  - Fetched company for recruiterId=52f3dcc7-e7bb-4419-b8a9-9cfb2a6f8b9e
2025-07-01 21:02:36,196 INFO  - Fetched company for recruiterId=52f3dcc7-e7bb-4419-b8a9-9cfb2a6f8b9e
2025-07-01 21:02:36,204 INFO  - Fetched company for recruiterId=52f3dcc7-e7bb-4419-b8a9-9cfb2a6f8b9e
2025-07-01 21:02:36,214 INFO  - Fetched company for recruiterId=52f3dcc7-e7bb-4419-b8a9-9cfb2a6f8b9e
2025-07-01 21:02:36,224 INFO  - Fetched company for recruiterId=52f3dcc7-e7bb-4419-b8a9-9cfb2a6f8b9e
2025-07-01 21:02:36,234 INFO  - Fetched company for recruiterId=52f3dcc7-e7bb-4419-b8a9-9cfb2a6f8b9e
2025-07-01 21:02:36,630 INFO  - Fetched all company names.
2025-07-01 21:02:36,647 INFO  - Fetched company for recruiterId=3dc93452-07a2-4843-a650-c7faed6fc07c
2025-07-01 21:02:36,648 INFO  - Fetched company for recruiterId=52f3dcc7-e7bb-4419-b8a9-9cfb2a6f8b9e
2025-07-01 21:02:36,657 INFO  - Fetched company for recruiterId=52f3dcc7-e7bb-4419-b8a9-9cfb2a6f8b9e
2025-07-01 21:02:36,658 INFO  - Fetched company for recruiterId=3dc93452-07a2-4843-a650-c7faed6fc07c
2025-07-01 21:02:36,666 INFO  - Fetched company for recruiterId=52f3dcc7-e7bb-4419-b8a9-9cfb2a6f8b9e
2025-07-01 21:02:36,673 INFO  - Fetched company for recruiterId=52f3dcc7-e7bb-4419-b8a9-9cfb2a6f8b9e
2025-07-01 21:02:36,680 INFO  - Fetched company for recruiterId=52f3dcc7-e7bb-4419-b8a9-9cfb2a6f8b9e
2025-07-01 21:02:36,689 INFO  - Fetched company for recruiterId=52f3dcc7-e7bb-4419-b8a9-9cfb2a6f8b9e
2025-07-01 21:02:36,698 INFO  - Fetched company for recruiterId=52f3dcc7-e7bb-4419-b8a9-9cfb2a6f8b9e
2025-07-01 21:02:36,705 INFO  - Fetched company for recruiterId=52f3dcc7-e7bb-4419-b8a9-9cfb2a6f8b9e
2025-07-01 21:14:04,280 INFO  - Company registered: Name = InnoTech Systems, CompanyId = cbfb00c5-7828-4f21-acd0-eef613b506df
2025-07-01 21:14:50,301 INFO  - Fetched all company names.
2025-07-01 21:15:10,262 INFO  - Fetched all company names.
2025-07-01 21:15:13,515 INFO  - Fetched all company names.
2025-07-01 21:15:48,372 INFO  - Recruiter registered successfully: Email=mano@gmail.com, Company=InnoTech Systems
2025-07-01 21:16:00,543 INFO  - User logged in: mano@gmail.com
2025-07-01 21:16:04,597 INFO  - Fetched all skills.
2025-07-01 21:18:37,340 INFO  - Fetched all company names.
2025-07-01 21:18:37,560 INFO  - Fetched company for recruiterId=52f3dcc7-e7bb-4419-b8a9-9cfb2a6f8b9e
2025-07-01 21:18:37,560 INFO  - Fetched company for recruiterId=3dc93452-07a2-4843-a650-c7faed6fc07c
2025-07-01 21:18:37,575 INFO  - Fetched company for recruiterId=52f3dcc7-e7bb-4419-b8a9-9cfb2a6f8b9e
2025-07-01 21:18:37,577 INFO  - Fetched company for recruiterId=3dc93452-07a2-4843-a650-c7faed6fc07c
2025-07-01 21:18:37,587 INFO  - Fetched company for recruiterId=52f3dcc7-e7bb-4419-b8a9-9cfb2a6f8b9e
2025-07-01 21:18:37,599 INFO  - Fetched company for recruiterId=52f3dcc7-e7bb-4419-b8a9-9cfb2a6f8b9e
2025-07-01 21:18:37,608 INFO  - Fetched all skills.
2025-07-01 21:18:37,612 INFO  - Fetched company for recruiterId=52f3dcc7-e7bb-4419-b8a9-9cfb2a6f8b9e
2025-07-01 21:18:37,621 INFO  - Fetched company for recruiterId=52f3dcc7-e7bb-4419-b8a9-9cfb2a6f8b9e
2025-07-01 21:18:37,632 INFO  - Fetched company for recruiterId=52f3dcc7-e7bb-4419-b8a9-9cfb2a6f8b9e
2025-07-01 21:18:37,641 INFO  - Fetched company for recruiterId=52f3dcc7-e7bb-4419-b8a9-9cfb2a6f8b9e
2025-07-01 21:19:00,561 INFO  - Fetched all skills.
2025-07-01 21:19:01,272 INFO  - Fetched all company names.
2025-07-01 21:19:01,411 INFO  - Fetched company for recruiterId=3dc93452-07a2-4843-a650-c7faed6fc07c
2025-07-01 21:19:01,419 INFO  - Fetched company for recruiterId=52f3dcc7-e7bb-4419-b8a9-9cfb2a6f8b9e
2025-07-01 21:19:01,430 INFO  - Fetched company for recruiterId=3dc93452-07a2-4843-a650-c7faed6fc07c
2025-07-01 21:19:01,430 INFO  - Fetched company for recruiterId=52f3dcc7-e7bb-4419-b8a9-9cfb2a6f8b9e
2025-07-01 21:19:01,451 INFO  - Fetched company for recruiterId=52f3dcc7-e7bb-4419-b8a9-9cfb2a6f8b9e
2025-07-01 21:19:01,467 INFO  - Fetched company for recruiterId=52f3dcc7-e7bb-4419-b8a9-9cfb2a6f8b9e
2025-07-01 21:19:01,482 INFO  - Fetched company for recruiterId=52f3dcc7-e7bb-4419-b8a9-9cfb2a6f8b9e
2025-07-01 21:19:01,495 INFO  - Fetched company for recruiterId=52f3dcc7-e7bb-4419-b8a9-9cfb2a6f8b9e
2025-07-01 21:19:01,513 INFO  - Fetched company for recruiterId=52f3dcc7-e7bb-4419-b8a9-9cfb2a6f8b9e
2025-07-01 21:19:01,534 INFO  - Fetched company for recruiterId=52f3dcc7-e7bb-4419-b8a9-9cfb2a6f8b9e
2025-07-01 21:19:18,096 INFO  - Fetched all company names.
2025-07-01 21:19:18,165 INFO  - Fetched company for recruiterId=3dc93452-07a2-4843-a650-c7faed6fc07c
2025-07-01 21:19:18,171 INFO  - Fetched company for recruiterId=52f3dcc7-e7bb-4419-b8a9-9cfb2a6f8b9e
2025-07-01 21:19:18,178 INFO  - Fetched company for recruiterId=3dc93452-07a2-4843-a650-c7faed6fc07c
2025-07-01 21:19:18,183 INFO  - Fetched company for recruiterId=52f3dcc7-e7bb-4419-b8a9-9cfb2a6f8b9e
2025-07-01 21:19:18,197 INFO  - Fetched company for recruiterId=52f3dcc7-e7bb-4419-b8a9-9cfb2a6f8b9e
2025-07-01 21:19:18,209 INFO  - Fetched company for recruiterId=52f3dcc7-e7bb-4419-b8a9-9cfb2a6f8b9e
2025-07-01 21:19:18,224 INFO  - Fetched company for recruiterId=52f3dcc7-e7bb-4419-b8a9-9cfb2a6f8b9e
2025-07-01 21:19:18,240 INFO  - Fetched company for recruiterId=52f3dcc7-e7bb-4419-b8a9-9cfb2a6f8b9e
2025-07-01 21:19:18,252 INFO  - Fetched company for recruiterId=52f3dcc7-e7bb-4419-b8a9-9cfb2a6f8b9e
2025-07-01 21:19:18,265 INFO  - Fetched company for recruiterId=52f3dcc7-e7bb-4419-b8a9-9cfb2a6f8b9e
2025-07-01 21:19:18,445 INFO  - Fetched all skills.
2025-07-01 21:19:38,108 INFO  - Fetched all company names.
2025-07-01 21:19:38,307 INFO  - Fetched company for recruiterId=3dc93452-07a2-4843-a650-c7faed6fc07c
2025-07-01 21:19:38,327 INFO  - Fetched company for recruiterId=3dc93452-07a2-4843-a650-c7faed6fc07c
2025-07-01 21:19:38,330 INFO  - Fetched company for recruiterId=52f3dcc7-e7bb-4419-b8a9-9cfb2a6f8b9e
2025-07-01 21:19:38,344 INFO  - Fetched company for recruiterId=52f3dcc7-e7bb-4419-b8a9-9cfb2a6f8b9e
2025-07-01 21:19:38,360 INFO  - Fetched company for recruiterId=52f3dcc7-e7bb-4419-b8a9-9cfb2a6f8b9e
2025-07-01 21:19:38,371 INFO  - Fetched company for recruiterId=52f3dcc7-e7bb-4419-b8a9-9cfb2a6f8b9e
2025-07-01 21:19:38,380 INFO  - Fetched company for recruiterId=52f3dcc7-e7bb-4419-b8a9-9cfb2a6f8b9e
2025-07-01 21:19:38,395 INFO  - Fetched company for recruiterId=52f3dcc7-e7bb-4419-b8a9-9cfb2a6f8b9e
2025-07-01 21:19:38,406 INFO  - Fetched company for recruiterId=52f3dcc7-e7bb-4419-b8a9-9cfb2a6f8b9e
2025-07-01 21:19:38,416 INFO  - Fetched company for recruiterId=52f3dcc7-e7bb-4419-b8a9-9cfb2a6f8b9e
2025-07-01 21:19:38,471 INFO  - Fetched all skills.
2025-07-01 21:20:24,168 INFO  - Fetched all company names.
2025-07-01 21:20:24,251 INFO  - Fetched company for recruiterId=52f3dcc7-e7bb-4419-b8a9-9cfb2a6f8b9e
2025-07-01 21:20:24,252 INFO  - Fetched company for recruiterId=3dc93452-07a2-4843-a650-c7faed6fc07c
2025-07-01 21:20:24,263 INFO  - Fetched company for recruiterId=52f3dcc7-e7bb-4419-b8a9-9cfb2a6f8b9e
2025-07-01 21:20:24,264 INFO  - Fetched company for recruiterId=3dc93452-07a2-4843-a650-c7faed6fc07c
2025-07-01 21:20:24,276 INFO  - Fetched company for recruiterId=52f3dcc7-e7bb-4419-b8a9-9cfb2a6f8b9e
2025-07-01 21:20:24,291 INFO  - Fetched company for recruiterId=52f3dcc7-e7bb-4419-b8a9-9cfb2a6f8b9e
2025-07-01 21:20:24,300 INFO  - Fetched company for recruiterId=52f3dcc7-e7bb-4419-b8a9-9cfb2a6f8b9e
2025-07-01 21:20:24,311 INFO  - Fetched company for recruiterId=52f3dcc7-e7bb-4419-b8a9-9cfb2a6f8b9e
2025-07-01 21:20:24,327 INFO  - Fetched company for recruiterId=52f3dcc7-e7bb-4419-b8a9-9cfb2a6f8b9e
2025-07-01 21:20:24,350 INFO  - Fetched company for recruiterId=52f3dcc7-e7bb-4419-b8a9-9cfb2a6f8b9e
2025-07-01 21:20:24,562 INFO  - Fetched all skills.
2025-07-01 21:20:37,583 INFO  - Fetched all skills.
2025-07-01 21:20:38,118 INFO  - Fetched all company names.
2025-07-01 21:20:38,174 INFO  - Fetched company for recruiterId=3dc93452-07a2-4843-a650-c7faed6fc07c
2025-07-01 21:20:38,179 INFO  - Fetched company for recruiterId=52f3dcc7-e7bb-4419-b8a9-9cfb2a6f8b9e
2025-07-01 21:20:38,195 INFO  - Fetched company for recruiterId=3dc93452-07a2-4843-a650-c7faed6fc07c
2025-07-01 21:20:38,196 INFO  - Fetched company for recruiterId=52f3dcc7-e7bb-4419-b8a9-9cfb2a6f8b9e
2025-07-01 21:20:38,209 INFO  - Fetched company for recruiterId=52f3dcc7-e7bb-4419-b8a9-9cfb2a6f8b9e
2025-07-01 21:20:38,217 INFO  - Fetched company for recruiterId=52f3dcc7-e7bb-4419-b8a9-9cfb2a6f8b9e
2025-07-01 21:20:38,226 INFO  - Fetched company for recruiterId=52f3dcc7-e7bb-4419-b8a9-9cfb2a6f8b9e
2025-07-01 21:20:38,246 INFO  - Fetched company for recruiterId=52f3dcc7-e7bb-4419-b8a9-9cfb2a6f8b9e
2025-07-01 21:20:38,253 INFO  - Fetched company for recruiterId=52f3dcc7-e7bb-4419-b8a9-9cfb2a6f8b9e
2025-07-01 21:20:38,264 INFO  - Fetched company for recruiterId=52f3dcc7-e7bb-4419-b8a9-9cfb2a6f8b9e
2025-07-01 21:20:47,663 INFO  - Fetched all skills.
2025-07-01 21:20:51,199 INFO  - Fetched all skills.
2025-07-01 21:22:06,091 INFO  - JobPost added by recruiter: 585999a5-de05-4b90-bbe4-5cc916da48a2, Job Title: Angular Developer
2025-07-01 21:22:06,147 INFO  - Fetched company for recruiterId=585999a5-de05-4b90-bbe4-5cc916da48a2
2025-07-01 21:22:06,154 INFO  - Fetched company for recruiterId=585999a5-de05-4b90-bbe4-5cc916da48a2
2025-07-01 21:22:06,161 INFO  - Fetched company for recruiterId=585999a5-de05-4b90-bbe4-5cc916da48a2
2025-07-01 21:22:06,166 INFO  - Fetched company for recruiterId=585999a5-de05-4b90-bbe4-5cc916da48a2
2025-07-01 21:22:12,264 INFO  - Fetched all company names.
2025-07-01 21:22:12,286 INFO  - Fetched company for recruiterId=585999a5-de05-4b90-bbe4-5cc916da48a2
2025-07-01 21:22:12,287 INFO  - Fetched company for recruiterId=52f3dcc7-e7bb-4419-b8a9-9cfb2a6f8b9e
2025-07-01 21:22:12,289 INFO  - Fetched company for recruiterId=3dc93452-07a2-4843-a650-c7faed6fc07c
2025-07-01 21:22:12,299 INFO  - Fetched company for recruiterId=52f3dcc7-e7bb-4419-b8a9-9cfb2a6f8b9e
2025-07-01 21:22:12,299 INFO  - Fetched company for recruiterId=3dc93452-07a2-4843-a650-c7faed6fc07c
2025-07-01 21:22:12,305 INFO  - Fetched company for recruiterId=52f3dcc7-e7bb-4419-b8a9-9cfb2a6f8b9e
2025-07-01 21:22:12,313 INFO  - Fetched company for recruiterId=52f3dcc7-e7bb-4419-b8a9-9cfb2a6f8b9e
2025-07-01 21:22:12,322 INFO  - Fetched company for recruiterId=52f3dcc7-e7bb-4419-b8a9-9cfb2a6f8b9e
2025-07-01 21:22:12,330 INFO  - Fetched company for recruiterId=52f3dcc7-e7bb-4419-b8a9-9cfb2a6f8b9e
2025-07-01 21:22:12,341 INFO  - Fetched company for recruiterId=52f3dcc7-e7bb-4419-b8a9-9cfb2a6f8b9e
2025-07-01 21:22:17,949 INFO  - Fetched all skills.
2025-07-01 21:24:33,066 INFO  - User logged in: mano@gmail.com
2025-07-01 21:25:14,966 INFO  - JobPost added by recruiter: 585999a5-de05-4b90-bbe4-5cc916da48a2, Job Title: Full Stack JavaScript Developer
2025-07-01 21:25:15,016 INFO  - Fetched company for recruiterId=585999a5-de05-4b90-bbe4-5cc916da48a2
2025-07-01 21:25:15,027 INFO  - Fetched company for recruiterId=585999a5-de05-4b90-bbe4-5cc916da48a2
2025-07-01 21:25:15,039 INFO  - Fetched company for recruiterId=585999a5-de05-4b90-bbe4-5cc916da48a2
2025-07-01 21:25:26,926 INFO  - Fetched all company names.
2025-07-01 21:25:26,946 INFO  - Fetched company for recruiterId=585999a5-de05-4b90-bbe4-5cc916da48a2
2025-07-01 21:25:26,953 INFO  - Fetched company for recruiterId=3dc93452-07a2-4843-a650-c7faed6fc07c
2025-07-01 21:25:26,953 INFO  - Fetched company for recruiterId=585999a5-de05-4b90-bbe4-5cc916da48a2
2025-07-01 21:25:26,964 INFO  - Fetched company for recruiterId=52f3dcc7-e7bb-4419-b8a9-9cfb2a6f8b9e
2025-07-01 21:25:26,964 INFO  - Fetched company for recruiterId=3dc93452-07a2-4843-a650-c7faed6fc07c
2025-07-01 21:25:26,974 INFO  - Fetched company for recruiterId=52f3dcc7-e7bb-4419-b8a9-9cfb2a6f8b9e
2025-07-01 21:25:26,985 INFO  - Fetched company for recruiterId=52f3dcc7-e7bb-4419-b8a9-9cfb2a6f8b9e
2025-07-01 21:25:26,994 INFO  - Fetched company for recruiterId=52f3dcc7-e7bb-4419-b8a9-9cfb2a6f8b9e
2025-07-01 21:25:27,002 INFO  - Fetched company for recruiterId=52f3dcc7-e7bb-4419-b8a9-9cfb2a6f8b9e
2025-07-01 21:25:27,010 INFO  - Fetched company for recruiterId=52f3dcc7-e7bb-4419-b8a9-9cfb2a6f8b9e
2025-07-01 21:26:46,837 INFO  - JobPost added by recruiter: 585999a5-de05-4b90-bbe4-5cc916da48a2, Job Title: Full Stack JavaScript Developer
2025-07-01 21:26:46,962 INFO  - Fetched company for recruiterId=585999a5-de05-4b90-bbe4-5cc916da48a2
2025-07-01 21:26:46,973 INFO  - Fetched company for recruiterId=585999a5-de05-4b90-bbe4-5cc916da48a2
2025-07-01 21:27:46,803 INFO  - Fetched all company names.
2025-07-01 21:27:46,829 INFO  - Fetched company for recruiterId=585999a5-de05-4b90-bbe4-5cc916da48a2
2025-07-01 21:27:46,834 INFO  - Fetched company for recruiterId=3dc93452-07a2-4843-a650-c7faed6fc07c
2025-07-01 21:27:46,839 INFO  - Fetched company for recruiterId=585999a5-de05-4b90-bbe4-5cc916da48a2
2025-07-01 21:27:46,843 INFO  - Fetched company for recruiterId=3dc93452-07a2-4843-a650-c7faed6fc07c
2025-07-01 21:27:46,847 INFO  - Fetched company for recruiterId=585999a5-de05-4b90-bbe4-5cc916da48a2
2025-07-01 21:27:46,857 INFO  - Fetched company for recruiterId=52f3dcc7-e7bb-4419-b8a9-9cfb2a6f8b9e
2025-07-01 21:27:46,872 INFO  - Fetched company for recruiterId=52f3dcc7-e7bb-4419-b8a9-9cfb2a6f8b9e
2025-07-01 21:27:46,884 INFO  - Fetched company for recruiterId=52f3dcc7-e7bb-4419-b8a9-9cfb2a6f8b9e
2025-07-01 21:27:46,892 INFO  - Fetched company for recruiterId=52f3dcc7-e7bb-4419-b8a9-9cfb2a6f8b9e
2025-07-01 21:27:46,903 INFO  - Fetched company for recruiterId=52f3dcc7-e7bb-4419-b8a9-9cfb2a6f8b9e
2025-07-01 21:27:48,075 INFO  - Fetched all company names.
2025-07-01 21:27:48,094 INFO  - Fetched company for recruiterId=585999a5-de05-4b90-bbe4-5cc916da48a2
2025-07-01 21:27:48,096 INFO  - Fetched company for recruiterId=3dc93452-07a2-4843-a650-c7faed6fc07c
2025-07-01 21:27:48,098 INFO  - Fetched company for recruiterId=52f3dcc7-e7bb-4419-b8a9-9cfb2a6f8b9e
2025-07-01 21:27:48,104 INFO  - Fetched company for recruiterId=585999a5-de05-4b90-bbe4-5cc916da48a2
2025-07-01 21:27:48,107 INFO  - Fetched company for recruiterId=3dc93452-07a2-4843-a650-c7faed6fc07c
2025-07-01 21:27:48,110 INFO  - Fetched company for recruiterId=52f3dcc7-e7bb-4419-b8a9-9cfb2a6f8b9e
2025-07-01 21:27:48,117 INFO  - Fetched company for recruiterId=585999a5-de05-4b90-bbe4-5cc916da48a2
2025-07-01 21:27:48,119 INFO  - Fetched company for recruiterId=52f3dcc7-e7bb-4419-b8a9-9cfb2a6f8b9e
2025-07-01 21:27:48,129 INFO  - Fetched company for recruiterId=52f3dcc7-e7bb-4419-b8a9-9cfb2a6f8b9e
2025-07-01 21:27:48,140 INFO  - Fetched company for recruiterId=52f3dcc7-e7bb-4419-b8a9-9cfb2a6f8b9e
2025-07-01 21:27:48,610 INFO  - Fetched company for recruiterId=585999a5-de05-4b90-bbe4-5cc916da48a2
2025-07-01 21:27:48,612 INFO  - Fetched company for recruiterId=3dc93452-07a2-4843-a650-c7faed6fc07c
2025-07-01 21:27:48,612 INFO  - Fetched company for recruiterId=52f3dcc7-e7bb-4419-b8a9-9cfb2a6f8b9e
2025-07-01 21:27:48,617 INFO  - Fetched company for recruiterId=585999a5-de05-4b90-bbe4-5cc916da48a2
2025-07-01 21:27:48,619 INFO  - Fetched company for recruiterId=52f3dcc7-e7bb-4419-b8a9-9cfb2a6f8b9e
2025-07-01 21:27:48,625 INFO  - Fetched company for recruiterId=585999a5-de05-4b90-bbe4-5cc916da48a2
2025-07-01 21:27:48,627 INFO  - Fetched company for recruiterId=52f3dcc7-e7bb-4419-b8a9-9cfb2a6f8b9e
2025-07-01 21:27:48,634 INFO  - Fetched company for recruiterId=52f3dcc7-e7bb-4419-b8a9-9cfb2a6f8b9e
2025-07-01 21:27:48,643 INFO  - Fetched company for recruiterId=52f3dcc7-e7bb-4419-b8a9-9cfb2a6f8b9e
2025-07-01 21:27:48,654 INFO  - Fetched company for recruiterId=52f3dcc7-e7bb-4419-b8a9-9cfb2a6f8b9e
2025-07-01 21:27:54,598 INFO  - Fetched all company names.
2025-07-01 21:27:54,619 INFO  - Fetched company for recruiterId=585999a5-de05-4b90-bbe4-5cc916da48a2
2025-07-01 21:27:54,621 INFO  - Fetched company for recruiterId=3dc93452-07a2-4843-a650-c7faed6fc07c
2025-07-01 21:27:54,621 INFO  - Fetched company for recruiterId=52f3dcc7-e7bb-4419-b8a9-9cfb2a6f8b9e
2025-07-01 21:27:54,629 INFO  - Fetched company for recruiterId=585999a5-de05-4b90-bbe4-5cc916da48a2
2025-07-01 21:27:54,631 INFO  - Fetched company for recruiterId=3dc93452-07a2-4843-a650-c7faed6fc07c
2025-07-01 21:27:54,631 INFO  - Fetched company for recruiterId=52f3dcc7-e7bb-4419-b8a9-9cfb2a6f8b9e
2025-07-01 21:27:54,639 INFO  - Fetched company for recruiterId=585999a5-de05-4b90-bbe4-5cc916da48a2
2025-07-01 21:27:54,641 INFO  - Fetched company for recruiterId=52f3dcc7-e7bb-4419-b8a9-9cfb2a6f8b9e
2025-07-01 21:27:54,653 INFO  - Fetched company for recruiterId=52f3dcc7-e7bb-4419-b8a9-9cfb2a6f8b9e
2025-07-01 21:27:54,666 INFO  - Fetched company for recruiterId=52f3dcc7-e7bb-4419-b8a9-9cfb2a6f8b9e
2025-07-01 21:27:57,371 INFO  - Fetched company for recruiterId=585999a5-de05-4b90-bbe4-5cc916da48a2
2025-07-01 21:27:57,378 INFO  - Fetched company for recruiterId=585999a5-de05-4b90-bbe4-5cc916da48a2
2025-07-01 21:27:57,387 INFO  - Fetched company for recruiterId=585999a5-de05-4b90-bbe4-5cc916da48a2
2025-07-01 21:28:04,145 INFO  - Fetched company for recruiterId=585999a5-de05-4b90-bbe4-5cc916da48a2
2025-07-01 21:28:04,150 INFO  - Fetched company for recruiterId=585999a5-de05-4b90-bbe4-5cc916da48a2
2025-07-01 21:28:04,156 INFO  - Fetched company for recruiterId=585999a5-de05-4b90-bbe4-5cc916da48a2
2025-07-01 21:28:09,934 INFO  - Fetched all company names.
2025-07-01 21:28:09,971 INFO  - Fetched company for recruiterId=585999a5-de05-4b90-bbe4-5cc916da48a2
2025-07-01 21:28:09,973 INFO  - Fetched company for recruiterId=3dc93452-07a2-4843-a650-c7faed6fc07c
2025-07-01 21:28:09,977 INFO  - Fetched company for recruiterId=52f3dcc7-e7bb-4419-b8a9-9cfb2a6f8b9e
2025-07-01 21:28:09,985 INFO  - Fetched company for recruiterId=585999a5-de05-4b90-bbe4-5cc916da48a2
2025-07-01 21:28:09,990 INFO  - Fetched company for recruiterId=52f3dcc7-e7bb-4419-b8a9-9cfb2a6f8b9e
2025-07-01 21:28:09,995 INFO  - Fetched company for recruiterId=3dc93452-07a2-4843-a650-c7faed6fc07c
2025-07-01 21:28:10,004 INFO  - Fetched company for recruiterId=585999a5-de05-4b90-bbe4-5cc916da48a2
2025-07-01 21:28:10,005 INFO  - Fetched company for recruiterId=52f3dcc7-e7bb-4419-b8a9-9cfb2a6f8b9e
2025-07-01 21:28:10,016 INFO  - Fetched company for recruiterId=52f3dcc7-e7bb-4419-b8a9-9cfb2a6f8b9e
2025-07-01 21:28:10,027 INFO  - Fetched company for recruiterId=52f3dcc7-e7bb-4419-b8a9-9cfb2a6f8b9e
2025-07-01 21:29:10,097 INFO  - Fetched all company names.
2025-07-01 21:29:10,221 INFO  - Fetched company for recruiterId=3dc93452-07a2-4843-a650-c7faed6fc07c
2025-07-01 21:29:10,231 INFO  - Fetched company for recruiterId=585999a5-de05-4b90-bbe4-5cc916da48a2
2025-07-01 21:29:10,235 INFO  - Fetched company for recruiterId=52f3dcc7-e7bb-4419-b8a9-9cfb2a6f8b9e
2025-07-01 21:29:10,244 INFO  - Fetched company for recruiterId=3dc93452-07a2-4843-a650-c7faed6fc07c
2025-07-01 21:29:10,253 INFO  - Fetched company for recruiterId=585999a5-de05-4b90-bbe4-5cc916da48a2
2025-07-01 21:29:10,254 INFO  - Fetched company for recruiterId=52f3dcc7-e7bb-4419-b8a9-9cfb2a6f8b9e
2025-07-01 21:29:10,267 INFO  - Fetched company for recruiterId=585999a5-de05-4b90-bbe4-5cc916da48a2
2025-07-01 21:29:10,267 INFO  - Fetched company for recruiterId=52f3dcc7-e7bb-4419-b8a9-9cfb2a6f8b9e
2025-07-01 21:29:10,284 INFO  - Fetched company for recruiterId=52f3dcc7-e7bb-4419-b8a9-9cfb2a6f8b9e
2025-07-01 21:29:10,300 INFO  - Fetched company for recruiterId=52f3dcc7-e7bb-4419-b8a9-9cfb2a6f8b9e
2025-07-01 21:29:10,491 INFO  - Fetched all skills.
2025-07-01 21:29:10,518 INFO  - Fetched all company names.
2025-07-01 21:29:10,624 INFO  - Fetched company for recruiterId=3dc93452-07a2-4843-a650-c7faed6fc07c
2025-07-01 21:29:10,624 INFO  - Fetched company for recruiterId=585999a5-de05-4b90-bbe4-5cc916da48a2
2025-07-01 21:29:10,625 INFO  - Fetched company for recruiterId=52f3dcc7-e7bb-4419-b8a9-9cfb2a6f8b9e
2025-07-01 21:29:10,647 INFO  - Fetched company for recruiterId=3dc93452-07a2-4843-a650-c7faed6fc07c
2025-07-01 21:29:10,648 INFO  - Fetched company for recruiterId=585999a5-de05-4b90-bbe4-5cc916da48a2
2025-07-01 21:29:10,655 INFO  - Fetched company for recruiterId=52f3dcc7-e7bb-4419-b8a9-9cfb2a6f8b9e
2025-07-01 21:29:10,663 INFO  - Fetched company for recruiterId=585999a5-de05-4b90-bbe4-5cc916da48a2
2025-07-01 21:29:10,669 INFO  - Fetched company for recruiterId=52f3dcc7-e7bb-4419-b8a9-9cfb2a6f8b9e
2025-07-01 21:29:10,684 INFO  - Fetched company for recruiterId=52f3dcc7-e7bb-4419-b8a9-9cfb2a6f8b9e
2025-07-01 21:29:10,694 INFO  - Fetched company for recruiterId=52f3dcc7-e7bb-4419-b8a9-9cfb2a6f8b9e
2025-07-01 21:29:20,450 INFO  - Fetched all company names.
2025-07-01 21:29:20,500 INFO  - Fetched all company names.
2025-07-01 21:29:20,571 INFO  - Fetched company for recruiterId=52f3dcc7-e7bb-4419-b8a9-9cfb2a6f8b9e
2025-07-01 21:29:20,574 INFO  - Fetched company for recruiterId=585999a5-de05-4b90-bbe4-5cc916da48a2
2025-07-01 21:29:20,575 INFO  - Fetched company for recruiterId=3dc93452-07a2-4843-a650-c7faed6fc07c
2025-07-01 21:29:20,586 INFO  - Fetched company for recruiterId=52f3dcc7-e7bb-4419-b8a9-9cfb2a6f8b9e
2025-07-01 21:29:20,588 INFO  - Fetched company for recruiterId=3dc93452-07a2-4843-a650-c7faed6fc07c
2025-07-01 21:29:20,591 INFO  - Fetched company for recruiterId=585999a5-de05-4b90-bbe4-5cc916da48a2
2025-07-01 21:29:20,605 INFO  - Fetched company for recruiterId=585999a5-de05-4b90-bbe4-5cc916da48a2
2025-07-01 21:29:20,610 INFO  - Fetched company for recruiterId=52f3dcc7-e7bb-4419-b8a9-9cfb2a6f8b9e
2025-07-01 21:29:20,640 INFO  - Fetched company for recruiterId=52f3dcc7-e7bb-4419-b8a9-9cfb2a6f8b9e
2025-07-01 21:29:20,690 INFO  - Fetched company for recruiterId=52f3dcc7-e7bb-4419-b8a9-9cfb2a6f8b9e
2025-07-01 21:29:20,912 INFO  - Fetched company for recruiterId=585999a5-de05-4b90-bbe4-5cc916da48a2
2025-07-01 21:29:20,917 INFO  - Fetched company for recruiterId=52f3dcc7-e7bb-4419-b8a9-9cfb2a6f8b9e
2025-07-01 21:29:20,918 INFO  - Fetched company for recruiterId=3dc93452-07a2-4843-a650-c7faed6fc07c
2025-07-01 21:29:20,954 INFO  - Fetched company for recruiterId=585999a5-de05-4b90-bbe4-5cc916da48a2
2025-07-01 21:29:20,954 INFO  - Fetched company for recruiterId=3dc93452-07a2-4843-a650-c7faed6fc07c
2025-07-01 21:29:20,954 INFO  - Fetched company for recruiterId=52f3dcc7-e7bb-4419-b8a9-9cfb2a6f8b9e
2025-07-01 21:29:20,974 INFO  - Fetched company for recruiterId=52f3dcc7-e7bb-4419-b8a9-9cfb2a6f8b9e
2025-07-01 21:29:20,975 INFO  - Fetched company for recruiterId=585999a5-de05-4b90-bbe4-5cc916da48a2
2025-07-01 21:29:20,994 INFO  - Fetched company for recruiterId=52f3dcc7-e7bb-4419-b8a9-9cfb2a6f8b9e
2025-07-01 21:29:21,014 INFO  - Fetched company for recruiterId=52f3dcc7-e7bb-4419-b8a9-9cfb2a6f8b9e
2025-07-01 21:29:21,054 INFO  - Fetched all skills.
2025-07-01 21:29:22,527 INFO  - Fetched all skills.
2025-07-01 21:29:23,061 INFO  - Fetched all company names.
2025-07-01 21:29:23,073 INFO  - Fetched all company names.
2025-07-01 21:29:23,100 INFO  - Fetched company for recruiterId=585999a5-de05-4b90-bbe4-5cc916da48a2
2025-07-01 21:29:23,103 INFO  - Fetched company for recruiterId=52f3dcc7-e7bb-4419-b8a9-9cfb2a6f8b9e
2025-07-01 21:29:23,105 INFO  - Fetched company for recruiterId=3dc93452-07a2-4843-a650-c7faed6fc07c
2025-07-01 21:29:23,117 INFO  - Fetched company for recruiterId=52f3dcc7-e7bb-4419-b8a9-9cfb2a6f8b9e
2025-07-01 21:29:23,117 INFO  - Fetched company for recruiterId=585999a5-de05-4b90-bbe4-5cc916da48a2
2025-07-01 21:29:23,131 INFO  - Fetched company for recruiterId=3dc93452-07a2-4843-a650-c7faed6fc07c
2025-07-01 21:29:23,143 INFO  - Fetched company for recruiterId=585999a5-de05-4b90-bbe4-5cc916da48a2
2025-07-01 21:29:23,144 INFO  - Fetched company for recruiterId=52f3dcc7-e7bb-4419-b8a9-9cfb2a6f8b9e
2025-07-01 21:29:23,158 INFO  - Fetched company for recruiterId=3dc93452-07a2-4843-a650-c7faed6fc07c
2025-07-01 21:29:23,167 INFO  - Fetched company for recruiterId=52f3dcc7-e7bb-4419-b8a9-9cfb2a6f8b9e
2025-07-01 21:29:23,169 INFO  - Fetched company for recruiterId=585999a5-de05-4b90-bbe4-5cc916da48a2
2025-07-01 21:29:23,172 INFO  - Fetched company for recruiterId=3dc93452-07a2-4843-a650-c7faed6fc07c
2025-07-01 21:29:23,179 INFO  - Fetched company for recruiterId=585999a5-de05-4b90-bbe4-5cc916da48a2
2025-07-01 21:29:23,183 INFO  - Fetched company for recruiterId=52f3dcc7-e7bb-4419-b8a9-9cfb2a6f8b9e
2025-07-01 21:29:23,196 INFO  - Fetched company for recruiterId=585999a5-de05-4b90-bbe4-5cc916da48a2
2025-07-01 21:29:23,201 INFO  - Fetched company for recruiterId=52f3dcc7-e7bb-4419-b8a9-9cfb2a6f8b9e
2025-07-01 21:29:23,208 INFO  - Fetched company for recruiterId=52f3dcc7-e7bb-4419-b8a9-9cfb2a6f8b9e
2025-07-01 21:29:23,214 INFO  - Fetched company for recruiterId=52f3dcc7-e7bb-4419-b8a9-9cfb2a6f8b9e
2025-07-01 21:29:23,226 INFO  - Fetched company for recruiterId=52f3dcc7-e7bb-4419-b8a9-9cfb2a6f8b9e
2025-07-01 21:29:23,231 INFO  - Fetched company for recruiterId=52f3dcc7-e7bb-4419-b8a9-9cfb2a6f8b9e
2025-07-01 21:29:26,126 INFO  - Fetched all company names.
2025-07-01 21:29:26,239 INFO  - Fetched company for recruiterId=585999a5-de05-4b90-bbe4-5cc916da48a2
2025-07-01 21:29:26,241 INFO  - Fetched company for recruiterId=3dc93452-07a2-4843-a650-c7faed6fc07c
2025-07-01 21:29:26,248 INFO  - Fetched company for recruiterId=585999a5-de05-4b90-bbe4-5cc916da48a2
2025-07-01 21:29:26,249 INFO  - Fetched company for recruiterId=52f3dcc7-e7bb-4419-b8a9-9cfb2a6f8b9e
2025-07-01 21:29:26,250 INFO  - Fetched company for recruiterId=3dc93452-07a2-4843-a650-c7faed6fc07c
2025-07-01 21:29:26,263 INFO  - Fetched company for recruiterId=52f3dcc7-e7bb-4419-b8a9-9cfb2a6f8b9e
2025-07-01 21:29:26,264 INFO  - Fetched company for recruiterId=585999a5-de05-4b90-bbe4-5cc916da48a2
2025-07-01 21:29:26,266 INFO  - Fetched all company names.
2025-07-01 21:29:26,277 INFO  - Fetched company for recruiterId=52f3dcc7-e7bb-4419-b8a9-9cfb2a6f8b9e
2025-07-01 21:29:26,293 INFO  - Fetched company for recruiterId=52f3dcc7-e7bb-4419-b8a9-9cfb2a6f8b9e
2025-07-01 21:29:26,310 INFO  - Fetched company for recruiterId=52f3dcc7-e7bb-4419-b8a9-9cfb2a6f8b9e
2025-07-01 21:29:26,364 INFO  - Fetched company for recruiterId=585999a5-de05-4b90-bbe4-5cc916da48a2
2025-07-01 21:29:26,370 INFO  - Fetched company for recruiterId=3dc93452-07a2-4843-a650-c7faed6fc07c
2025-07-01 21:29:26,376 INFO  - Fetched company for recruiterId=585999a5-de05-4b90-bbe4-5cc916da48a2
2025-07-01 21:29:26,393 INFO  - Fetched company for recruiterId=585999a5-de05-4b90-bbe4-5cc916da48a2
2025-07-01 21:29:26,402 INFO  - Fetched company for recruiterId=3dc93452-07a2-4843-a650-c7faed6fc07c
2025-07-01 21:29:26,405 INFO  - Fetched company for recruiterId=52f3dcc7-e7bb-4419-b8a9-9cfb2a6f8b9e
2025-07-01 21:29:26,427 INFO  - Fetched company for recruiterId=52f3dcc7-e7bb-4419-b8a9-9cfb2a6f8b9e
2025-07-01 21:29:26,447 INFO  - Fetched company for recruiterId=52f3dcc7-e7bb-4419-b8a9-9cfb2a6f8b9e
2025-07-01 21:29:26,472 INFO  - Fetched company for recruiterId=52f3dcc7-e7bb-4419-b8a9-9cfb2a6f8b9e
2025-07-01 21:29:26,528 INFO  - Fetched company for recruiterId=52f3dcc7-e7bb-4419-b8a9-9cfb2a6f8b9e
2025-07-01 21:29:26,586 INFO  - Fetched all skills.
2025-07-01 21:29:35,905 INFO  - Fetched all skills.
2025-07-01 21:29:36,392 INFO  - Fetched all company names.
2025-07-01 21:29:36,402 INFO  - Fetched company for recruiterId=585999a5-de05-4b90-bbe4-5cc916da48a2
2025-07-01 21:29:36,403 INFO  - Fetched company for recruiterId=3dc93452-07a2-4843-a650-c7faed6fc07c
2025-07-01 21:29:36,443 INFO  - Fetched all company names.
2025-07-01 21:29:36,449 INFO  - Fetched company for recruiterId=3dc93452-07a2-4843-a650-c7faed6fc07c
2025-07-01 21:29:36,455 INFO  - Fetched company for recruiterId=585999a5-de05-4b90-bbe4-5cc916da48a2
2025-07-01 21:29:36,471 INFO  - Fetched company for recruiterId=585999a5-de05-4b90-bbe4-5cc916da48a2
2025-07-01 21:29:36,475 INFO  - Fetched company for recruiterId=52f3dcc7-e7bb-4419-b8a9-9cfb2a6f8b9e
2025-07-01 21:29:36,484 INFO  - Fetched company for recruiterId=52f3dcc7-e7bb-4419-b8a9-9cfb2a6f8b9e
2025-07-01 21:29:36,506 INFO  - Fetched company for recruiterId=52f3dcc7-e7bb-4419-b8a9-9cfb2a6f8b9e
2025-07-01 21:29:36,520 INFO  - Fetched company for recruiterId=52f3dcc7-e7bb-4419-b8a9-9cfb2a6f8b9e
2025-07-01 21:29:36,529 INFO  - Fetched company for recruiterId=52f3dcc7-e7bb-4419-b8a9-9cfb2a6f8b9e
2025-07-01 21:29:36,596 INFO  - Fetched company for recruiterId=585999a5-de05-4b90-bbe4-5cc916da48a2
2025-07-01 21:29:36,614 INFO  - Fetched company for recruiterId=3dc93452-07a2-4843-a650-c7faed6fc07c
2025-07-01 21:29:36,631 INFO  - Fetched company for recruiterId=585999a5-de05-4b90-bbe4-5cc916da48a2
2025-07-01 21:29:36,631 INFO  - Fetched company for recruiterId=52f3dcc7-e7bb-4419-b8a9-9cfb2a6f8b9e
2025-07-01 21:29:36,647 INFO  - Fetched company for recruiterId=3dc93452-07a2-4843-a650-c7faed6fc07c
2025-07-01 21:29:36,654 INFO  - Fetched company for recruiterId=52f3dcc7-e7bb-4419-b8a9-9cfb2a6f8b9e
2025-07-01 21:29:36,660 INFO  - Fetched company for recruiterId=585999a5-de05-4b90-bbe4-5cc916da48a2
2025-07-01 21:29:36,668 INFO  - Fetched company for recruiterId=52f3dcc7-e7bb-4419-b8a9-9cfb2a6f8b9e
2025-07-01 21:29:36,676 INFO  - Fetched company for recruiterId=52f3dcc7-e7bb-4419-b8a9-9cfb2a6f8b9e
2025-07-01 21:29:36,701 INFO  - Fetched company for recruiterId=52f3dcc7-e7bb-4419-b8a9-9cfb2a6f8b9e
2025-07-01 21:29:37,841 INFO  - Fetched all skills.
2025-07-01 21:29:38,193 INFO  - Fetched all company names.
2025-07-01 21:29:38,220 INFO  - Fetched all company names.
2025-07-01 21:29:38,317 INFO  - Fetched company for recruiterId=585999a5-de05-4b90-bbe4-5cc916da48a2
2025-07-01 21:29:38,322 INFO  - Fetched company for recruiterId=3dc93452-07a2-4843-a650-c7faed6fc07c
2025-07-01 21:29:38,328 INFO  - Fetched company for recruiterId=52f3dcc7-e7bb-4419-b8a9-9cfb2a6f8b9e
2025-07-01 21:29:38,337 INFO  - Fetched company for recruiterId=3dc93452-07a2-4843-a650-c7faed6fc07c
2025-07-01 21:29:38,338 INFO  - Fetched company for recruiterId=585999a5-de05-4b90-bbe4-5cc916da48a2
2025-07-01 21:29:38,342 INFO  - Fetched company for recruiterId=52f3dcc7-e7bb-4419-b8a9-9cfb2a6f8b9e
2025-07-01 21:29:38,361 INFO  - Fetched company for recruiterId=3dc93452-07a2-4843-a650-c7faed6fc07c
2025-07-01 21:29:38,361 INFO  - Fetched company for recruiterId=52f3dcc7-e7bb-4419-b8a9-9cfb2a6f8b9e
2025-07-01 21:29:38,361 INFO  - Fetched company for recruiterId=585999a5-de05-4b90-bbe4-5cc916da48a2
2025-07-01 21:29:38,378 INFO  - Fetched company for recruiterId=3dc93452-07a2-4843-a650-c7faed6fc07c
2025-07-01 21:29:38,379 INFO  - Fetched company for recruiterId=585999a5-de05-4b90-bbe4-5cc916da48a2
2025-07-01 21:29:38,379 INFO  - Fetched company for recruiterId=52f3dcc7-e7bb-4419-b8a9-9cfb2a6f8b9e
2025-07-01 21:29:38,405 INFO  - Fetched company for recruiterId=585999a5-de05-4b90-bbe4-5cc916da48a2
2025-07-01 21:29:38,405 INFO  - Fetched company for recruiterId=52f3dcc7-e7bb-4419-b8a9-9cfb2a6f8b9e
2025-07-01 21:29:38,417 INFO  - Fetched company for recruiterId=52f3dcc7-e7bb-4419-b8a9-9cfb2a6f8b9e
2025-07-01 21:29:38,417 INFO  - Fetched company for recruiterId=585999a5-de05-4b90-bbe4-5cc916da48a2
2025-07-01 21:29:38,430 INFO  - Fetched company for recruiterId=52f3dcc7-e7bb-4419-b8a9-9cfb2a6f8b9e
2025-07-01 21:29:38,448 INFO  - Fetched company for recruiterId=52f3dcc7-e7bb-4419-b8a9-9cfb2a6f8b9e
2025-07-01 21:29:38,458 INFO  - Fetched company for recruiterId=52f3dcc7-e7bb-4419-b8a9-9cfb2a6f8b9e
2025-07-01 21:29:38,467 INFO  - Fetched company for recruiterId=52f3dcc7-e7bb-4419-b8a9-9cfb2a6f8b9e
2025-07-01 21:29:54,632 INFO  - Fetched all company names.
2025-07-01 21:29:54,662 INFO  - Fetched all company names.
2025-07-01 21:29:54,712 INFO  - Fetched company for recruiterId=585999a5-de05-4b90-bbe4-5cc916da48a2
2025-07-01 21:29:54,714 INFO  - Fetched company for recruiterId=52f3dcc7-e7bb-4419-b8a9-9cfb2a6f8b9e
2025-07-01 21:29:54,714 INFO  - Fetched company for recruiterId=3dc93452-07a2-4843-a650-c7faed6fc07c
2025-07-01 21:29:54,744 INFO  - Fetched company for recruiterId=585999a5-de05-4b90-bbe4-5cc916da48a2
2025-07-01 21:29:54,746 INFO  - Fetched company for recruiterId=52f3dcc7-e7bb-4419-b8a9-9cfb2a6f8b9e
2025-07-01 21:29:54,747 INFO  - Fetched company for recruiterId=3dc93452-07a2-4843-a650-c7faed6fc07c
2025-07-01 21:29:54,766 INFO  - Fetched company for recruiterId=585999a5-de05-4b90-bbe4-5cc916da48a2
2025-07-01 21:29:54,766 INFO  - Fetched company for recruiterId=52f3dcc7-e7bb-4419-b8a9-9cfb2a6f8b9e
2025-07-01 21:29:54,788 INFO  - Fetched company for recruiterId=52f3dcc7-e7bb-4419-b8a9-9cfb2a6f8b9e
2025-07-01 21:29:54,809 INFO  - Fetched company for recruiterId=52f3dcc7-e7bb-4419-b8a9-9cfb2a6f8b9e
2025-07-01 21:29:54,864 INFO  - Fetched company for recruiterId=585999a5-de05-4b90-bbe4-5cc916da48a2
2025-07-01 21:29:54,864 INFO  - Fetched company for recruiterId=3dc93452-07a2-4843-a650-c7faed6fc07c
2025-07-01 21:29:54,880 INFO  - Fetched company for recruiterId=585999a5-de05-4b90-bbe4-5cc916da48a2
2025-07-01 21:29:54,880 INFO  - Fetched company for recruiterId=3dc93452-07a2-4843-a650-c7faed6fc07c
2025-07-01 21:29:54,883 INFO  - Fetched company for recruiterId=52f3dcc7-e7bb-4419-b8a9-9cfb2a6f8b9e
2025-07-01 21:29:54,892 INFO  - Fetched company for recruiterId=585999a5-de05-4b90-bbe4-5cc916da48a2
2025-07-01 21:29:54,896 INFO  - Fetched company for recruiterId=52f3dcc7-e7bb-4419-b8a9-9cfb2a6f8b9e
2025-07-01 21:29:54,910 INFO  - Fetched company for recruiterId=52f3dcc7-e7bb-4419-b8a9-9cfb2a6f8b9e
2025-07-01 21:29:54,919 INFO  - Fetched company for recruiterId=52f3dcc7-e7bb-4419-b8a9-9cfb2a6f8b9e
2025-07-01 21:29:54,927 INFO  - Fetched company for recruiterId=52f3dcc7-e7bb-4419-b8a9-9cfb2a6f8b9e
2025-07-01 21:29:55,137 INFO  - Fetched all skills.
2025-07-01 21:29:57,315 INFO  - Fetched all skills.
2025-07-01 21:29:58,120 INFO  - Fetched all company names.
2025-07-01 21:29:58,133 INFO  - Fetched all company names.
2025-07-01 21:29:58,153 INFO  - Fetched company for recruiterId=585999a5-de05-4b90-bbe4-5cc916da48a2
2025-07-01 21:29:58,155 INFO  - Fetched company for recruiterId=3dc93452-07a2-4843-a650-c7faed6fc07c
2025-07-01 21:29:58,157 INFO  - Fetched company for recruiterId=52f3dcc7-e7bb-4419-b8a9-9cfb2a6f8b9e
2025-07-01 21:29:58,165 INFO  - Fetched company for recruiterId=585999a5-de05-4b90-bbe4-5cc916da48a2
2025-07-01 21:29:58,167 INFO  - Fetched company for recruiterId=52f3dcc7-e7bb-4419-b8a9-9cfb2a6f8b9e
2025-07-01 21:29:58,168 INFO  - Fetched company for recruiterId=3dc93452-07a2-4843-a650-c7faed6fc07c
2025-07-01 21:29:58,185 INFO  - Fetched company for recruiterId=52f3dcc7-e7bb-4419-b8a9-9cfb2a6f8b9e
2025-07-01 21:29:58,185 INFO  - Fetched company for recruiterId=585999a5-de05-4b90-bbe4-5cc916da48a2
2025-07-01 21:29:58,189 INFO  - Fetched company for recruiterId=3dc93452-07a2-4843-a650-c7faed6fc07c
2025-07-01 21:29:58,199 INFO  - Fetched company for recruiterId=585999a5-de05-4b90-bbe4-5cc916da48a2
2025-07-01 21:29:58,204 INFO  - Fetched company for recruiterId=52f3dcc7-e7bb-4419-b8a9-9cfb2a6f8b9e
2025-07-01 21:29:58,204 INFO  - Fetched company for recruiterId=3dc93452-07a2-4843-a650-c7faed6fc07c
2025-07-01 21:29:58,215 INFO  - Fetched company for recruiterId=585999a5-de05-4b90-bbe4-5cc916da48a2
2025-07-01 21:29:58,215 INFO  - Fetched company for recruiterId=52f3dcc7-e7bb-4419-b8a9-9cfb2a6f8b9e
2025-07-01 21:29:58,226 INFO  - Fetched company for recruiterId=585999a5-de05-4b90-bbe4-5cc916da48a2
2025-07-01 21:29:58,227 INFO  - Fetched company for recruiterId=52f3dcc7-e7bb-4419-b8a9-9cfb2a6f8b9e
2025-07-01 21:29:58,239 INFO  - Fetched company for recruiterId=52f3dcc7-e7bb-4419-b8a9-9cfb2a6f8b9e
2025-07-01 21:29:58,255 INFO  - Fetched company for recruiterId=52f3dcc7-e7bb-4419-b8a9-9cfb2a6f8b9e
2025-07-01 21:29:58,264 INFO  - Fetched company for recruiterId=52f3dcc7-e7bb-4419-b8a9-9cfb2a6f8b9e
2025-07-01 21:29:58,272 INFO  - Fetched company for recruiterId=52f3dcc7-e7bb-4419-b8a9-9cfb2a6f8b9e
2025-07-01 21:30:24,332 INFO  - Fetched all company names.
2025-07-01 21:30:24,342 INFO  - Fetched all company names.
2025-07-01 21:30:24,480 INFO  - Fetched company for recruiterId=3dc93452-07a2-4843-a650-c7faed6fc07c
2025-07-01 21:30:24,480 INFO  - Fetched company for recruiterId=52f3dcc7-e7bb-4419-b8a9-9cfb2a6f8b9e
2025-07-01 21:30:24,488 INFO  - Fetched company for recruiterId=585999a5-de05-4b90-bbe4-5cc916da48a2
2025-07-01 21:30:24,507 INFO  - Fetched company for recruiterId=3dc93452-07a2-4843-a650-c7faed6fc07c
2025-07-01 21:30:24,508 INFO  - Fetched company for recruiterId=585999a5-de05-4b90-bbe4-5cc916da48a2
2025-07-01 21:30:24,508 INFO  - Fetched company for recruiterId=52f3dcc7-e7bb-4419-b8a9-9cfb2a6f8b9e
2025-07-01 21:30:24,529 INFO  - Fetched company for recruiterId=585999a5-de05-4b90-bbe4-5cc916da48a2
2025-07-01 21:30:24,529 INFO  - Fetched company for recruiterId=52f3dcc7-e7bb-4419-b8a9-9cfb2a6f8b9e
2025-07-01 21:30:24,540 INFO  - Fetched company for recruiterId=52f3dcc7-e7bb-4419-b8a9-9cfb2a6f8b9e
2025-07-01 21:30:24,555 INFO  - Fetched company for recruiterId=52f3dcc7-e7bb-4419-b8a9-9cfb2a6f8b9e
2025-07-01 21:30:24,606 INFO  - Fetched company for recruiterId=585999a5-de05-4b90-bbe4-5cc916da48a2
2025-07-01 21:30:24,626 INFO  - Fetched company for recruiterId=3dc93452-07a2-4843-a650-c7faed6fc07c
2025-07-01 21:30:24,628 INFO  - Fetched company for recruiterId=52f3dcc7-e7bb-4419-b8a9-9cfb2a6f8b9e
2025-07-01 21:30:24,629 INFO  - Fetched company for recruiterId=585999a5-de05-4b90-bbe4-5cc916da48a2
2025-07-01 21:30:24,738 INFO  - Fetched company for recruiterId=585999a5-de05-4b90-bbe4-5cc916da48a2
2025-07-01 21:30:24,740 INFO  - Fetched company for recruiterId=3dc93452-07a2-4843-a650-c7faed6fc07c
2025-07-01 21:30:24,752 INFO  - Fetched company for recruiterId=52f3dcc7-e7bb-4419-b8a9-9cfb2a6f8b9e
2025-07-01 21:30:24,778 INFO  - Fetched company for recruiterId=52f3dcc7-e7bb-4419-b8a9-9cfb2a6f8b9e
2025-07-01 21:30:24,790 INFO  - Fetched company for recruiterId=52f3dcc7-e7bb-4419-b8a9-9cfb2a6f8b9e
2025-07-01 21:30:24,829 INFO  - Fetched company for recruiterId=52f3dcc7-e7bb-4419-b8a9-9cfb2a6f8b9e
2025-07-01 21:30:24,876 INFO  - Fetched all skills.
2025-07-01 21:30:32,929 INFO  - Fetched all company names.
2025-07-01 21:30:32,939 INFO  - Fetched all company names.
2025-07-01 21:30:32,982 INFO  - Fetched company for recruiterId=585999a5-de05-4b90-bbe4-5cc916da48a2
2025-07-01 21:30:32,982 INFO  - Fetched company for recruiterId=3dc93452-07a2-4843-a650-c7faed6fc07c
2025-07-01 21:30:32,983 INFO  - Fetched company for recruiterId=52f3dcc7-e7bb-4419-b8a9-9cfb2a6f8b9e
2025-07-01 21:30:32,992 INFO  - Fetched company for recruiterId=585999a5-de05-4b90-bbe4-5cc916da48a2
2025-07-01 21:30:32,994 INFO  - Fetched company for recruiterId=3dc93452-07a2-4843-a650-c7faed6fc07c
2025-07-01 21:30:32,997 INFO  - Fetched company for recruiterId=52f3dcc7-e7bb-4419-b8a9-9cfb2a6f8b9e
2025-07-01 21:30:33,002 INFO  - Fetched company for recruiterId=585999a5-de05-4b90-bbe4-5cc916da48a2
2025-07-01 21:30:33,027 INFO  - Fetched company for recruiterId=52f3dcc7-e7bb-4419-b8a9-9cfb2a6f8b9e
2025-07-01 21:30:33,033 INFO  - Fetched company for recruiterId=585999a5-de05-4b90-bbe4-5cc916da48a2
2025-07-01 21:30:33,033 INFO  - Fetched company for recruiterId=3dc93452-07a2-4843-a650-c7faed6fc07c
2025-07-01 21:30:33,043 INFO  - Fetched company for recruiterId=52f3dcc7-e7bb-4419-b8a9-9cfb2a6f8b9e
2025-07-01 21:30:33,043 INFO  - Fetched company for recruiterId=585999a5-de05-4b90-bbe4-5cc916da48a2
2025-07-01 21:30:33,047 INFO  - Fetched company for recruiterId=3dc93452-07a2-4843-a650-c7faed6fc07c
2025-07-01 21:30:33,079 INFO  - Fetched company for recruiterId=52f3dcc7-e7bb-4419-b8a9-9cfb2a6f8b9e
2025-07-01 21:30:33,079 INFO  - Fetched company for recruiterId=585999a5-de05-4b90-bbe4-5cc916da48a2
2025-07-01 21:30:33,093 INFO  - Fetched company for recruiterId=52f3dcc7-e7bb-4419-b8a9-9cfb2a6f8b9e
2025-07-01 21:30:33,106 INFO  - Fetched company for recruiterId=52f3dcc7-e7bb-4419-b8a9-9cfb2a6f8b9e
2025-07-01 21:30:33,129 INFO  - Fetched company for recruiterId=52f3dcc7-e7bb-4419-b8a9-9cfb2a6f8b9e
2025-07-01 21:30:33,139 INFO  - Fetched company for recruiterId=52f3dcc7-e7bb-4419-b8a9-9cfb2a6f8b9e
2025-07-01 21:30:33,150 INFO  - Fetched company for recruiterId=52f3dcc7-e7bb-4419-b8a9-9cfb2a6f8b9e
2025-07-01 21:30:33,233 INFO  - Fetched all skills.
2025-07-01 21:30:47,092 INFO  - Fetched all skills.
2025-07-01 21:30:47,129 INFO  - Fetched all company names.
2025-07-01 21:30:47,147 INFO  - Fetched all company names.
2025-07-01 21:30:47,191 INFO  - Fetched company for recruiterId=3dc93452-07a2-4843-a650-c7faed6fc07c
2025-07-01 21:30:47,203 INFO  - Fetched company for recruiterId=52f3dcc7-e7bb-4419-b8a9-9cfb2a6f8b9e
2025-07-01 21:30:47,204 INFO  - Fetched company for recruiterId=585999a5-de05-4b90-bbe4-5cc916da48a2
2025-07-01 21:30:47,228 INFO  - Fetched company for recruiterId=3dc93452-07a2-4843-a650-c7faed6fc07c
2025-07-01 21:30:47,234 INFO  - Fetched company for recruiterId=585999a5-de05-4b90-bbe4-5cc916da48a2
2025-07-01 21:30:47,236 INFO  - Fetched company for recruiterId=52f3dcc7-e7bb-4419-b8a9-9cfb2a6f8b9e
2025-07-01 21:30:47,256 INFO  - Fetched company for recruiterId=585999a5-de05-4b90-bbe4-5cc916da48a2
2025-07-01 21:30:47,256 INFO  - Fetched company for recruiterId=3dc93452-07a2-4843-a650-c7faed6fc07c
2025-07-01 21:30:47,256 INFO  - Fetched company for recruiterId=52f3dcc7-e7bb-4419-b8a9-9cfb2a6f8b9e
2025-07-01 21:30:47,281 INFO  - Fetched company for recruiterId=3dc93452-07a2-4843-a650-c7faed6fc07c
2025-07-01 21:30:47,282 INFO  - Fetched company for recruiterId=585999a5-de05-4b90-bbe4-5cc916da48a2
2025-07-01 21:30:47,282 INFO  - Fetched company for recruiterId=52f3dcc7-e7bb-4419-b8a9-9cfb2a6f8b9e
2025-07-01 21:30:47,293 INFO  - Fetched company for recruiterId=585999a5-de05-4b90-bbe4-5cc916da48a2
2025-07-01 21:30:47,296 INFO  - Fetched company for recruiterId=52f3dcc7-e7bb-4419-b8a9-9cfb2a6f8b9e
2025-07-01 21:30:47,309 INFO  - Fetched company for recruiterId=585999a5-de05-4b90-bbe4-5cc916da48a2
2025-07-01 21:30:47,309 INFO  - Fetched company for recruiterId=52f3dcc7-e7bb-4419-b8a9-9cfb2a6f8b9e
2025-07-01 21:30:47,330 INFO  - Fetched company for recruiterId=52f3dcc7-e7bb-4419-b8a9-9cfb2a6f8b9e
2025-07-01 21:30:47,339 INFO  - Fetched company for recruiterId=52f3dcc7-e7bb-4419-b8a9-9cfb2a6f8b9e
2025-07-01 21:30:47,358 INFO  - Fetched company for recruiterId=52f3dcc7-e7bb-4419-b8a9-9cfb2a6f8b9e
2025-07-01 21:30:47,383 INFO  - Fetched company for recruiterId=52f3dcc7-e7bb-4419-b8a9-9cfb2a6f8b9e
2025-07-01 21:30:51,207 INFO  - Fetched company for recruiterId=3dc93452-07a2-4843-a650-c7faed6fc07c
2025-07-01 21:30:51,207 INFO  - Fetched company for recruiterId=585999a5-de05-4b90-bbe4-5cc916da48a2
2025-07-01 21:30:51,232 INFO  - Fetched company for recruiterId=52f3dcc7-e7bb-4419-b8a9-9cfb2a6f8b9e
2025-07-01 21:30:51,235 INFO  - Fetched company for recruiterId=585999a5-de05-4b90-bbe4-5cc916da48a2
2025-07-01 21:30:51,240 INFO  - Fetched company for recruiterId=52f3dcc7-e7bb-4419-b8a9-9cfb2a6f8b9e
2025-07-01 21:30:51,246 INFO  - Fetched company for recruiterId=585999a5-de05-4b90-bbe4-5cc916da48a2
2025-07-01 21:30:51,252 INFO  - Fetched company for recruiterId=52f3dcc7-e7bb-4419-b8a9-9cfb2a6f8b9e
2025-07-01 21:30:51,278 INFO  - Fetched company for recruiterId=52f3dcc7-e7bb-4419-b8a9-9cfb2a6f8b9e
2025-07-01 21:30:51,289 INFO  - Fetched company for recruiterId=52f3dcc7-e7bb-4419-b8a9-9cfb2a6f8b9e
2025-07-01 21:30:51,329 INFO  - Fetched company for recruiterId=52f3dcc7-e7bb-4419-b8a9-9cfb2a6f8b9e
2025-07-01 21:30:52,290 INFO  - Fetched company for recruiterId=3dc93452-07a2-4843-a650-c7faed6fc07c
2025-07-01 21:30:52,290 INFO  - Fetched company for recruiterId=52f3dcc7-e7bb-4419-b8a9-9cfb2a6f8b9e
2025-07-01 21:30:52,290 INFO  - Fetched company for recruiterId=585999a5-de05-4b90-bbe4-5cc916da48a2
2025-07-01 21:30:52,302 INFO  - Fetched company for recruiterId=585999a5-de05-4b90-bbe4-5cc916da48a2
2025-07-01 21:30:52,310 INFO  - Fetched company for recruiterId=585999a5-de05-4b90-bbe4-5cc916da48a2
2025-07-01 21:30:52,906 INFO  - Fetched company for recruiterId=585999a5-de05-4b90-bbe4-5cc916da48a2
2025-07-01 21:30:52,912 INFO  - Fetched company for recruiterId=52f3dcc7-e7bb-4419-b8a9-9cfb2a6f8b9e
2025-07-01 21:30:52,912 INFO  - Fetched company for recruiterId=3dc93452-07a2-4843-a650-c7faed6fc07c
2025-07-01 21:30:52,929 INFO  - Fetched company for recruiterId=585999a5-de05-4b90-bbe4-5cc916da48a2
2025-07-01 21:30:52,931 INFO  - Fetched company for recruiterId=52f3dcc7-e7bb-4419-b8a9-9cfb2a6f8b9e
2025-07-01 21:30:52,941 INFO  - Fetched company for recruiterId=585999a5-de05-4b90-bbe4-5cc916da48a2
2025-07-01 21:30:52,943 INFO  - Fetched company for recruiterId=52f3dcc7-e7bb-4419-b8a9-9cfb2a6f8b9e
2025-07-01 21:30:52,957 INFO  - Fetched company for recruiterId=52f3dcc7-e7bb-4419-b8a9-9cfb2a6f8b9e
2025-07-01 21:30:52,984 INFO  - Fetched company for recruiterId=52f3dcc7-e7bb-4419-b8a9-9cfb2a6f8b9e
2025-07-01 21:30:52,994 INFO  - Fetched company for recruiterId=52f3dcc7-e7bb-4419-b8a9-9cfb2a6f8b9e
2025-07-01 21:30:53,452 INFO  - Fetched all company names.
2025-07-01 21:30:53,489 INFO  - Fetched company for recruiterId=3dc93452-07a2-4843-a650-c7faed6fc07c
2025-07-01 21:30:53,490 INFO  - Fetched company for recruiterId=52f3dcc7-e7bb-4419-b8a9-9cfb2a6f8b9e
2025-07-01 21:30:53,490 INFO  - Fetched company for recruiterId=585999a5-de05-4b90-bbe4-5cc916da48a2
2025-07-01 21:30:53,499 INFO  - Fetched company for recruiterId=585999a5-de05-4b90-bbe4-5cc916da48a2
2025-07-01 21:30:53,500 INFO  - Fetched company for recruiterId=3dc93452-07a2-4843-a650-c7faed6fc07c
2025-07-01 21:30:53,505 INFO  - Fetched company for recruiterId=52f3dcc7-e7bb-4419-b8a9-9cfb2a6f8b9e
2025-07-01 21:30:53,528 INFO  - Fetched company for recruiterId=585999a5-de05-4b90-bbe4-5cc916da48a2
2025-07-01 21:30:53,533 INFO  - Fetched company for recruiterId=52f3dcc7-e7bb-4419-b8a9-9cfb2a6f8b9e
2025-07-01 21:30:53,541 INFO  - Fetched company for recruiterId=52f3dcc7-e7bb-4419-b8a9-9cfb2a6f8b9e
2025-07-01 21:30:53,549 INFO  - Fetched company for recruiterId=52f3dcc7-e7bb-4419-b8a9-9cfb2a6f8b9e
2025-07-01 21:41:41,478 INFO  - Token refreshed for user: muthu@gmail.com
2025-07-01 21:41:41,570 INFO  - Fetched all company names.
2025-07-01 21:41:41,604 INFO  - Fetched company for recruiterId=3dc93452-07a2-4843-a650-c7faed6fc07c
2025-07-01 21:41:41,606 INFO  - Fetched company for recruiterId=585999a5-de05-4b90-bbe4-5cc916da48a2
2025-07-01 21:41:41,607 INFO  - Fetched company for recruiterId=52f3dcc7-e7bb-4419-b8a9-9cfb2a6f8b9e
2025-07-01 21:41:41,625 INFO  - Fetched company for recruiterId=3dc93452-07a2-4843-a650-c7faed6fc07c
2025-07-01 21:41:41,684 INFO  - Fetched company for recruiterId=585999a5-de05-4b90-bbe4-5cc916da48a2
2025-07-01 21:41:41,693 INFO  - Fetched company for recruiterId=52f3dcc7-e7bb-4419-b8a9-9cfb2a6f8b9e
2025-07-01 21:41:41,696 INFO  - Fetched company for recruiterId=585999a5-de05-4b90-bbe4-5cc916da48a2
2025-07-01 21:41:41,708 INFO  - Fetched company for recruiterId=52f3dcc7-e7bb-4419-b8a9-9cfb2a6f8b9e
2025-07-01 21:41:41,777 INFO  - Fetched company for recruiterId=52f3dcc7-e7bb-4419-b8a9-9cfb2a6f8b9e
2025-07-01 21:41:41,814 INFO  - Fetched company for recruiterId=52f3dcc7-e7bb-4419-b8a9-9cfb2a6f8b9e
2025-07-01 21:44:52,913 INFO  - Fetched all skills.
2025-07-01 21:45:09,664 INFO  - Fetched all skills.
2025-07-01 21:45:10,573 INFO  - Fetched all company names.
2025-07-01 21:45:10,721 INFO  - Fetched company for recruiterId=585999a5-de05-4b90-bbe4-5cc916da48a2
2025-07-01 21:45:10,738 INFO  - Fetched company for recruiterId=3dc93452-07a2-4843-a650-c7faed6fc07c
2025-07-01 21:45:10,744 INFO  - Fetched company for recruiterId=52f3dcc7-e7bb-4419-b8a9-9cfb2a6f8b9e
2025-07-01 21:45:10,862 INFO  - Fetched company for recruiterId=3dc93452-07a2-4843-a650-c7faed6fc07c
2025-07-01 21:45:10,865 INFO  - Fetched company for recruiterId=585999a5-de05-4b90-bbe4-5cc916da48a2
2025-07-01 21:45:10,867 INFO  - Fetched company for recruiterId=52f3dcc7-e7bb-4419-b8a9-9cfb2a6f8b9e
2025-07-01 21:45:10,890 INFO  - Fetched company for recruiterId=585999a5-de05-4b90-bbe4-5cc916da48a2
2025-07-01 21:45:10,892 INFO  - Fetched company for recruiterId=52f3dcc7-e7bb-4419-b8a9-9cfb2a6f8b9e
2025-07-01 21:45:10,910 INFO  - Fetched company for recruiterId=52f3dcc7-e7bb-4419-b8a9-9cfb2a6f8b9e
2025-07-01 21:45:10,928 INFO  - Fetched company for recruiterId=52f3dcc7-e7bb-4419-b8a9-9cfb2a6f8b9e
2025-07-01 21:45:15,519 INFO  - Fetched all skills.
2025-07-01 21:45:16,250 INFO  - Fetched all company names.
2025-07-01 21:45:16,329 INFO  - Fetched company for recruiterId=585999a5-de05-4b90-bbe4-5cc916da48a2
2025-07-01 21:45:16,336 INFO  - Fetched company for recruiterId=3dc93452-07a2-4843-a650-c7faed6fc07c
2025-07-01 21:45:16,338 INFO  - Fetched company for recruiterId=52f3dcc7-e7bb-4419-b8a9-9cfb2a6f8b9e
2025-07-01 21:45:16,362 INFO  - Fetched company for recruiterId=585999a5-de05-4b90-bbe4-5cc916da48a2
2025-07-01 21:45:16,382 INFO  - Fetched company for recruiterId=3dc93452-07a2-4843-a650-c7faed6fc07c
2025-07-01 21:45:16,382 INFO  - Fetched company for recruiterId=52f3dcc7-e7bb-4419-b8a9-9cfb2a6f8b9e
2025-07-01 21:45:16,400 INFO  - Fetched company for recruiterId=585999a5-de05-4b90-bbe4-5cc916da48a2
2025-07-01 21:45:16,413 INFO  - Fetched company for recruiterId=52f3dcc7-e7bb-4419-b8a9-9cfb2a6f8b9e
2025-07-01 21:45:16,434 INFO  - Fetched company for recruiterId=52f3dcc7-e7bb-4419-b8a9-9cfb2a6f8b9e
2025-07-01 21:45:16,450 INFO  - Fetched company for recruiterId=52f3dcc7-e7bb-4419-b8a9-9cfb2a6f8b9e
2025-07-01 21:49:44,392 INFO  - Fetched all company names.
2025-07-01 21:49:44,438 INFO  - Fetched company for recruiterId=3dc93452-07a2-4843-a650-c7faed6fc07c
2025-07-01 21:49:44,441 INFO  - Fetched company for recruiterId=585999a5-de05-4b90-bbe4-5cc916da48a2
2025-07-01 21:49:44,443 INFO  - Fetched company for recruiterId=52f3dcc7-e7bb-4419-b8a9-9cfb2a6f8b9e
2025-07-01 21:49:44,460 INFO  - Fetched company for recruiterId=585999a5-de05-4b90-bbe4-5cc916da48a2
2025-07-01 21:49:44,465 INFO  - Fetched company for recruiterId=3dc93452-07a2-4843-a650-c7faed6fc07c
2025-07-01 21:49:44,466 INFO  - Fetched company for recruiterId=52f3dcc7-e7bb-4419-b8a9-9cfb2a6f8b9e
2025-07-01 21:49:44,489 INFO  - Fetched company for recruiterId=585999a5-de05-4b90-bbe4-5cc916da48a2
2025-07-01 21:49:44,495 INFO  - Fetched company for recruiterId=52f3dcc7-e7bb-4419-b8a9-9cfb2a6f8b9e
2025-07-01 21:49:44,512 INFO  - Fetched company for recruiterId=52f3dcc7-e7bb-4419-b8a9-9cfb2a6f8b9e
2025-07-01 21:49:44,527 INFO  - Fetched company for recruiterId=52f3dcc7-e7bb-4419-b8a9-9cfb2a6f8b9e
2025-07-01 22:01:58,271 INFO  - Fetched all company names.
2025-07-01 22:01:58,307 INFO  - Fetched company for recruiterId=3dc93452-07a2-4843-a650-c7faed6fc07c
2025-07-01 22:01:58,308 INFO  - Fetched company for recruiterId=585999a5-de05-4b90-bbe4-5cc916da48a2
2025-07-01 22:01:58,311 INFO  - Fetched company for recruiterId=52f3dcc7-e7bb-4419-b8a9-9cfb2a6f8b9e
2025-07-01 22:01:58,324 INFO  - Fetched company for recruiterId=585999a5-de05-4b90-bbe4-5cc916da48a2
2025-07-01 22:01:58,324 INFO  - Fetched company for recruiterId=3dc93452-07a2-4843-a650-c7faed6fc07c
2025-07-01 22:01:58,334 INFO  - Fetched company for recruiterId=52f3dcc7-e7bb-4419-b8a9-9cfb2a6f8b9e
2025-07-01 22:01:58,342 INFO  - Fetched company for recruiterId=585999a5-de05-4b90-bbe4-5cc916da48a2
2025-07-01 22:01:58,347 INFO  - Fetched company for recruiterId=52f3dcc7-e7bb-4419-b8a9-9cfb2a6f8b9e
2025-07-01 22:01:58,358 INFO  - Fetched company for recruiterId=52f3dcc7-e7bb-4419-b8a9-9cfb2a6f8b9e
2025-07-01 22:01:58,369 INFO  - Fetched company for recruiterId=52f3dcc7-e7bb-4419-b8a9-9cfb2a6f8b9e
2025-07-01 22:05:58,151 INFO  - Fetched all company names.
2025-07-01 22:05:58,240 INFO  - Fetched company for recruiterId=585999a5-de05-4b90-bbe4-5cc916da48a2
2025-07-01 22:05:58,242 INFO  - Fetched company for recruiterId=52f3dcc7-e7bb-4419-b8a9-9cfb2a6f8b9e
2025-07-01 22:05:58,242 INFO  - Fetched company for recruiterId=3dc93452-07a2-4843-a650-c7faed6fc07c
2025-07-01 22:05:58,275 INFO  - Fetched company for recruiterId=585999a5-de05-4b90-bbe4-5cc916da48a2
2025-07-01 22:05:58,283 INFO  - Fetched company for recruiterId=3dc93452-07a2-4843-a650-c7faed6fc07c
2025-07-01 22:05:58,287 INFO  - Fetched company for recruiterId=52f3dcc7-e7bb-4419-b8a9-9cfb2a6f8b9e
2025-07-01 22:05:58,316 INFO  - Fetched company for recruiterId=585999a5-de05-4b90-bbe4-5cc916da48a2
2025-07-01 22:05:58,329 INFO  - Fetched company for recruiterId=52f3dcc7-e7bb-4419-b8a9-9cfb2a6f8b9e
2025-07-01 22:05:58,347 INFO  - Fetched company for recruiterId=52f3dcc7-e7bb-4419-b8a9-9cfb2a6f8b9e
2025-07-01 22:05:58,372 INFO  - Fetched company for recruiterId=52f3dcc7-e7bb-4419-b8a9-9cfb2a6f8b9e
2025-07-01 22:14:59,321 INFO  - Token refreshed for user: muthu@gmail.com
2025-07-01 22:16:27,076 INFO  - Fetched all company names.
2025-07-01 22:16:27,162 INFO  - Fetched company for recruiterId=585999a5-de05-4b90-bbe4-5cc916da48a2
2025-07-01 22:16:27,162 INFO  - Fetched company for recruiterId=3dc93452-07a2-4843-a650-c7faed6fc07c
2025-07-01 22:16:27,175 INFO  - Fetched company for recruiterId=52f3dcc7-e7bb-4419-b8a9-9cfb2a6f8b9e
2025-07-01 22:16:27,177 INFO  - Fetched company for recruiterId=3dc93452-07a2-4843-a650-c7faed6fc07c
2025-07-01 22:16:27,178 INFO  - Fetched company for recruiterId=585999a5-de05-4b90-bbe4-5cc916da48a2
2025-07-01 22:16:27,197 INFO  - Fetched company for recruiterId=585999a5-de05-4b90-bbe4-5cc916da48a2
2025-07-01 22:16:27,200 INFO  - Fetched company for recruiterId=52f3dcc7-e7bb-4419-b8a9-9cfb2a6f8b9e
2025-07-01 22:16:27,208 INFO  - Fetched company for recruiterId=52f3dcc7-e7bb-4419-b8a9-9cfb2a6f8b9e
2025-07-01 22:16:27,219 INFO  - Fetched company for recruiterId=52f3dcc7-e7bb-4419-b8a9-9cfb2a6f8b9e
2025-07-01 22:16:27,225 INFO  - Fetched company for recruiterId=52f3dcc7-e7bb-4419-b8a9-9cfb2a6f8b9e
2025-07-01 22:16:33,002 INFO  - Fetched all company names.
2025-07-01 22:24:28,168 INFO  - Fetched all company names.
2025-07-01 22:24:28,217 INFO  - Fetched company for recruiterId=585999a5-de05-4b90-bbe4-5cc916da48a2
2025-07-01 22:24:28,220 INFO  - Fetched company for recruiterId=3dc93452-07a2-4843-a650-c7faed6fc07c
2025-07-01 22:24:28,225 INFO  - Fetched company for recruiterId=52f3dcc7-e7bb-4419-b8a9-9cfb2a6f8b9e
2025-07-01 22:24:28,230 INFO  - Fetched company for recruiterId=585999a5-de05-4b90-bbe4-5cc916da48a2
2025-07-01 22:24:28,230 INFO  - Fetched company for recruiterId=3dc93452-07a2-4843-a650-c7faed6fc07c
2025-07-01 22:24:28,236 INFO  - Fetched company for recruiterId=52f3dcc7-e7bb-4419-b8a9-9cfb2a6f8b9e
2025-07-01 22:24:28,241 INFO  - Fetched company for recruiterId=585999a5-de05-4b90-bbe4-5cc916da48a2
2025-07-01 22:24:28,248 INFO  - Fetched company for recruiterId=52f3dcc7-e7bb-4419-b8a9-9cfb2a6f8b9e
2025-07-01 22:24:28,258 INFO  - Fetched company for recruiterId=52f3dcc7-e7bb-4419-b8a9-9cfb2a6f8b9e
2025-07-01 22:24:28,268 INFO  - Fetched company for recruiterId=52f3dcc7-e7bb-4419-b8a9-9cfb2a6f8b9e
2025-07-01 23:14:22,467 INFO  - Token refreshed for user: muthu@gmail.com
2025-07-01 23:14:22,520 INFO  - Fetched all company names.
2025-07-01 23:14:22,527 INFO  - Fetched company for recruiterId=585999a5-de05-4b90-bbe4-5cc916da48a2
2025-07-01 23:14:22,531 INFO  - Fetched company for recruiterId=3dc93452-07a2-4843-a650-c7faed6fc07c
2025-07-01 23:14:22,535 INFO  - Fetched company for recruiterId=585999a5-de05-4b90-bbe4-5cc916da48a2
2025-07-01 23:14:22,536 INFO  - Fetched company for recruiterId=52f3dcc7-e7bb-4419-b8a9-9cfb2a6f8b9e
2025-07-01 23:14:22,540 INFO  - Fetched company for recruiterId=3dc93452-07a2-4843-a650-c7faed6fc07c
2025-07-01 23:14:22,543 INFO  - Fetched company for recruiterId=585999a5-de05-4b90-bbe4-5cc916da48a2
2025-07-01 23:14:22,544 INFO  - Fetched company for recruiterId=52f3dcc7-e7bb-4419-b8a9-9cfb2a6f8b9e
2025-07-01 23:14:22,553 INFO  - Fetched company for recruiterId=52f3dcc7-e7bb-4419-b8a9-9cfb2a6f8b9e
2025-07-01 23:14:22,561 INFO  - Fetched company for recruiterId=52f3dcc7-e7bb-4419-b8a9-9cfb2a6f8b9e
2025-07-01 23:14:22,569 INFO  - Fetched company for recruiterId=52f3dcc7-e7bb-4419-b8a9-9cfb2a6f8b9e
